Timestamp,Motor,Steering,CamPitch,CamYaw,AccelX,AccelY,AccelZ,GyroX,GyroY,GyroZ,ToF
[16:24:44.846],0.00,0.00,-0.00,0.00,0.01,0.00,1.04,0.92,0.73,1.46,1923.00
[16:24:44.846],0.00,0.00,-0.00,0.00,0.01,-0.00,1.04,0.85,0.73,1.40,1923.00
[16:24:44.846],0.00,0.00,-0.00,0.00,0.01,0.00,1.04,0.85,0.73,1.46,1923.00
[16:24:44.846],0.00,0.00,-0.00,0.00,0.01,0.00,1.04,0.79,0.79,1.40,1933.00
[16:24:44.867],0.00,0.00,-0.00,0.00,0.01,-0.00,1.04,0.79,0.67,1.46,2857.00
[16:24:44.892],0.00,0.00,-0.00,0.00,0.01,-0.00,1.04,0.79,0.67,1.46,2455.00
[16:24:44.919],0.00,0.00,-0.00,0.00,0.01,-0.00,1.04,0.79,0.79,1.53,2455.00
[16:24:44.944],0.00,0.00,-0.00,0.00,0.01,0.00,1.04,0.85,0.73,1.46,2962.00
[16:24:44.965],0.00,0.00,-0.00,0.00,0.01,-0.00,1.04,0.73,0.67,1.40,2962.00
[16:24:44.991],0.00,0.00,-0.00,0.00,0.01,-0.00,1.04,0.73,0.85,1.46,3506.00
[16:24:45.017],0.00,0.00,-0.00,0.00,0.01,0.00,1.04,0.79,0.79,1.46,3506.00
[16:24:45.043],0.00,0.00,-0.00,0.00,0.01,0.00,1.04,0.73,0.73,1.46,2591.00
[16:24:45.069],0.00,0.00,-0.00,0.00,0.00,0.00,1.04,0.85,0.73,1.53,2591.00
[16:24:45.094],0.00,0.00,-0.00,0.00,0.00,0.00,1.04,0.85,0.73,1.53,2431.00
[16:24:45.120],0.00,0.00,-0.00,0.00,0.01,-0.00,1.04,0.79,0.73,1.46,2431.00
[16:24:45.146],0.00,0.00,-0.00,0.00,0.01,-0.00,1.04,0.79,0.79,1.46,2087.00
[16:24:45.172],0.00,0.00,-0.00,0.00,0.01,-0.00,1.04,0.85,0.73,1.40,2087.00
[16:24:45.193],0.00,0.00,-0.00,0.00,0.01,-0.00,1.04,0.79,0.73,1.46,2087.00
[16:24:45.219],0.00,0.00,-0.00,0.00,0.01,0.00,1.04,0.85,0.67,1.46,3356.00
[16:24:45.244],0.00,0.00,-0.00,0.00,0.01,0.00,1.04,0.85,0.67,1.53,3356.00
[16:24:45.270],0.00,0.00,-0.00,0.00,0.00,-0.00,1.04,0.67,0.79,1.46,3191.00
[16:24:45.296],0.00,0.00,-0.00,0.00,0.00,-0.00,1.04,0.67,0.79,1.46,3191.00
[16:24:45.322],0.00,0.00,-0.00,0.00,0.00,-0.00,1.04,0.85,0.79,1.53,2225.00
[16:24:45.348],0.00,0.00,-0.00,0.00,0.01,-0.00,1.04,0.67,0.73,1.46,2225.00
[16:24:45.374],0.00,0.00,-0.00,0.00,0.00,0.00,1.04,0.85,0.73,1.53,1976.00
[16:24:45.400],0.00,0.00,-0.00,0.00,0.01,0.00,1.04,0.85,0.79,1.40,1976.00
[16:24:45.420],0.00,0.00,-0.00,0.00,0.01,0.00,1.04,0.85,0.67,1.40,3454.00
[16:24:45.446],0.00,0.00,-0.00,0.00,0.01,-0.00,1.04,0.79,0.73,1.46,3454.00
[16:24:45.477],0.00,0.00,-0.00,0.00,0.01,-0.00,1.04,0.79,0.73,1.40,1881.00
[16:24:45.498],0.00,0.00,-0.00,0.00,0.01,-0.00,1.04,0.79,0.73,1.40,1881.00
[16:24:45.524],0.00,0.00,-0.00,0.00,0.01,0.00,1.04,0.67,0.61,1.46,2579.00
[16:24:45.550],0.00,0.00,-0.00,0.00,0.01,0.00,1.04,0.79,0.73,1.40,2579.00
[16:24:45.576],0.00,0.00,-0.00,0.00,0.01,-0.00,1.04,0.73,0.67,1.40,3048.00
[16:24:45.602],0.00,0.00,-0.00,0.00,0.01,-0.00,1.04,0.73,0.67,1.46,3048.00
[16:24:45.628],0.00,0.00,-0.00,0.00,0.00,0.00,1.04,0.79,0.61,1.40,2911.00
[16:24:45.649],0.00,0.00,-0.00,0.00,0.01,-0.00,1.04,0.73,0.79,1.34,2911.00
[16:24:45.680],0.00,0.00,-0.00,0.00,0.01,-0.00,1.04,0.79,0.67,1.40,2825.00
[16:24:45.706],0.00,0.00,-0.00,0.00,0.01,-0.00,1.04,0.79,0.67,1.40,2825.00
[16:24:45.727],0.00,0.00,-0.00,0.00,0.01,-0.00,1.04,0.79,0.67,1.40,2697.00
[16:24:45.752],0.00,0.00,-0.00,0.00,0.01,0.00,1.04,0.79,0.79,1.46,2697.00
[16:24:45.778],0.00,0.00,-0.00,0.00,0.00,-0.00,1.04,0.85,0.79,1.40,3093.00
[16:24:45.804],0.00,0.00,-0.00,0.00,0.01,-0.00,1.04,0.79,0.79,1.46,3093.00
[16:24:45.830],0.00,0.00,-0.00,0.00,0.01,0.00,1.04,0.73,0.73,1.40,2689.00
[16:24:45.856],0.00,0.00,-0.00,0.00,0.00,0.00,1.04,0.79,0.67,1.40,2689.00
[16:24:45.877],0.00,0.00,-0.00,0.00,0.00,0.00,1.04,0.79,0.67,1.40,2433.00
[16:24:45.903],0.00,0.00,-0.00,0.00,0.01,-0.00,1.04,0.85,0.67,1.46,2433.00
[16:24:45.929],0.00,0.00,-0.00,0.00,0.00,-0.00,1.04,0.73,0.79,1.46,2690.00
[16:24:45.955],0.00,0.00,-0.00,0.00,0.01,0.00,1.04,0.79,0.73,1.40,2690.00
[16:24:45.981],0.00,0.00,-0.00,0.00,0.00,-0.00,1.04,0.73,0.67,1.40,3207.00
[16:24:46.001],0.00,0.00,-0.00,0.00,0.01,0.00,1.04,0.79,0.73,1.46,3207.00
[16:24:46.028],0.00,0.00,-0.00,0.00,0.01,0.00,1.04,0.79,0.79,1.53,2244.00
[16:24:46.054],0.00,0.00,-0.00,0.00,0.01,0.00,1.04,0.79,0.79,1.40,2244.00
[16:24:46.080],0.00,0.00,-0.00,0.00,0.01,0.00,1.04,0.79,0.79,1.40,2791.00
[16:24:46.106],0.00,0.00,-0.00,0.00,0.01,0.00,1.04,0.85,0.79,1.40,2791.00
[16:24:46.132],0.00,0.00,-0.00,0.00,0.00,-0.00,1.04,0.79,0.73,1.46,2483.00
[16:24:46.153],0.00,0.00,-0.00,0.00,0.01,0.00,1.04,0.85,0.73,1.46,2483.00
[16:24:46.179],0.00,0.00,-0.00,0.00,0.01,0.00,1.04,0.79,0.79,1.40,2848.00
[16:24:46.205],0.00,0.00,-0.00,0.00,0.01,-0.00,1.04,0.79,0.61,1.46,2848.00
[16:24:46.231],0.00,0.00,-0.00,0.00,0.00,-0.00,1.04,0.79,0.85,1.34,2559.00
[16:24:46.257],0.00,0.00,-0.00,0.00,0.00,-0.00,1.04,0.79,0.79,1.53,2559.00
[16:24:46.283],0.00,0.00,-0.00,0.00,0.00,-0.00,1.04,0.79,0.79,1.53,2719.00
[16:24:46.309],0.00,0.00,-0.00,0.00,0.01,0.00,1.04,0.85,0.73,1.40,2719.00
[16:24:46.335],0.00,0.00,-0.00,0.00,0.01,-0.00,1.04,0.85,0.73,1.46,3575.00
[16:24:46.360],0.00,0.00,-0.00,0.00,0.01,-0.00,1.04,0.73,0.79,1.53,3575.00
[16:24:46.382],0.00,0.00,-0.00,0.00,0.00,-0.00,1.04,0.79,0.79,1.46,2378.00
[16:24:46.408],0.00,0.00,-0.00,0.00,0.01,0.00,1.04,0.79,0.67,1.40,2378.00
[16:24:46.434],0.00,0.00,-0.00,0.00,0.01,-0.00,1.04,0.79,0.67,1.46,2485.00
[16:24:46.460],0.00,0.00,-0.00,0.00,0.01,-0.00,1.04,0.79,0.67,1.46,2485.00
[16:24:46.486],0.00,0.00,-0.00,0.00,0.00,-0.00,1.04,0.67,0.67,1.40,3316.00
[16:24:46.507],0.00,0.00,-0.00,0.00,0.01,0.00,1.04,0.73,0.79,1.40,3316.00
[16:24:46.533],0.00,0.00,-0.00,0.00,0.01,0.00,1.04,0.73,0.67,1.46,3164.00
[16:24:46.559],0.00,0.00,-0.00,0.00,0.01,-0.00,1.04,0.67,0.79,1.40,3164.00
[16:24:46.585],0.00,0.00,-0.00,0.00,0.01,0.00,1.04,0.67,0.85,1.46,2698.00
[16:24:46.606],0.00,0.00,-0.00,0.00,0.00,-0.00,1.04,0.79,0.73,1.40,2698.00
[16:24:46.637],0.00,0.00,-0.00,0.00,0.01,-0.00,1.04,0.79,0.67,1.40,2932.00
[16:24:46.658],0.00,0.00,-0.00,0.00,0.01,-0.00,1.04,0.79,0.67,1.40,2932.00
[16:24:46.684],0.00,0.00,-0.00,0.00,0.01,0.00,1.04,0.73,0.73,1.40,2108.00
[16:24:46.710],0.00,0.00,-0.00,0.00,0.01,-0.00,1.04,0.79,0.67,1.34,2108.00
[16:24:46.736],0.00,0.00,-0.00,0.00,0.01,-0.00,1.04,0.67,0.67,1.34,2570.00
[16:24:46.762],0.00,0.00,-0.00,0.00,0.01,0.00,1.04,0.85,0.67,1.40,2570.00
[16:24:46.787],0.00,0.00,-0.00,0.00,0.00,-0.00,1.04,0.79,0.73,1.46,2997.00
[16:24:46.809],0.00,0.00,-0.00,0.00,0.00,-0.00,1.04,0.79,0.73,1.40,2997.00
[16:24:46.840],0.00,0.00,-0.00,0.00,0.01,-0.00,1.04,0.79,0.79,1.53,2602.00
[16:24:46.866],0.00,0.00,-0.00,0.00,0.01,0.00,1.04,0.79,0.73,1.40,2602.00
[16:24:46.891],0.00,0.00,-0.00,0.00,0.01,0.00,1.04,0.79,0.73,1.40,3671.00
[16:24:46.917],0.00,0.00,-0.00,0.00,0.00,0.00,1.04,0.67,0.73,1.53,3671.00
[16:24:46.943],0.00,0.00,-0.00,0.00,0.01,-0.00,1.04,0.98,0.73,1.53,3463.00
[16:24:46.969],0.00,0.00,-0.00,0.00,0.01,0.00,1.04,0.73,0.67,1.53,3463.00
[16:24:46.995],0.00,0.00,-0.00,0.00,0.01,-0.00,1.04,0.85,0.73,1.46,3185.00
[16:24:47.016],0.00,0.00,-0.00,0.00,0.01,-0.00,1.04,0.73,0.67,1.53,3185.00
[16:24:47.041],0.00,0.00,-0.00,0.00,0.01,-0.00,1.04,0.92,0.85,1.40,3185.00
[16:24:47.067],0.00,0.00,-0.00,0.00,0.01,-0.00,1.04,0.92,0.85,1.40,3113.00
[16:24:47.093],0.00,0.00,-0.00,0.00,0.01,-0.00,1.04,0.79,0.79,1.40,3113.00
[16:24:47.119],0.00,0.00,-0.00,0.00,0.01,-0.00,1.04,0.67,0.79,1.53,2839.00
[16:24:47.145],0.00,0.00,-0.00,0.00,0.00,-0.00,1.04,0.79,0.73,1.53,2839.00
[16:24:47.166],0.00,0.00,-0.00,0.00,0.01,-0.00,1.04,0.73,0.73,1.46,2962.00
[16:24:47.192],0.00,0.00,-0.00,0.00,0.01,-0.00,1.04,0.92,0.67,1.40,2962.00
[16:24:47.218],0.23,0.00,-0.00,0.00,0.01,-0.00,1.04,0.79,0.73,1.46,2623.00
[16:24:47.244],0.89,0.00,-0.00,0.00,0.01,-0.00,1.04,0.85,0.79,1.34,2623.00
[16:24:47.270],1.00,0.00,-0.00,0.00,0.01,-0.00,1.04,0.85,0.79,1.34,2707.00
[16:24:47.296],1.00,0.00,-0.00,0.00,0.02,-0.15,1.07,-0.12,1.22,1.34,2707.00
[16:24:47.317],1.00,0.00,-0.00,0.00,0.00,-0.23,1.03,0.92,0.06,2.50,3428.00
[16:24:47.343],1.00,0.00,-0.00,0.00,0.02,-0.19,1.04,0.37,1.04,1.53,3428.00
[16:24:47.369],1.00,0.00,-0.00,0.00,0.00,-0.22,1.02,-0.37,1.89,1.95,3188.00
[16:24:47.395],1.00,0.00,-0.00,0.00,0.02,-0.18,1.04,0.24,0.43,1.89,3188.00
[16:24:47.421],1.00,0.00,-0.00,0.00,-0.01,-0.18,1.06,0.73,0.67,1.77,3092.00
[16:24:47.447],1.00,0.00,-0.00,0.00,-0.01,-0.18,1.06,0.73,0.67,1.77,3092.00
[16:24:47.468],1.00,0.00,-0.00,0.00,0.00,-0.19,1.07,0.37,2.26,1.89,2799.00
[16:24:47.494],1.00,0.00,-0.00,0.00,-0.02,-0.11,0.98,0.43,1.04,2.26,2799.00
[16:24:47.520],1.00,0.00,-0.00,0.00,-0.00,-0.15,1.04,0.92,1.16,2.75,2221.00
[16:24:47.545],1.00,0.00,-0.00,0.00,0.01,-0.15,0.99,-0.79,-2.62,2.01,2221.00
[16:24:47.571],1.00,0.00,-0.00,0.00,0.01,-0.12,1.01,0.31,2.26,2.20,2630.00
[16:24:47.592],1.00,0.00,-0.00,0.00,-0.02,-0.12,0.98,0.61,3.60,2.26,2630.00
[16:24:47.623],1.00,0.00,-0.00,0.00,0.00,-0.13,1.04,2.50,0.18,1.28,2941.00
[16:24:47.644],1.00,0.00,-0.00,0.00,0.00,-0.13,1.04,2.50,0.18,1.28,2941.00
[16:24:47.670],1.00,0.00,-0.00,0.00,0.00,-0.09,1.07,5.74,-4.33,0.92,2382.00
[16:24:47.696],1.00,0.00,-0.00,0.00,0.06,-0.11,0.98,-0.31,2.93,2.20,2382.00
[16:24:47.721],1.00,0.00,-0.00,0.00,0.00,-0.12,0.95,2.69,2.93,1.89,3247.00
[16:24:47.748],1.00,0.00,-0.00,0.00,-0.01,-0.05,1.19,2.81,0.67,2.38,3247.00
[16:24:47.773],1.00,0.00,-0.00,0.00,0.02,-0.09,0.81,-0.98,-4.03,1.77,3205.00
[16:24:47.794],1.00,0.27,-0.00,0.00,-0.05,-0.13,0.97,2.50,6.29,3.97,3205.00
[16:24:47.825],1.00,0.79,-0.00,0.00,0.06,-0.08,1.14,1.16,-2.01,2.69,3083.00
[16:24:47.851],1.00,0.98,-0.00,0.00,0.06,-0.08,1.14,1.16,-2.01,2.69,3083.00
[16:24:47.877],1.00,1.00,-0.00,0.00,-0.12,0.00,0.98,2.20,1.28,4.52,2763.00
[16:24:47.897],1.00,1.00,-0.00,0.00,-0.17,-0.13,1.07,-0.79,7.02,-4.03,2763.00
[16:24:47.923],1.00,1.00,-0.00,0.00,-0.24,-0.08,1.01,-3.30,-10.07,-12.82,3281.00
[16:24:47.949],1.00,1.00,-0.00,0.00,-0.34,-0.01,0.87,1.40,12.45,-29.24,3281.00
[16:24:47.975],1.00,1.00,-0.00,0.00,-0.21,-0.06,1.06,2.81,-5.92,-40.47,2724.00
[16:24:48.001],1.00,1.00,-0.00,0.00,-0.24,0.00,1.11,1.65,7.14,-51.21,2724.00
[16:24:48.022],1.00,1.00,-0.00,0.00,-0.24,0.00,1.11,1.65,7.14,-51.21,3159.00
[16:24:48.048],1.00,1.00,-0.00,0.00,-0.25,-0.04,1.08,-0.49,-0.24,-61.10,3159.00
[16:24:48.074],1.00,1.00,-0.00,0.00,-0.06,-0.02,0.76,-2.14,10.38,-62.32,2939.00
[16:24:48.100],1.00,1.00,-0.00,0.00,-0.22,-0.01,1.27,-2.50,2.32,-58.72,2939.00
[16:24:48.127],1.00,1.00,-0.00,0.00,-0.21,-0.08,0.87,4.46,-2.20,-62.87,2665.00
[16:24:48.147],1.00,1.00,-0.00,0.00,-0.12,0.04,0.98,-10.38,-2.26,-67.57,2665.00
[16:24:48.173],1.00,1.00,-0.00,0.00,-0.01,0.02,0.96,3.54,2.75,-66.35,3226.00
[16:24:48.200],1.00,1.00,-0.00,0.00,-0.18,-0.04,1.03,-7.69,3.48,-61.28,3226.00
[16:24:48.226],1.00,1.00,-0.00,0.00,-0.18,-0.04,1.03,-7.69,3.48,-61.28,3174.00
[16:24:48.252],1.00,1.00,-0.00,0.00,-0.19,-0.07,0.96,7.02,6.90,-65.49,3174.00
[16:24:48.278],1.00,1.00,-0.00,0.00,-0.13,0.03,1.28,-2.69,-2.75,-70.31,3218.00
[16:24:48.299],1.00,1.00,-0.00,0.00,-0.04,-0.01,0.95,1.83,20.57,-72.20,3218.00
[16:24:48.325],1.00,1.00,-0.00,0.00,-0.18,-0.06,0.96,-6.59,-5.43,-68.91,2475.00
[16:24:48.351],1.00,1.00,-0.00,0.00,-0.17,-0.01,1.06,8.06,-6.23,-72.39,2475.00
[16:24:48.377],1.00,1.00,-0.00,0.00,-0.17,0.02,1.07,-1.04,9.40,-70.43,2475.00
[16:24:48.403],1.00,1.00,-0.00,0.00,-0.16,0.04,1.18,-0.06,2.26,-71.84,2216.00
[16:24:48.429],1.00,1.00,-0.00,0.00,-0.16,0.04,1.18,-0.06,2.26,-71.84,2064.00
[16:24:48.454],1.00,1.00,-0.00,0.00,-0.17,-0.01,0.93,1.83,-1.04,-71.23,2064.00
[16:24:48.480],1.00,1.00,-0.00,0.00,-0.16,-0.02,1.12,-0.61,1.89,-74.52,2037.00
[16:24:48.507],1.00,1.00,-0.00,0.00,-0.18,0.02,1.14,4.21,6.65,-73.73,2037.00
[16:24:48.527],1.00,1.00,-0.00,0.00,-0.19,0.02,1.05,-1.77,5.25,-79.59,2037.00
[16:24:48.553],1.00,1.00,-0.00,0.00,-0.10,-0.01,0.83,-4.94,-0.49,-80.81,2037.00
[16:24:48.579],1.00,1.00,-0.00,0.00,-0.09,-0.02,1.25,4.70,3.48,-73.85,2037.00
[16:24:48.605],1.00,1.00,-0.00,0.00,-0.09,-0.02,1.25,4.70,3.48,-73.85,1862.00
[16:24:48.631],1.00,1.00,-0.00,0.00,-0.15,-0.06,0.97,-4.52,4.94,-77.51,1862.00
[16:24:48.652],1.00,1.00,-0.00,0.00,-0.15,0.06,1.17,1.28,-3.85,-80.81,1862.00
[16:24:48.678],1.00,1.00,-0.00,0.00,-0.18,0.04,0.89,-3.05,11.78,-78.19,1862.00
[16:24:48.704],1.00,1.00,-0.00,0.00,-0.21,0.01,0.95,-0.73,-13.73,-76.84,1535.00
[16:24:48.730],1.00,1.00,-0.00,0.00,-0.27,0.09,1.24,-1.40,7.20,-83.62,1535.00
[16:24:48.756],1.00,1.00,-0.00,0.00,-0.09,0.03,0.78,0.12,-1.22,-84.29,1535.00
[16:24:48.781],0.22,0.94,-0.00,0.00,-0.18,-0.10,1.22,-1.95,1.59,-80.20,1535.00
[16:24:48.807],0.00,0.74,-0.00,0.00,-0.18,-0.10,1.22,-1.95,1.59,-80.20,1342.00
[16:24:48.833],0.00,0.23,-0.00,0.00,-0.22,0.00,1.22,4.03,-1.40,-81.85,1342.00
[16:24:48.854],0.00,0.00,-0.00,0.00,-0.04,0.17,0.76,1.28,10.13,-82.82,1385.00
[16:24:48.880],0.00,0.00,-0.00,0.00,-0.13,0.21,1.33,-7.26,1.59,-77.88,1385.00
[16:24:48.906],0.00,0.00,-0.00,0.00,-0.06,0.18,0.90,8.54,-4.58,-72.45,1385.00
[16:24:48.931],0.00,0.00,-0.00,0.00,0.22,0.14,0.78,-5.19,3.66,-56.76,1385.00
[16:24:48.957],0.00,0.00,-0.00,0.00,0.19,0.08,1.11,-2.93,-0.55,-34.55,1446.00
[16:24:48.983],0.00,0.00,-0.00,0.00,0.19,0.08,1.11,-2.93,-0.55,-34.55,1446.00
[16:24:49.004],0.00,0.00,-0.00,0.00,0.16,0.11,0.72,5.43,-2.99,-15.62,1446.00
[16:24:49.030],0.00,0.00,-0.00,0.00,0.19,0.18,1.13,0.24,0.49,-4.09,1446.00
[16:24:49.056],0.00,0.00,-0.00,0.00,0.03,0.06,0.92,-1.22,4.15,3.97,1531.00
[16:24:49.082],0.00,0.00,-0.00,0.00,0.00,0.15,1.12,0.55,3.85,4.39,1531.00
[16:24:49.108],-0.48,0.00,-0.00,0.00,-0.00,0.07,1.02,-0.31,-2.81,3.17,1531.00
[16:24:49.134],-1.00,0.00,-0.00,0.00,0.01,0.11,0.86,4.27,-4.15,1.28,1531.00
[16:24:49.160],-1.00,0.00,-0.00,0.00,0.03,0.13,1.19,-3.85,1.16,1.16,1452.00
[16:24:49.186],-1.00,0.00,-0.00,0.00,0.03,0.13,1.19,-3.85,1.16,1.16,1452.00
[16:24:49.207],-1.00,0.00,-0.00,0.00,-0.00,0.09,1.13,3.23,4.82,1.22,1452.00
[16:24:49.233],-1.00,0.00,-0.00,0.00,-0.04,0.09,1.02,0.43,-3.11,0.31,1452.00
[16:24:49.259],-1.00,0.00,-0.00,0.00,0.02,0.09,0.96,2.62,-1.40,1.53,1529.00
[16:24:49.285],-1.00,0.00,-0.00,0.00,0.00,0.11,1.17,5.49,1.71,1.53,1529.00
[16:24:49.311],-1.00,0.00,-0.00,0.00,0.01,0.13,1.02,-4.09,-1.04,2.69,1525.00
[16:24:49.332],0.00,0.00,-0.00,0.00,0.05,0.09,0.93,3.54,4.52,1.65,1525.00
[16:24:49.358],0.00,0.00,-0.00,0.00,0.05,0.09,0.93,3.54,4.52,1.65,1525.00
[16:24:49.384],0.00,0.00,-0.00,0.00,-0.02,0.09,1.12,-2.75,5.68,4.21,1525.00
[16:24:49.410],0.00,0.00,-0.00,0.00,0.01,0.10,1.02,-0.12,0.24,3.11,1607.00
[16:24:49.436],-0.21,0.00,-0.00,0.00,-0.05,0.15,1.00,2.38,2.62,3.66,1607.00
[16:24:49.457],-1.00,0.00,-0.00,0.00,-0.03,0.05,0.97,-1.89,-3.36,0.79,1607.00
[16:24:49.483],-1.00,0.00,-0.00,0.00,0.06,0.12,1.17,3.78,-2.08,1.59,1607.00
[16:24:49.509],-1.00,0.00,-0.00,0.00,0.04,0.37,1.04,-0.24,0.79,1.22,1619.00
[16:24:49.535],-1.00,0.00,-0.00,0.00,0.00,0.35,1.02,0.43,1.10,2.50,1619.00
[16:24:49.561],-1.00,0.00,-0.00,0.00,0.00,0.35,1.02,0.43,1.10,2.50,1619.00
[16:24:49.587],-1.00,0.00,-0.00,0.00,0.00,0.36,1.07,1.46,1.83,2.56,1619.00
[16:24:49.608],-1.00,0.00,-0.00,0.00,-0.01,0.28,1.05,0.79,1.34,1.77,1693.00
[16:24:49.634],-1.00,0.00,-0.00,0.00,-0.00,0.31,1.06,1.46,1.16,1.71,1693.00
[16:24:49.660],-1.00,0.00,-0.00,0.00,0.01,0.17,0.99,-0.31,-0.24,1.28,1879.00
[16:24:49.686],-1.00,0.00,-0.00,0.00,0.01,0.06,1.03,0.18,0.49,1.34,1879.00
[16:24:49.712],-1.00,0.00,-0.00,0.00,0.01,0.15,1.06,1.16,-0.12,1.46,1879.00
[16:24:49.733],-1.00,0.00,-0.00,0.00,0.01,0.15,1.06,1.16,-0.12,1.46,1879.00
[16:24:49.759],-1.00,0.00,-0.00,0.00,0.01,0.07,1.05,0.85,0.18,1.34,1879.00
[16:24:49.785],-1.00,-0.15,-0.00,0.00,-0.00,0.10,1.04,1.04,0.06,1.28,1793.00
[16:24:49.811],-1.00,-0.41,-0.00,0.00,0.02,0.09,1.04,0.73,0.31,1.53,1793.00
[16:24:49.837],-1.00,-0.51,-0.00,0.00,0.00,0.05,1.02,1.28,0.67,0.98,1780.00
[16:24:49.858],-1.00,-0.88,-0.00,0.00,-0.04,0.04,1.03,0.73,0.73,-0.24,1780.00
[16:24:49.884],-1.00,-1.00,-0.00,0.00,-0.04,0.07,1.06,1.95,1.65,-3.30,1780.00
[16:24:49.915],-1.00,-1.00,-0.00,0.00,-0.04,0.05,1.06,1.04,2.14,-7.08,1780.00
[16:24:49.936],-1.00,-1.00,-0.00,0.00,-0.04,0.05,1.06,1.04,2.14,-7.08,1577.00
[16:24:49.962],-1.00,-1.00,-0.00,0.00,-0.05,0.04,1.06,0.67,1.28,-11.72,1577.00
[16:24:49.988],-1.00,-1.00,-0.00,0.00,-0.05,0.02,1.06,-0.55,3.17,-15.99,2193.00
[16:24:50.014],-1.00,-1.00,-0.00,0.00,-0.02,0.03,1.03,0.06,3.36,-17.76,2193.00
[16:24:50.039],-1.00,-1.00,-0.00,0.00,-0.01,0.05,1.05,0.92,2.38,-19.96,2193.00
[16:24:50.060],-1.00,-1.00,-0.00,0.00,-0.01,0.05,1.02,0.73,1.83,-20.51,2193.00
[16:24:50.086],-1.00,-1.00,-0.00,0.00,0.01,0.06,1.02,2.26,2.75,-21.97,2218.00
[16:24:50.112],-1.00,-1.00,-0.00,0.00,0.01,0.06,1.02,2.26,2.75,-21.97,2218.00
[16:24:50.138],-1.00,-1.00,-0.00,0.00,0.00,0.03,1.10,1.46,0.73,-24.72,3063.00
[16:24:50.164],-1.00,-1.00,-0.00,0.00,-0.01,0.04,1.03,-0.24,1.04,-24.05,3063.00
[16:24:50.185],-1.00,-1.00,-0.00,0.00,-0.01,0.04,1.05,0.79,0.12,-25.27,2883.00
[16:24:50.211],-1.00,-1.00,-0.00,0.00,0.02,0.02,1.06,-0.31,-0.85,-24.96,2883.00
[16:24:50.237],-1.00,-1.00,-0.00,0.00,0.00,0.05,0.98,0.18,-3.17,-25.33,3392.00
[16:24:50.263],-1.00,-1.00,-0.00,0.00,-0.02,0.05,0.96,1.95,-1.89,-26.31,3392.00
[16:24:50.289],-1.00,-1.00,-0.00,0.00,0.03,0.03,1.09,0.85,2.50,-27.04,3378.00
[16:24:50.315],-1.00,-1.00,-0.00,0.00,0.03,0.03,1.09,0.85,2.50,-27.04,3378.00
[16:24:50.340],-1.00,-1.00,-0.00,0.00,0.02,0.04,1.05,0.61,5.19,-26.18,2719.00
[16:24:50.366],-1.00,-1.00,-0.00,0.00,-0.01,0.03,1.07,-0.55,0.98,-27.71,2719.00
[16:24:50.387],-1.00,-1.00,-0.00,0.00,0.03,0.02,1.00,-2.14,0.98,-26.86,3264.00
[16:24:50.413],-1.00,-1.00,-0.00,0.00,0.04,0.01,1.04,-0.37,2.26,-28.69,3264.00
[16:24:50.439],-1.00,-1.00,-0.00,0.00,0.01,0.01,1.06,0.00,2.62,-27.89,4163.00
[16:24:50.465],-1.00,-1.00,-0.00,0.00,0.02,0.02,1.00,1.10,0.98,-28.99,4163.00
[16:24:50.491],-1.00,-1.00,-0.00,0.00,0.02,0.02,1.00,1.10,0.98,-28.99,3154.00
[16:24:50.512],-1.00,-1.00,-0.00,0.00,0.00,0.03,1.04,-1.34,0.67,-29.66,3154.00
[16:24:50.538],-1.00,-1.00,-0.00,0.00,0.01,0.03,1.02,-0.12,1.83,-30.58,3596.00
[16:24:50.564],-1.00,-1.00,-0.00,0.00,0.01,0.03,1.04,1.04,1.04,-30.70,3596.00
[16:24:50.590],-1.00,-1.00,-0.00,0.00,0.07,-0.00,1.15,-1.89,2.01,-31.13,3256.00
[16:24:50.616],-1.00,-1.00,-0.00,0.00,0.04,-0.00,0.96,0.37,4.58,-30.76,3256.00
[16:24:50.642],-1.00,-1.00,-0.00,0.00,0.03,0.01,1.03,0.49,2.75,-30.58,2873.00
[16:24:50.668],-1.00,-1.00,-0.00,0.00,0.02,0.00,1.03,0.49,-0.12,-30.76,2873.00
[16:24:50.694],-1.00,-1.00,-0.00,0.00,0.02,0.00,1.03,0.49,-0.12,-30.76,2703.00
[16:24:50.715],-1.00,-1.00,-0.00,0.00,0.01,0.02,1.03,1.83,2.50,-31.19,2703.00
[16:24:50.741],-1.00,-1.00,-0.00,0.00,0.02,0.02,1.03,1.40,0.00,-32.23,2908.00
[16:24:50.767],-1.00,-1.00,-0.00,0.00,0.04,0.00,1.02,1.16,1.71,-32.96,2908.00
[16:24:50.793],-1.00,-1.00,-0.00,0.00,0.02,0.06,1.09,-1.04,1.59,-33.69,2908.00
[16:24:50.814],-1.00,-1.00,-0.00,0.00,0.02,0.03,1.07,2.87,0.24,-35.95,2908.00
[16:24:50.840],-1.00,-1.00,-0.00,0.00,0.04,0.01,1.07,-2.14,0.24,-34.42,3740.00
[16:24:50.866],-1.00,-1.00,-0.00,0.00,0.04,0.01,1.07,-2.14,0.24,-34.42,3740.00
[16:24:50.892],-1.00,-1.00,-0.00,0.00,0.04,0.02,0.98,-0.49,1.95,-33.20,3740.00
[16:24:50.918],-1.00,-1.00,-0.00,0.00,0.04,-0.01,0.98,0.73,1.83,-31.13,3692.00
[16:24:50.939],-1.00,-1.00,-0.00,0.00,0.03,0.02,1.05,1.53,5.13,-31.92,3692.00
[16:24:50.965],-1.00,-1.00,-0.00,0.00,-0.00,0.01,1.08,-0.92,-1.16,-32.59,3173.00
[16:24:50.991],-1.00,-1.00,-0.00,0.00,-0.00,0.01,1.03,1.59,1.46,-33.81,3173.00
[16:24:51.017],-1.00,-1.00,-0.00,0.00,0.00,0.03,0.98,-1.40,-0.24,-34.79,3091.00
[16:24:51.044],-1.00,-1.00,-0.00,0.00,0.06,0.02,1.08,1.16,3.17,-36.56,3091.00
[16:24:51.070],-1.00,-1.00,-0.00,0.00,0.06,0.02,1.08,1.16,3.17,-36.56,2625.00
[16:24:51.096],-1.00,-1.00,-0.00,0.00,0.01,0.02,1.03,-4.94,7.45,-35.64,2625.00
[16:24:51.117],-1.00,-1.00,-0.00,0.00,-0.04,0.03,1.04,3.60,1.28,-36.50,2625.00
[16:24:51.143],-1.00,-1.00,-0.00,0.00,0.03,0.03,0.97,0.24,-4.21,-37.23,2625.00
[16:24:51.169],-1.00,-1.00,-0.00,0.00,0.07,-0.00,1.01,0.18,1.16,-34.97,1548.00
[16:24:51.195],-1.00,-1.00,-0.00,0.00,0.04,-0.01,1.01,0.61,3.17,-35.03,1548.00
[16:24:51.221],-1.00,-1.00,-0.00,0.00,-0.00,0.04,1.08,0.43,2.75,-36.07,1345.00
[16:24:51.247],-1.00,-1.00,-0.00,0.00,0.01,0.05,1.06,0.61,0.49,-36.80,1345.00
[16:24:51.273],-1.00,-1.00,-0.00,0.00,0.01,0.05,1.06,0.61,0.49,-36.80,1345.00
[16:24:51.298],-1.00,-1.00,-0.00,0.00,0.05,0.04,1.08,2.44,0.00,-38.02,1345.00
[16:24:51.319],-1.00,-1.00,-0.00,0.00,0.07,0.04,1.01,-1.22,4.46,-37.35,1262.00
[16:24:51.345],-1.00,-1.00,-0.00,0.00,0.02,0.02,1.00,-2.32,4.33,-39.12,1262.00
[16:24:51.371],-1.00,-1.00,-0.00,0.00,0.06,0.00,1.12,0.49,0.67,-37.35,1269.00
[16:24:51.397],-1.00,-1.00,-0.00,0.00,0.02,-0.00,0.94,-0.73,-0.31,-37.23,1269.00
[16:24:51.423],-1.00,-1.00,-0.00,0.00,0.02,0.02,0.98,0.85,-0.12,-36.68,1269.00
[16:24:51.446],-1.00,-1.00,-0.00,0.00,0.02,0.02,0.98,0.85,-0.12,-36.68,1269.00
[16:24:51.472],-1.00,-1.00,-0.00,0.00,0.02,0.03,1.07,0.73,2.26,-36.62,1313.00
[16:24:51.498],-1.00,-1.00,-0.00,0.00,0.04,-0.01,1.15,0.49,-0.61,-39.37,1313.00
[16:24:51.519],-1.00,-1.00,-0.00,0.00,0.04,0.01,1.15,-5.37,7.69,-37.11,1313.00
[16:24:51.545],-1.00,-1.00,-0.00,0.00,0.05,0.01,0.98,0.79,2.62,-39.18,1313.00
[16:24:51.571],-1.00,-1.00,-0.00,0.00,-0.01,-0.00,1.01,-0.43,1.46,-38.76,1390.00
[16:24:51.597],-1.00,-1.00,-0.00,0.00,0.08,0.01,1.09,0.12,2.08,-41.44,1390.00
[16:24:51.623],-1.00,-1.00,-0.00,0.00,0.04,0.03,0.99,1.59,0.79,-39.00,1390.00
[16:24:51.649],-1.00,-1.00,-0.00,0.00,0.04,0.03,0.99,1.59,0.79,-39.00,1390.00
[16:24:51.675],-1.00,-1.00,-0.00,0.00,0.07,0.02,0.99,0.43,-1.28,-39.79,1593.00
[16:24:51.701],-1.00,-1.00,-0.00,0.00,-0.03,0.05,1.07,-2.08,-1.53,-39.79,1593.00
[16:24:51.722],-1.00,-1.00,-0.00,0.00,0.11,0.01,1.15,2.38,1.40,-39.67,1740.00
[16:24:51.748],-1.00,-1.00,-0.00,0.00,0.02,0.04,1.01,0.37,1.95,-39.92,1740.00
[16:24:51.774],-1.00,-1.00,-0.00,0.00,0.07,0.01,0.94,-1.71,0.43,-39.98,1651.00
[16:24:51.800],-1.00,-1.00,-0.00,0.00,0.05,0.01,1.08,0.73,7.51,-39.67,1651.00
[16:24:51.826],-1.00,-1.00,-0.00,0.00,0.05,0.01,1.08,0.73,7.51,-39.67,1651.00
[16:24:51.846],-1.00,-1.00,-0.00,0.00,0.04,0.03,1.02,0.49,2.08,-40.77,1651.00
[16:24:51.872],-1.00,-1.00,-0.00,0.00,0.05,0.00,1.08,-0.37,-2.38,-40.89,1561.00
[16:24:51.898],-1.00,-1.00,-0.00,0.00,0.04,0.03,0.96,1.34,-1.95,-40.53,1561.00
[16:24:51.924],-1.00,-1.00,-0.00,0.00,0.11,-0.02,1.10,0.92,3.66,-39.18,1561.00
[16:24:51.946],-1.00,-1.00,-0.00,0.00,0.03,0.03,1.03,4.03,4.70,-38.33,1561.00
[16:24:51.972],-1.00,-1.00,-0.00,0.00,0.01,0.02,0.98,-2.93,-2.44,-38.45,1545.00
[16:24:52.003],-1.00,-1.00,-0.00,0.00,0.03,0.01,1.12,1.10,0.43,-39.61,1545.00
[16:24:52.024],-1.00,-1.00,-0.00,0.00,0.03,0.01,1.12,1.10,0.43,-39.61,1545.00
[16:24:52.050],-1.00,-1.00,-0.00,0.00,0.04,-0.04,1.00,1.22,2.20,-41.44,1545.00
[16:24:52.075],-1.00,-1.00,-0.00,0.00,0.03,0.05,1.03,-0.85,3.36,-42.36,1511.00
[16:24:52.101],-1.00,-1.00,-0.00,0.00,0.03,0.04,1.08,-0.85,1.22,-41.87,1511.00
[16:24:52.127],-1.00,-1.00,-0.00,0.00,0.03,-0.00,1.12,1.28,1.28,-42.05,1511.00
[16:24:52.153],-1.00,-1.00,-0.00,0.00,0.08,0.02,0.99,0.12,5.92,-40.41,1511.00
[16:24:52.174],-1.00,-1.00,-0.00,0.00,0.08,0.02,1.06,0.85,6.29,-41.56,1551.00
[16:24:52.200],-1.00,-1.00,-0.00,0.00,0.08,0.02,1.06,0.85,6.29,-41.56,1551.00
[16:24:52.226],-1.00,-1.00,-0.00,0.00,0.06,0.02,1.09,0.55,4.03,-41.50,1599.00
[16:24:52.252],-1.00,-1.00,-0.00,0.00,0.02,0.02,0.99,1.89,0.24,-42.60,1599.00
[16:24:52.273],-1.00,-1.00,-0.00,0.00,0.07,0.01,1.05,-0.18,0.37,-41.99,1599.00
[16:24:52.299],-1.00,-1.00,-0.00,0.00,0.05,0.03,1.03,-0.79,2.50,-43.33,1599.00
[16:24:52.325],-1.00,-1.00,-0.00,0.00,0.05,0.04,1.16,-1.89,1.65,-42.91,1741.00
[16:24:52.351],-1.00,-1.00,-0.00,0.00,0.04,0.04,0.90,-0.67,2.26,-42.05,1741.00
[16:24:52.377],-1.00,-1.00,-0.00,0.00,0.07,-0.01,0.97,-0.55,-0.73,-43.15,1741.00
[16:24:52.403],-1.00,-1.00,-0.00,0.00,0.07,-0.01,0.97,-0.55,-0.73,-43.15,1741.00
[16:24:52.429],-1.00,-1.00,-0.00,0.00,0.07,0.00,1.16,2.20,3.60,-41.38,1741.00
[16:24:52.455],-1.00,-1.00,-0.00,0.00,0.06,-0.02,0.98,-2.93,-2.32,-41.75,2056.00
[16:24:52.476],-1.00,-1.00,-0.00,0.00,0.03,0.02,1.03,-0.61,2.14,-42.54,2056.00
[16:24:52.502],-1.00,-1.00,-0.00,0.00,0.02,0.03,1.05,0.61,2.20,-44.68,2317.00
[16:24:52.528],-1.00,-1.00,-0.00,0.00,0.08,0.04,1.09,-3.48,2.62,-45.47,2317.00
[16:24:52.554],-1.00,-1.00,-0.00,0.00,0.05,0.04,1.07,-0.55,4.76,-44.74,2503.00
[16:24:52.580],-1.00,-1.00,-0.00,0.00,0.05,0.04,1.07,-0.55,4.76,-44.74,2503.00
[16:24:52.601],-0.95,-1.00,-0.00,0.00,0.12,-0.03,1.01,-0.55,0.92,-45.23,2726.00
[16:24:52.627],-0.28,-1.00,-0.00,0.00,-0.01,0.01,1.09,-1.04,5.07,-42.18,2726.00
[16:24:52.653],-0.13,-1.00,-0.00,0.00,0.02,0.04,0.99,0.61,-3.30,-41.75,2618.00
[16:24:52.679],0.00,-0.73,-0.00,0.00,0.04,-0.02,0.99,-0.43,-0.55,-44.43,2618.00
[16:24:52.705],0.00,-0.62,-0.00,0.00,0.12,-0.02,1.18,1.22,2.75,-43.82,2769.00
[16:24:52.726],0.36,-0.29,-0.00,0.00,0.11,-0.12,0.92,-2.20,8.24,-41.50,2769.00
[16:24:52.757],0.55,-0.25,-0.00,0.00,0.10,-0.11,0.99,-1.16,2.32,-36.68,2819.00
[16:24:52.777],0.69,-0.23,-0.00,0.00,0.10,-0.11,0.99,-1.16,2.32,-36.68,2819.00
[16:24:52.803],0.76,0.00,-0.00,0.00,0.19,-0.30,1.06,1.77,-0.24,-25.57,2776.00
[16:24:52.829],0.79,0.00,-0.00,0.00,0.14,-0.36,0.94,4.88,-0.92,-18.13,2776.00
[16:24:52.855],0.83,0.00,-0.00,0.00,0.11,-0.40,1.03,0.67,1.04,-10.50,2688.00
[16:24:52.881],0.85,0.00,-0.00,0.00,0.13,-0.38,0.99,0.73,0.24,-2.56,2688.00
[16:24:52.902],0.86,0.00,-0.00,0.00,0.08,-0.33,1.05,0.73,0.79,2.14,2841.00
[16:24:52.928],0.88,0.00,-0.00,0.00,0.00,-0.14,1.08,1.16,0.73,1.34,2841.00
[16:24:52.960],0.89,0.00,-0.00,0.00,0.01,-0.17,1.02,0.73,0.31,1.71,2637.00
[16:24:52.982],0.89,0.00,-0.00,0.00,0.01,-0.17,1.02,0.73,0.31,1.71,2637.00
[16:24:53.008],0.91,0.00,-0.00,0.00,-0.00,-0.22,1.02,-0.18,2.62,2.14,2894.00
[16:24:53.034],0.92,0.00,-0.00,0.00,0.04,-0.14,1.05,0.00,-0.24,1.40,2894.00
[16:24:53.055],0.92,0.00,-0.00,0.00,0.01,-0.17,1.07,2.14,0.49,1.89,2871.00
[16:24:53.081],0.92,0.00,-0.00,0.00,-0.00,-0.16,1.01,0.73,-1.65,1.40,2871.00
[16:24:53.107],0.93,0.00,-0.00,0.00,0.01,-0.12,1.01,1.89,-2.32,1.34,2712.00
[16:24:53.134],0.93,0.00,-0.00,0.00,0.03,-0.13,1.08,1.53,0.61,1.34,2712.00
[16:24:53.160],0.94,0.00,-0.00,0.00,0.00,-0.09,1.04,0.31,2.44,1.53,2509.00
[16:24:53.186],0.94,0.00,-0.00,0.00,0.00,-0.09,1.04,0.31,2.44,1.53,2509.00
[16:24:53.212],0.94,0.00,-0.00,0.00,0.01,-0.10,1.03,2.44,0.37,2.08,2349.00
[16:24:53.238],0.94,0.00,-0.00,0.00,0.02,-0.15,0.81,1.22,1.46,1.95,2349.00
[16:24:53.259],0.94,0.00,-0.00,0.00,0.02,-0.09,1.17,2.08,4.33,2.75,2724.00
[16:24:53.284],0.94,0.00,-0.00,0.00,-0.05,-0.11,0.99,1.10,-1.53,2.50,2724.00
[16:24:53.310],0.93,0.00,-0.00,0.00,-0.01,-0.15,0.96,0.24,-0.12,2.81,2913.00
[16:24:53.336],0.93,0.00,-0.00,0.00,0.04,-0.10,1.21,3.54,-4.27,0.85,2913.00
[16:24:53.362],0.93,0.00,-0.00,0.00,0.03,-0.03,1.05,2.99,2.50,2.14,2772.00
[16:24:53.388],0.93,0.00,-0.00,0.00,0.03,-0.03,1.05,2.99,2.50,2.14,2772.00
[16:24:53.414],0.93,0.00,-0.00,0.00,-0.01,-0.08,1.00,2.69,3.05,3.05,2561.00
[16:24:53.440],0.92,0.00,-0.00,0.00,0.04,-0.12,1.08,-1.53,-0.61,1.95,2561.00
[16:24:53.466],0.92,0.00,-0.00,0.00,0.08,-0.08,0.98,-0.61,3.78,3.05,2642.00
[16:24:53.486],0.92,0.00,-0.00,0.00,-0.01,-0.05,1.17,0.73,4.03,4.76,2642.00
[16:24:53.512],0.92,0.00,-0.00,0.00,0.02,-0.13,1.00,4.88,-8.18,1.95,2681.00
[16:24:53.538],0.92,0.00,-0.00,0.00,0.05,-0.03,1.15,1.10,1.28,2.44,2681.00
[16:24:53.564],0.92,0.00,-0.00,0.00,0.05,-0.03,1.15,1.10,1.28,2.44,2557.00
[16:24:53.590],0.92,0.00,-0.00,0.00,-0.02,-0.10,1.23,2.32,0.92,3.05,2557.00
[16:24:53.616],0.92,0.00,-0.00,0.00,-0.02,-0.03,0.88,0.49,1.10,3.05,2455.00
[16:24:53.637],0.92,0.00,-0.00,0.00,0.01,-0.05,1.15,-1.10,-0.06,2.20,2455.00
[16:24:53.663],0.92,0.00,-0.00,0.00,0.07,-0.11,1.27,2.69,-2.56,0.73,2725.00
[16:24:53.688],0.92,0.00,-0.00,0.00,0.03,-0.06,0.69,-0.79,6.29,1.59,2725.00
[16:24:53.714],0.92,0.00,-0.00,0.00,0.05,-0.07,1.20,-2.38,-0.85,0.67,2531.00
[16:24:53.740],0.92,0.00,-0.00,0.00,0.06,-0.11,0.90,0.31,6.96,3.66,2531.00
[16:24:53.766],0.92,0.00,-0.00,0.00,0.06,-0.11,0.90,0.31,6.96,3.66,2595.00
[16:24:53.792],0.92,0.00,-0.00,0.00,-0.07,0.00,1.10,0.92,1.16,4.09,2595.00
[16:24:53.817],0.92,0.19,-0.00,0.00,0.08,-0.05,1.09,1.04,-0.85,1.10,2323.00
[16:24:53.838],0.92,0.24,-0.00,0.00,-0.05,-0.09,0.93,-0.31,3.30,3.42,2323.00
[16:24:53.864],0.92,0.36,-0.00,0.00,-0.06,0.03,0.93,-1.53,2.44,3.05,2505.00
[16:24:53.891],0.92,0.39,-0.00,0.00,-0.19,-0.11,1.12,2.99,-0.55,-5.43,2505.00
[16:24:53.917],0.92,0.45,-0.00,0.00,-0.22,-0.07,0.94,-0.31,5.00,-18.07,2435.00
[16:24:53.943],0.92,0.48,-0.00,0.00,-0.31,-0.01,0.93,2.01,-1.16,-26.67,2435.00
[16:24:53.969],0.92,0.48,-0.00,0.00,-0.31,-0.01,0.93,2.01,-1.16,-26.67,2483.00
[16:24:53.995],0.92,0.48,-0.00,0.00,-0.38,0.06,1.13,0.31,10.01,-34.30,2483.00
[16:24:54.016],0.93,0.48,-0.00,0.00,-0.02,-0.13,1.02,-2.26,-5.80,-39.55,2500.00
[16:24:54.042],0.93,0.48,-0.00,0.00,-0.06,-0.03,0.97,1.95,3.17,-42.72,2500.00
[16:24:54.068],0.93,0.48,-0.00,0.00,-0.08,-0.05,1.03,-0.12,4.39,-42.11,2086.00
[16:24:54.094],0.93,0.48,-0.00,0.00,-0.06,-0.00,0.96,-0.92,2.14,-43.70,2086.00
[16:24:54.120],0.93,0.48,-0.00,0.00,-0.08,-0.06,1.01,5.98,0.00,-43.88,2086.00
[16:24:54.146],0.93,0.48,-0.00,0.00,-0.06,-0.04,1.10,-6.29,1.89,-44.25,2215.00
[16:24:54.172],0.93,0.48,-0.00,0.00,-0.06,-0.04,1.10,-6.29,1.89,-44.25,2050.00
[16:24:54.199],0.93,0.48,-0.00,0.00,-0.07,-0.02,1.16,6.71,7.87,-43.03,2050.00
[16:24:54.220],0.93,0.48,-0.00,0.00,-0.17,-0.06,0.98,-3.23,0.18,-42.30,1858.00
[16:24:54.246],0.93,0.47,-0.00,0.00,-0.05,-0.01,1.02,6.77,-9.70,-46.57,1858.00
[16:24:54.272],0.93,0.47,-0.00,0.00,-0.02,0.05,1.00,-3.97,6.10,-47.00,1858.00
[16:24:54.298],0.93,0.47,-0.00,0.00,-0.10,-0.04,1.09,0.98,1.16,-44.19,1850.00
[16:24:54.319],0.93,0.47,-0.00,0.00,-0.12,-0.02,1.13,3.36,-3.66,-45.90,1850.00
[16:24:54.350],0.94,0.47,-0.00,0.00,-0.10,0.02,0.70,-2.20,15.20,-45.53,1866.00
[16:24:54.376],0.94,0.47,-0.00,0.00,-0.10,0.02,0.70,-2.20,15.20,-45.53,2303.00
[16:24:54.402],0.94,0.47,-0.00,0.00,-0.13,-0.04,1.23,-0.67,-4.09,-43.95,2303.00
[16:24:54.423],0.94,0.47,-0.00,0.00,-0.18,-0.04,0.69,-7.14,-4.15,-48.03,2303.00
[16:24:54.449],0.94,0.47,-0.00,0.00,-0.02,0.01,1.32,4.09,0.55,-48.40,2734.00
[16:24:54.475],0.94,0.47,-0.00,0.00,-0.10,-0.10,1.00,0.79,7.87,-47.85,2734.00
[16:24:54.501],0.94,0.47,-0.00,0.00,-0.09,0.02,1.10,0.00,2.56,-47.91,2401.00
[16:24:54.527],0.94,0.46,-0.00,0.00,-0.13,0.02,0.96,0.37,10.01,-49.26,2401.00
[16:24:54.553],0.94,0.00,-0.00,0.00,-0.13,0.03,0.98,2.62,0.67,-47.55,2141.00
[16:24:54.579],0.94,-0.16,-0.00,0.00,-0.13,0.03,0.98,2.62,0.67,-47.55,2141.00
[16:24:54.605],0.94,-0.23,-0.00,0.00,0.07,-0.01,1.29,-5.92,-1.59,-47.18,2005.00
[16:24:54.626],0.94,-0.61,-0.00,0.00,0.39,-0.04,1.15,9.77,-8.42,-40.83,2005.00
[16:24:54.652],0.94,-0.84,-0.00,0.00,0.25,-0.03,0.94,-2.38,5.98,-17.33,1881.00
[16:24:54.678],0.94,-0.89,-0.00,0.00,0.34,-0.05,1.03,2.14,-7.51,1.10,1881.00
[16:24:54.704],0.94,-0.89,-0.00,0.00,0.40,-0.05,1.17,7.08,8.67,21.18,1881.00
[16:24:54.725],0.93,-1.00,-0.00,0.00,0.32,0.02,1.11,-1.83,4.09,45.29,1881.00
[16:24:54.751],0.93,-1.00,-0.00,0.00,0.32,0.02,1.11,-1.83,4.09,45.29,1710.00
[16:24:54.777],0.93,-1.00,-0.00,0.00,0.19,-0.01,0.85,1.77,-9.09,55.66,1710.00
[16:24:54.803],0.93,-1.00,-0.00,0.00,0.46,0.06,1.38,4.33,1.10,63.11,1731.00
[16:24:54.825],0.93,-1.00,-0.00,0.00,0.39,0.13,1.01,3.42,-4.58,75.20,1731.00
[16:24:54.851],0.94,-1.00,-0.00,0.00,0.28,0.06,0.88,1.10,-14.53,83.13,1807.00
[16:24:54.877],0.94,-1.00,-0.00,0.00,0.31,0.03,0.92,1.65,11.96,89.48,1807.00
[16:24:54.903],0.94,-1.00,-0.00,0.00,0.23,0.06,1.24,-1.22,-5.74,97.84,1964.00
[16:24:54.928],0.94,-1.00,-0.00,0.00,0.29,-0.02,1.14,7.51,-5.86,96.13,1964.00
[16:24:54.954],0.94,-1.00,-0.00,0.00,0.29,-0.02,1.14,7.51,-5.86,96.13,2368.00
[16:24:54.980],0.94,-1.00,-0.00,0.00,0.20,0.10,1.08,-4.70,6.53,98.51,2368.00
[16:24:55.006],0.94,-1.00,-0.00,0.00,0.34,0.02,0.96,6.04,-11.72,97.53,1442.00
[16:24:55.032],0.94,-1.00,-0.00,0.00,0.46,0.08,1.49,7.32,-7.63,102.66,1442.00
[16:24:55.053],0.94,-1.00,-0.00,0.00,0.09,0.16,0.75,0.12,10.38,101.26,1381.00
[16:24:55.079],0.94,-1.00,-0.00,0.00,0.25,-0.05,0.83,4.52,-14.59,97.96,1381.00
[16:24:55.105],0.94,-1.00,-0.00,0.00,0.22,0.12,1.11,2.01,2.81,102.78,1135.00
[16:24:55.131],0.94,-0.99,-0.00,0.00,0.12,0.05,0.95,3.36,-0.98,98.21,1135.00
[16:24:55.157],0.94,-0.99,-0.00,0.00,0.12,0.05,0.95,3.36,-0.98,98.21,1240.00
[16:24:55.183],0.94,-0.99,-0.00,0.00,0.31,-0.01,1.17,7.75,-3.91,100.71,1240.00
[16:24:55.209],0.94,-0.99,-0.00,0.00,0.18,0.10,1.03,5.49,-1.16,104.55,1298.00
[16:24:55.234],0.94,-0.99,-0.00,0.00,0.07,0.01,0.71,-7.45,0.85,101.99,1298.00
[16:24:55.256],0.94,-0.99,-0.00,0.00,0.34,0.13,1.55,8.18,2.81,97.29,2644.00
[16:24:55.282],0.94,-0.99,-0.00,0.00,0.28,0.09,0.88,0.73,-8.67,99.98,2644.00
[16:24:55.308],0.94,-0.99,-0.00,0.00,0.32,0.12,1.02,5.62,-0.49,97.23,2977.00
[16:24:55.333],0.94,-0.99,-0.00,0.00,0.32,0.12,1.02,5.62,-0.49,97.23,2977.00
[16:24:55.359],0.94,-0.99,-0.00,0.00,0.44,0.06,1.13,2.44,-0.24,98.94,2267.00
[16:24:55.385],0.94,-0.99,-0.00,0.00,0.19,0.11,1.07,1.28,0.00,102.17,2267.00
[16:24:55.406],0.94,-0.99,-0.00,0.00,0.31,0.05,1.05,9.40,2.75,102.60,1994.00
[16:24:55.432],0.94,-0.99,-0.00,0.00,0.27,0.13,1.03,-2.87,-3.78,101.26,1994.00
[16:24:55.457],0.94,-0.99,-0.00,0.00,0.27,0.06,0.93,11.47,-3.05,100.34,1994.00
[16:24:55.483],0.94,-0.99,-0.00,0.00,0.13,0.12,0.91,-3.17,7.93,106.75,1994.00
[16:24:55.509],0.94,-0.99,-0.00,0.00,0.15,0.07,1.13,-2.93,2.75,99.85,1706.00
[16:24:55.535],0.94,-0.99,-0.00,0.00,0.15,0.07,1.13,-2.93,2.75,99.85,1706.00
[16:24:55.561],0.94,-0.99,-0.00,0.00,0.32,0.10,1.01,15.99,-10.86,98.88,1706.00
[16:24:55.587],0.94,0.99,-0.00,0.00,0.07,0.11,0.90,-4.94,10.68,103.45,1706.00
[16:24:55.607],0.94,0.99,-0.00,0.00,0.23,0.03,1.08,4.76,-5.74,92.16,1309.00
[16:24:55.633],0.94,1.00,-0.00,0.00,0.35,0.08,1.05,3.78,-4.70,101.14,1309.00
[16:24:55.659],0.94,0.99,-0.00,0.00,0.08,0.15,0.94,-2.08,2.81,101.50,931.00
[16:24:55.685],0.95,0.99,-0.00,0.00,-0.01,-0.09,1.01,5.68,-2.99,89.60,931.00
[16:24:55.711],0.95,0.99,-0.00,0.00,-0.01,-0.09,1.01,5.68,-2.99,89.60,931.00
[16:24:55.737],0.95,0.99,-0.00,0.00,-0.27,0.07,1.23,3.23,7.26,67.75,931.00
[16:24:55.763],0.95,0.99,-0.00,0.00,-0.38,-0.03,0.61,1.59,-1.16,44.56,696.00
[16:24:55.783],0.95,0.99,-0.00,0.00,-0.28,-0.01,1.24,-0.06,3.30,14.65,696.00
[16:24:55.809],0.95,0.99,-0.00,0.00,-0.39,0.02,1.20,2.14,-4.27,-6.16,696.00
[16:24:55.835],0.95,0.99,-0.00,0.00,-0.26,-0.06,0.87,0.92,11.17,-25.76,696.00
[16:24:55.861],0.95,0.99,-0.00,0.00,-0.19,0.01,0.99,6.96,-5.43,-40.95,696.00
[16:24:55.886],0.95,0.99,-0.00,0.00,-0.21,0.02,1.14,-4.64,8.06,-56.03,560.00
[16:24:55.912],0.95,0.99,-0.00,0.00,-0.21,0.02,1.14,-4.64,8.06,-56.03,560.00
[16:24:55.938],0.95,0.99,-0.00,0.00,-0.27,0.01,1.12,0.85,6.29,-64.21,560.00
[16:24:55.964],0.95,0.99,-0.00,0.00,-0.21,0.00,1.48,-0.61,-14.59,-69.70,560.00
[16:24:55.985],0.00,0.90,-0.00,0.00,-0.04,0.12,0.83,-4.70,2.75,-77.58,462.00
[16:24:56.013],-0.17,0.89,-0.00,0.00,-0.24,-0.11,1.06,-4.52,10.38,-81.24,462.00
[16:24:56.034],-0.55,0.89,-0.00,0.00,-0.18,0.14,1.38,5.92,-10.93,-82.89,386.00
[16:24:56.060],-0.87,0.94,-0.00,0.00,-0.18,0.29,0.84,-5.74,14.22,-82.15,386.00
[16:24:56.086],-1.00,0.95,-0.00,0.00,-0.18,0.29,0.84,-5.74,14.22,-82.15,386.00
[16:24:56.111],-1.00,0.95,-0.00,0.00,-0.26,0.25,1.10,-3.23,0.73,-78.74,386.00
[16:24:56.138],-1.00,0.95,-0.00,0.00,-0.14,0.21,1.02,-2.87,3.05,-80.51,452.00
[16:24:56.163],-1.00,0.95,-0.00,0.00,-0.12,0.28,1.10,-2.01,8.79,-79.77,452.00
[16:24:56.184],-1.00,0.95,-0.00,0.00,-0.29,0.17,1.11,7.08,2.93,-79.96,452.00
[16:24:56.210],-1.00,0.95,-0.00,0.00,-0.08,0.14,0.80,2.56,-11.35,-85.27,452.00
[16:24:56.236],-1.00,0.94,-0.00,0.00,-0.19,0.21,1.03,-3.42,18.86,-80.32,483.00
[16:24:56.262],-1.00,0.96,-0.00,0.00,-0.17,0.15,0.99,0.24,1.22,-77.94,483.00
[16:24:56.288],-1.00,0.95,-0.00,0.00,-0.17,0.15,0.99,0.24,1.22,-77.94,483.00
[16:24:56.314],-1.00,0.98,-0.00,0.00,-0.08,0.15,0.94,-8.00,-2.62,-78.19,483.00
[16:24:56.339],-0.76,1.00,-0.00,0.00,0.02,0.20,1.23,4.58,1.28,-71.41,520.00
[16:24:56.365],-0.04,0.99,-0.00,0.00,-0.08,0.19,1.00,-7.32,4.70,-67.69,520.00
[16:24:56.386],0.00,0.99,-0.00,0.00,-0.04,0.19,1.05,4.21,2.01,-66.28,520.00
[16:24:56.412],0.00,0.99,-0.00,0.00,0.02,0.18,1.11,-4.15,-3.66,-60.79,520.00
[16:24:56.438],0.00,0.99,-0.00,0.00,-0.09,0.13,0.93,1.22,12.08,-58.47,600.00
[16:24:56.464],0.00,0.99,-0.00,0.00,-0.09,0.13,0.93,1.22,12.08,-58.47,600.00
[16:24:56.489],0.00,0.99,-0.00,0.00,-0.10,0.16,1.15,-0.12,-5.43,-53.41,713.00
[16:24:56.515],0.00,0.99,-0.00,0.00,-0.03,0.12,1.04,-3.17,3.48,-57.13,713.00
[16:24:56.536],0.00,0.99,-0.00,0.00,0.03,0.14,0.97,-3.17,6.29,-55.11,713.00
[16:24:56.562],0.00,0.99,-0.00,0.00,0.01,0.13,1.04,-1.46,4.58,-47.73,713.00
[16:24:56.588],0.00,0.99,-0.00,0.00,0.00,0.16,1.07,3.17,0.79,-43.27,903.00
[16:24:56.613],0.00,0.99,-0.00,0.00,-0.08,0.13,0.99,-0.43,-0.12,-42.30,903.00
[16:24:56.639],0.00,0.99,-0.00,0.00,-0.02,0.12,1.08,1.65,-1.83,-45.41,903.00
[16:24:56.665],0.00,0.99,-0.00,0.00,-0.02,0.12,1.08,1.65,-1.83,-45.41,903.00
[16:24:56.691],0.00,0.99,-0.00,0.00,0.03,0.09,0.96,1.46,6.16,-40.71,1213.00
[16:24:56.717],0.00,0.99,-0.00,0.00,0.01,0.18,1.19,2.38,-1.71,-36.19,1213.00
[16:24:56.743],0.00,0.99,-0.00,0.00,0.03,0.13,0.96,-0.12,2.26,-34.73,1474.00
[16:24:56.764],0.00,0.99,-0.00,0.00,0.04,0.11,1.03,-0.73,5.74,-28.81,1474.00
[16:24:56.789],0.00,0.99,-0.00,0.00,-0.02,0.13,1.16,0.37,4.21,-27.77,1495.00
[16:24:56.815],1.00,0.99,-0.00,0.00,-0.03,0.14,1.00,-0.24,2.08,-27.16,1495.00
[16:24:56.846],1.00,0.99,-0.00,0.00,0.02,0.12,1.05,0.31,0.79,-25.51,1440.00
[16:24:56.867],1.00,0.99,-0.00,0.00,0.02,0.12,1.05,0.31,0.79,-25.51,1440.00
[16:24:56.894],1.00,0.99,-0.00,0.00,-0.04,-0.11,1.15,1.89,-0.37,-26.06,1157.00
[16:24:56.920],1.00,0.99,-0.00,0.00,-0.05,-0.18,0.93,1.95,-2.32,-29.48,1157.00
[16:24:56.941],1.00,0.99,-0.00,0.00,-0.04,-0.12,1.11,-1.16,3.78,-30.15,1034.00
[16:24:56.967],1.00,0.99,-0.00,0.00,-0.09,-0.08,1.14,1.16,-0.06,-34.00,1034.00
[16:24:56.993],1.00,0.99,-0.00,0.00,-0.04,-0.10,0.94,0.06,2.75,-34.55,1382.00
[16:24:57.019],1.00,0.99,-0.00,0.00,-0.08,-0.08,1.09,-0.43,3.72,-36.38,1382.00
[16:24:57.045],1.00,0.99,-0.00,0.00,-0.08,-0.08,1.09,-0.43,3.72,-36.38,520.00
[16:24:57.071],1.00,0.99,-0.00,0.00,-0.10,-0.11,1.04,-0.55,-2.26,-37.78,520.00
[16:24:57.092],1.00,0.99,-0.00,0.00,-0.10,-0.10,0.96,-2.50,0.43,-39.55,567.00
[16:24:57.118],1.00,0.99,-0.00,0.00,-0.04,-0.07,0.96,5.07,5.00,-43.33,567.00
[16:24:57.143],1.00,0.99,-0.00,0.00,-0.13,-0.05,1.25,1.53,-5.37,-45.90,547.00
[16:24:57.169],1.00,0.99,-0.00,0.00,-0.06,-0.07,0.76,-1.71,3.30,-49.80,547.00
[16:24:57.195],1.00,0.99,-0.00,0.00,-0.04,-0.06,1.06,3.36,8.00,-48.34,547.00
[16:24:57.222],1.00,0.99,-0.00,0.00,-0.18,-0.07,1.25,-6.71,-2.38,-46.51,967.00
[16:24:57.247],1.00,0.99,-0.00,0.00,-0.18,-0.07,1.25,-6.71,-2.38,-46.51,967.00
[16:24:57.268],1.00,0.99,-0.00,0.00,-0.03,-0.06,0.96,2.26,0.37,-50.72,592.00
[16:24:57.294],1.00,0.99,-0.00,0.00,-0.16,-0.10,1.00,-3.78,-3.60,-56.58,592.00
[16:24:57.320],1.00,0.99,-0.00,0.00,-0.00,0.01,1.23,5.13,3.97,-60.67,3476.00
[16:24:57.346],1.00,0.99,-0.00,0.00,-0.09,-0.02,0.95,-2.93,9.95,-56.76,3476.00
[16:24:57.372],1.00,0.99,-0.00,0.00,-0.16,-0.05,1.00,-0.06,1.53,-58.23,4090.00
[16:24:57.398],1.00,0.99,-0.00,0.00,-0.12,0.02,1.22,4.82,-0.61,-60.18,4090.00
[16:24:57.418],1.00,0.99,-0.00,0.00,-0.12,0.02,1.22,4.82,-0.61,-60.18,3706.00
[16:24:57.444],1.00,0.99,-0.00,0.00,-0.08,-0.06,0.91,1.34,2.75,-60.42,3706.00
[16:24:57.470],1.00,0.99,-0.00,0.00,-0.09,-0.04,1.16,-4.15,8.79,-61.10,3767.00
[16:24:57.496],1.00,0.99,-0.00,0.00,-0.19,-0.03,1.05,-1.16,4.33,-63.23,3767.00
[16:24:57.522],1.00,0.99,-0.00,0.00,-0.10,0.01,1.01,-1.95,-3.30,-65.55,3403.00
[16:24:57.548],1.00,0.99,-0.00,0.00,-0.11,-0.01,0.98,3.30,7.93,-65.67,3403.00
[16:24:57.568],1.00,0.99,-0.00,0.00,-0.11,-0.01,1.02,0.24,-5.74,-66.35,858.00
[16:24:57.599],1.00,0.00,-0.00,0.00,-0.13,-0.05,0.96,2.44,9.46,-70.68,858.00
[16:24:57.625],1.00,0.00,-0.00,0.00,-0.13,-0.05,0.96,2.44,9.46,-70.68,1201.00
[16:24:57.646],1.00,0.00,-0.00,0.00,-0.14,0.04,1.01,-4.15,-1.95,-71.11,1201.00
[16:24:57.672],1.00,0.00,-0.00,0.00,0.17,-0.06,1.06,2.50,8.36,-63.11,1299.00
[16:24:57.697],1.00,-0.18,-0.00,0.00,0.11,-0.10,1.05,-1.65,-2.62,-44.74,1299.00
[16:24:57.723],1.00,-0.37,-0.00,0.00,0.17,-0.07,1.03,1.16,3.23,-32.78,2014.00
[16:24:57.749],1.00,-0.64,-0.00,0.00,0.30,-0.14,0.89,-3.23,-3.23,-11.35,2014.00
[16:24:57.775],1.00,-0.77,-0.00,0.00,0.25,-0.07,1.07,2.44,5.68,3.78,2107.00
[16:24:57.801],1.00,-0.98,-0.00,0.00,0.31,-0.05,1.13,5.19,-5.86,20.20,2107.00
[16:24:57.827],1.00,-1.00,-0.00,0.00,0.31,-0.05,1.13,5.19,-5.86,20.20,2037.00
[16:24:57.848],0.32,-0.99,-0.00,0.00,0.24,-0.04,1.05,2.32,0.00,31.62,2037.00
[16:24:57.874],0.15,-0.97,-0.00,0.00,0.18,-0.05,0.88,-0.73,0.31,47.97,2020.00
[16:24:57.900],0.00,-0.96,-0.00,0.00,0.39,0.01,1.39,2.01,1.22,58.23,2020.00
[16:24:57.926],0.00,-0.96,-0.00,0.00,0.38,0.02,1.04,2.56,-5.86,74.83,1581.00
[16:24:57.952],0.00,-0.96,-0.00,0.00,0.13,0.16,0.89,-2.20,2.20,77.33,1581.00
[16:24:57.978],0.00,-0.96,-0.00,0.00,0.30,0.24,1.10,4.94,-10.62,72.81,1202.00
[16:24:58.004],0.00,-0.96,-0.00,0.00,0.23,0.17,0.92,0.67,-3.23,78.12,1202.00
[16:24:58.030],0.00,-0.96,-0.00,0.00,0.23,0.17,0.92,0.67,-3.23,78.12,4012.00
[16:24:58.056],0.00,-0.96,-0.00,0.00,0.27,0.23,1.05,3.36,0.85,76.66,4012.00
[16:24:58.077],0.00,-0.96,-0.00,0.00,0.18,0.24,1.09,7.39,-8.30,76.66,3816.00
[16:24:58.103],0.00,-0.96,-0.00,0.00,0.18,0.15,0.90,1.83,7.51,81.18,3816.00
[16:24:58.129],0.00,-0.96,-0.00,0.00,0.11,0.19,1.19,4.15,-0.55,78.92,3966.00
[16:24:58.155],0.00,-0.96,-0.00,0.00,0.04,0.13,0.98,0.55,-2.93,74.46,3966.00
[16:24:58.181],0.00,-0.96,-0.00,0.00,0.10,0.15,0.94,3.60,1.77,68.12,4111.00
[16:24:58.201],0.62,0.00,-0.00,0.00,0.10,0.15,0.94,3.60,1.77,68.12,4111.00
[16:24:58.227],0.94,0.00,-0.00,0.00,0.15,0.14,1.08,4.33,-10.62,66.47,3995.00
[16:24:58.253],1.00,0.00,-0.00,0.00,0.09,0.16,0.92,1.46,5.62,64.82,3995.00
[16:24:58.279],1.00,0.00,-0.00,0.00,0.00,0.08,1.06,0.12,2.38,59.81,3968.00
[16:24:58.305],1.00,0.00,-0.00,0.00,-0.24,-0.21,1.07,0.67,-3.30,57.80,3968.00
[16:24:58.331],1.00,0.00,-0.00,0.00,-0.03,-0.12,0.92,8.00,0.55,41.44,4098.00
[16:24:58.352],1.00,0.00,-0.00,0.00,-0.11,-0.05,1.23,0.00,0.12,29.97,4098.00
[16:24:58.383],1.00,0.00,-0.00,0.00,-0.16,-0.07,0.90,5.74,4.27,14.04,4080.00
[16:24:58.404],1.00,0.00,-0.00,0.00,-0.16,-0.07,0.90,5.74,4.27,14.04,4080.00
[16:24:58.430],1.00,0.00,-0.00,0.00,-0.08,-0.12,1.13,-7.75,2.44,2.26,4081.00
[16:24:58.455],1.00,0.00,-0.00,0.00,0.07,-0.06,1.18,1.40,4.88,1.83,4081.00
[16:24:58.481],1.00,0.00,-0.00,0.00,-0.07,-0.11,0.90,3.66,-0.79,2.69,4059.00
[16:24:58.507],1.00,0.00,-0.00,0.00,0.09,-0.10,1.17,-3.85,-0.37,1.22,4059.00
[16:24:58.533],1.00,0.00,-0.00,0.00,0.03,-0.08,1.13,1.53,0.00,2.26,4104.00
[16:24:58.554],1.00,0.40,-0.00,0.00,0.02,-0.08,0.96,-2.99,-0.79,2.20,4104.00
[16:24:58.580],1.00,0.50,-0.00,0.00,0.02,-0.08,0.96,-2.99,-0.79,2.20,3992.00
[16:24:58.606],1.00,0.87,-0.00,0.00,-0.05,-0.09,1.10,7.20,3.97,1.89,3992.00
[16:24:58.632],1.00,0.99,-0.00,0.00,-0.05,-0.12,1.03,-2.20,1.95,2.01,4016.00
[16:24:58.657],1.00,0.99,-0.00,0.00,0.00,-0.14,1.40,-4.88,-9.52,-12.88,4016.00
[16:24:58.678],1.00,1.00,-0.00,0.00,-0.17,-0.02,1.14,1.46,-0.67,-29.85,4016.00
[16:24:58.704],1.00,1.00,-0.00,0.00,-0.26,-0.07,0.94,-2.69,4.94,-49.74,3940.00
[16:24:58.730],1.00,1.00,-0.00,0.00,-0.30,-0.00,1.17,4.39,4.82,-58.35,3940.00
[16:24:58.756],1.00,1.00,-0.00,0.00,-0.24,-0.01,1.20,-5.00,7.14,-68.48,3781.00
[16:24:58.781],1.00,1.00,-0.00,0.00,-0.24,-0.01,1.20,-5.00,7.14,-68.48,3781.00
[16:24:58.807],1.00,1.00,-0.00,0.00,-0.27,0.05,0.96,9.77,3.97,-70.25,3670.00
[16:24:58.833],1.00,1.00,-0.00,0.00,-0.10,-0.06,0.85,1.71,3.91,-72.45,3670.00
[16:24:58.859],1.00,1.00,-0.00,0.00,-0.26,0.05,1.20,-5.19,13.61,-76.66,3632.00
[16:24:58.885],1.00,1.00,-0.00,0.00,-0.25,-0.02,1.11,0.67,-2.50,-78.31,3632.00
[16:24:58.906],1.00,1.00,-0.00,0.00,-0.10,-0.03,0.87,0.37,3.42,-77.76,3684.00
[16:24:58.932],1.00,1.00,-0.00,0.00,-0.10,0.10,1.03,1.16,-3.85,-78.43,3684.00
[16:24:58.958],1.00,0.92,-0.00,0.00,-0.10,0.10,1.03,1.16,-3.85,-78.43,3713.00
[16:24:58.984],1.00,0.38,-0.00,0.00,-0.24,0.03,0.88,-3.54,7.87,-82.21,3713.00
[16:24:59.009],1.00,0.24,-0.00,0.00,-0.08,0.06,0.90,2.62,7.26,-84.11,3803.00
[16:24:59.030],1.00,0.00,-0.00,0.00,-0.15,0.05,1.10,-7.63,6.53,-83.13,3803.00
[16:24:59.056],1.00,0.00,-0.00,0.00,0.05,-0.17,1.07,-8.06,5.25,-75.44,3873.00
[16:24:59.082],1.00,-0.40,-0.00,0.00,0.23,-0.06,1.09,-3.17,-5.00,-56.27,3873.00
[16:24:59.108],1.00,-0.65,-0.00,0.00,0.25,-0.08,0.94,0.79,5.49,-33.33,3896.00
[16:24:59.134],1.00,-1.00,-0.00,0.00,0.33,-0.09,1.21,4.52,-2.01,-10.99,3896.00
[16:24:59.159],1.00,-1.00,-0.00,0.00,0.33,-0.09,1.21,4.52,-2.01,-10.99,3927.00
[16:24:59.185],1.00,-1.00,-0.00,0.00,0.40,-0.03,1.04,-4.33,-7.63,14.28,3927.00
[16:24:59.211],1.00,-1.00,-0.00,0.00,0.27,-0.02,1.14,6.65,6.65,24.78,4038.00
[16:24:59.237],1.00,-1.00,-0.00,0.00,0.43,0.03,1.13,-2.01,-2.38,42.79,4038.00
[16:24:59.258],1.00,-0.99,-0.00,0.00,0.32,0.11,1.00,0.00,-2.62,58.96,3887.00
[16:24:59.284],1.00,-1.00,-0.00,0.00,0.39,-0.11,0.89,6.84,-5.49,62.01,3887.00
[16:24:59.309],1.00,-0.99,-0.00,0.00,0.33,0.08,1.12,-3.85,-5.62,76.84,3761.00
[16:24:59.335],1.00,-0.99,-0.00,0.00,0.20,0.06,1.37,3.48,2.20,83.19,3761.00
[16:24:59.361],1.00,-1.00,-0.00,0.00,0.20,0.06,1.37,3.48,2.20,83.19,3610.00
[16:24:59.387],1.00,-0.99,-0.00,0.00,0.16,0.05,0.78,8.30,2.87,83.86,3610.00
[16:24:59.413],1.00,-0.99,-0.00,0.00,0.38,0.02,1.11,-5.37,-5.00,89.72,3411.00
[16:24:59.439],1.00,-0.99,-0.00,0.00,0.36,0.06,1.32,6.41,-4.15,91.06,3411.00
[16:24:59.465],1.00,-0.99,-0.00,0.00,0.22,0.05,0.73,7.26,-3.85,93.26,3228.00
[16:24:59.485],1.00,-0.98,-0.00,0.00,0.20,-0.04,1.12,-9.83,4.88,95.40,3228.00
[16:24:59.511],1.00,-0.99,-0.00,0.00,0.31,0.07,1.49,17.82,-14.28,92.10,3162.00
[16:24:59.542],1.00,-0.97,-0.00,0.00,0.18,0.08,0.72,3.48,11.90,97.66,3162.00
[16:24:59.568],1.00,-0.94,-0.00,0.00,0.18,0.08,0.72,3.48,11.90,97.66,2933.00
[16:24:59.589],1.00,-0.96,-0.00,0.00,0.30,0.01,1.18,-5.49,-4.94,95.21,2933.00
[16:24:59.615],1.00,-0.95,-0.00,0.00,0.17,0.05,0.90,13.18,-5.80,93.08,2933.00
[16:24:59.640],1.00,-0.94,-0.00,0.00,0.17,0.06,0.89,-4.52,2.44,98.88,2933.00
[16:24:59.666],1.00,-0.95,-0.00,0.00,0.22,0.03,1.17,5.80,-1.53,93.69,2895.00
[16:24:59.692],1.00,-0.93,-0.00,0.00,0.20,0.10,1.26,8.97,1.89,97.90,2895.00
[16:24:59.718],1.00,-0.95,-0.00,0.00,0.11,0.07,0.73,1.83,-3.72,103.21,3062.00
[16:24:59.738],1.00,-0.94,-0.00,0.00,0.11,0.07,0.73,1.83,-3.72,103.21,3062.00
[16:24:59.765],1.00,-0.93,-0.00,0.00,-0.01,-0.06,1.12,5.19,13.43,97.17,3137.00
[16:24:59.791],1.00,-0.93,-0.00,0.00,0.44,0.07,1.40,-1.10,-11.17,103.03,3137.00
[16:24:59.817],1.00,-0.93,-0.00,0.00,0.10,0.11,0.70,2.81,0.85,102.23,3141.00
[16:24:59.842],1.00,-0.93,-0.00,0.00,0.43,0.05,1.31,-0.85,-4.39,102.54,3141.00
[16:24:59.863],0.99,-0.93,-0.00,0.00,0.35,0.09,1.25,3.11,-8.67,106.32,3156.00
[16:24:59.889],0.98,-0.93,-0.00,0.00,0.19,0.11,0.82,4.21,3.54,104.49,3156.00
[16:24:59.920],0.50,-0.93,-0.00,0.00,0.33,0.05,1.21,-3.85,-1.10,106.69,3125.00
[16:24:59.941],0.18,-0.93,-0.00,0.00,0.33,0.05,1.21,-3.85,-1.10,106.69,3125.00
[16:24:59.967],0.00,-0.90,-0.00,0.00,0.12,0.18,0.95,3.78,-9.09,104.98,3042.00
[16:24:59.993],0.00,-0.78,-0.00,0.00,0.33,0.05,1.02,1.46,3.11,99.18,3042.00
[16:25:00.019],0.00,-0.49,-0.00,0.00,0.32,0.17,1.01,-1.46,-12.57,102.29,2139.00
[16:25:00.040],0.00,0.00,-0.00,0.00,0.03,0.32,1.34,13.55,7.45,92.41,2139.00
[16:25:00.066],0.00,0.00,-0.00,0.00,0.39,0.19,0.83,0.79,-14.16,91.19,2139.00
[16:25:00.092],0.00,0.00,-0.00,0.00,0.14,0.21,1.09,-2.50,5.25,92.35,2139.00
[16:25:00.123],0.00,0.00,-0.00,0.00,-0.32,0.17,1.24,7.63,9.95,69.76,1845.00
[16:25:00.149],0.00,0.00,-0.00,0.00,-0.18,0.06,0.84,2.38,-2.69,45.72,1845.00
[16:25:00.175],0.00,0.00,-0.00,0.00,-0.18,0.06,0.84,2.38,-2.69,45.72,1845.00
[16:25:00.201],0.00,0.00,-0.00,0.00,-0.26,0.06,1.06,-1.89,2.81,28.08,1845.00
[16:25:00.227],0.00,0.00,-0.00,0.00,-0.18,0.14,1.15,1.71,6.35,8.73,1512.00
[16:25:00.248],0.00,0.00,-0.00,0.00,-0.04,0.03,0.93,2.01,-5.31,1.77,1512.00
[16:25:00.274],0.00,0.00,-0.00,0.00,0.02,0.19,1.09,8.30,2.62,1.34,1512.00
[16:25:00.300],0.00,0.00,-0.00,0.00,-0.06,0.11,1.07,-4.27,-2.14,2.75,1397.00
[16:25:00.326],0.00,0.00,-0.00,0.00,-0.00,0.12,0.91,2.38,2.20,1.53,1397.00
[16:25:00.352],0.00,0.00,-0.00,0.00,0.01,0.14,1.29,-0.12,-8.36,1.46,1397.00
[16:25:00.378],-0.31,0.00,-0.00,0.00,0.01,0.14,1.29,-0.12,-8.36,1.46,1318.00
[16:25:00.404],-1.00,0.00,-0.00,0.00,0.03,0.08,1.03,1.53,4.76,2.62,1318.00
[16:25:00.430],-1.00,0.00,-0.00,0.00,-0.01,0.12,1.03,0.37,1.22,1.40,1318.00
[16:25:00.451],-1.00,0.00,-0.00,0.00,0.02,0.14,0.96,0.92,7.81,0.49,1318.00
[16:25:00.477],-1.00,0.00,-0.00,0.00,-0.00,0.14,0.93,3.36,11.05,1.40,1318.00
[16:25:00.503],-1.00,0.00,-0.00,0.00,-0.06,0.12,1.13,3.60,-10.01,0.85,1249.00
[16:25:00.528],-1.00,0.00,-0.00,0.00,0.09,0.10,1.14,3.36,2.26,1.59,1249.00
[16:25:00.554],-1.00,0.00,-0.00,0.00,-0.02,0.10,1.07,-3.48,0.31,2.01,1249.00
[16:25:00.581],-1.00,0.00,-0.00,0.00,-0.02,0.10,1.07,-3.48,0.31,2.01,1181.00
[16:25:00.607],-1.00,0.00,-0.00,0.00,0.04,0.08,0.96,-1.10,3.11,1.16,1181.00
[16:25:00.633],-1.00,0.00,-0.00,0.00,-0.02,0.15,1.11,1.10,0.98,1.95,1181.00
[16:25:00.654],-0.58,0.00,-0.00,0.00,-0.03,0.10,1.07,1.65,-5.13,2.56,1181.00
[16:25:00.680],0.00,0.00,-0.00,0.00,0.08,0.12,1.04,1.28,-1.10,1.22,1181.00
[16:25:00.706],0.00,0.00,-0.00,0.00,0.03,0.12,1.08,-2.75,4.52,1.65,1120.00
[16:25:00.732],0.00,0.00,-0.00,0.00,-0.05,0.10,1.03,0.12,-3.11,2.56,1120.00
[16:25:00.758],0.00,0.00,-0.00,0.00,-0.05,0.10,1.03,0.12,-3.11,2.56,1064.00
[16:25:00.779],-0.05,0.00,-0.00,0.00,0.08,0.08,1.06,1.83,2.81,2.08,1064.00
[16:25:00.805],-0.26,0.00,-0.00,0.00,0.02,0.09,1.01,-0.24,4.03,1.53,1064.00
[16:25:00.830],-0.91,0.00,-0.00,0.00,-0.00,0.10,1.08,0.55,5.00,1.65,1064.00
[16:25:00.856],-1.00,0.00,-0.00,0.00,-0.06,0.30,0.98,5.00,5.68,1.28,1026.00
[16:25:00.882],-1.00,0.00,-0.00,0.00,-0.02,0.38,1.10,0.12,-1.34,2.87,1026.00
[16:25:00.908],-1.00,0.00,-0.00,0.00,0.04,0.33,1.06,0.73,-1.34,1.04,1026.00
[16:25:00.933],-1.00,0.00,-0.00,0.00,0.01,0.23,1.08,1.34,0.06,1.10,1026.00
[16:25:00.959],-1.00,0.00,-0.00,0.00,0.01,0.23,1.08,1.34,0.06,1.10,995.00
[16:25:00.980],-1.00,0.00,-0.00,0.00,0.02,0.22,1.09,0.55,0.06,1.28,995.00
[16:25:01.006],-1.00,0.00,-0.00,0.00,0.02,0.16,1.09,1.40,0.43,1.22,995.00
[16:25:01.032],-1.00,0.00,-0.00,0.00,-0.00,0.08,1.00,-0.37,0.85,1.77,995.00
[16:25:01.057],-1.00,0.00,-0.00,0.00,0.01,0.11,1.06,1.28,0.67,1.77,987.00
[16:25:01.083],-1.00,0.00,-0.00,0.00,0.02,0.04,1.04,0.18,1.77,1.53,987.00
[16:25:01.109],-1.00,0.00,-0.00,0.00,0.01,0.03,1.07,0.79,1.77,1.34,989.00
[16:25:01.135],-1.00,0.00,-0.00,0.00,-0.00,0.05,1.06,1.10,2.08,1.53,989.00
[16:25:01.161],-1.00,0.00,-0.00,0.00,-0.00,0.05,1.06,1.10,2.08,1.53,989.00
[16:25:01.187],-1.00,0.00,-0.00,0.00,-0.00,0.09,1.05,1.65,2.14,1.40,989.00
[16:25:01.213],-1.00,0.00,-0.00,0.00,0.00,0.09,1.05,0.31,1.10,1.04,1000.00
[16:25:01.233],-1.00,0.72,-0.00,0.00,-0.01,0.06,1.01,0.18,-0.24,1.16,1000.00
[16:25:01.259],-1.00,0.85,-0.00,0.00,0.02,0.03,1.01,-0.79,-1.16,1.22,1000.00
[16:25:01.285],-1.00,1.00,-0.00,0.00,0.04,0.06,1.09,1.46,-1.04,2.50,1000.00
[16:25:01.311],-1.00,1.00,-0.00,0.00,0.08,0.02,1.04,0.49,-1.10,6.04,1016.00
[16:25:01.337],-1.00,1.00,-0.00,0.00,0.08,0.05,1.05,1.10,-1.59,11.47,1016.00
[16:25:01.364],-1.00,1.00,-0.00,0.00,0.08,0.05,1.05,1.10,-1.59,11.47,1016.00
[16:25:01.390],-1.00,1.00,-0.00,0.00,0.10,0.04,1.03,1.22,-0.73,16.24,1016.00
[16:25:01.416],-1.00,1.00,-0.00,0.00,0.08,0.03,1.06,1.59,-1.65,21.97,1029.00
[16:25:01.437],-1.00,1.00,-0.00,0.00,0.00,0.05,1.04,0.18,0.61,24.66,1029.00
[16:25:01.463],-1.00,1.00,-0.00,0.00,0.04,0.03,1.05,1.71,1.65,25.15,1029.00
[16:25:01.488],-1.00,1.00,-0.00,0.00,-0.02,0.03,1.03,2.75,0.24,26.18,1029.00
[16:25:01.515],-1.00,1.00,-0.00,0.00,0.03,0.02,1.06,0.92,-1.53,26.55,1017.00
[16:25:01.541],-1.00,1.00,-0.00,0.00,0.03,0.02,1.06,0.92,-1.53,26.55,1017.00
[16:25:01.562],-1.00,1.00,-0.00,0.00,0.02,0.02,1.02,1.53,1.83,27.71,1005.00
[16:25:01.587],-1.00,1.00,-0.00,0.00,0.02,0.04,1.05,1.04,3.23,28.56,1005.00
[16:25:01.613],-1.00,1.00,-0.00,0.00,-0.02,0.03,1.03,-0.06,-0.43,29.17,1005.00
[16:25:01.639],-1.00,1.00,-0.00,0.00,0.04,0.03,1.05,3.23,0.06,29.24,1005.00
[16:25:01.665],-1.00,1.00,-0.00,0.00,0.01,-0.00,1.02,1.71,1.10,29.97,998.00
[16:25:01.691],-1.00,1.00,-0.00,0.00,-0.01,0.02,0.98,3.72,1.28,30.46,998.00
[16:25:01.717],-1.00,1.00,-0.00,0.00,-0.00,0.06,1.05,3.72,0.98,30.70,998.00
[16:25:01.743],-1.00,1.00,-0.00,0.00,-0.00,0.06,1.05,3.72,0.98,30.70,998.00
[16:25:01.763],-1.00,1.00,-0.00,0.00,-0.09,0.00,1.13,0.55,-1.65,29.91,988.00
[16:25:01.792],-1.00,1.00,-0.00,0.00,0.01,0.02,1.00,-1.83,-2.87,28.02,988.00
[16:25:01.818],-1.00,1.00,-0.00,0.00,0.00,-0.00,1.01,0.67,1.04,30.15,988.00
[16:25:01.839],-1.00,1.00,-0.00,0.00,0.02,0.02,1.08,-0.98,6.29,33.20,988.00
[16:25:01.865],-1.00,1.00,-0.00,0.00,-0.05,-0.00,1.08,-0.24,2.26,31.98,989.00
[16:25:01.891],-1.00,1.00,-0.00,0.00,-0.01,0.03,1.01,0.00,-4.15,32.35,989.00
[16:25:01.917],-1.00,1.00,-0.00,0.00,-0.01,0.03,1.01,0.00,-4.15,32.35,986.00
[16:25:01.943],-1.00,1.00,-0.00,0.00,0.00,0.03,1.01,2.62,-1.34,33.51,986.00
[16:25:01.964],-1.00,1.00,-0.00,0.00,0.01,0.02,1.07,2.62,0.67,33.81,986.00
[16:25:01.990],-1.00,1.00,-0.00,0.00,-0.03,0.01,1.05,1.40,-2.81,32.90,986.00
[16:25:02.016],-1.00,1.00,-0.00,0.00,-0.02,-0.01,1.06,0.37,0.00,30.09,994.00
[16:25:02.042],-1.00,1.00,-0.00,0.00,-0.03,-0.01,1.06,1.59,-3.78,32.17,994.00
[16:25:02.068],-1.00,1.00,-0.00,0.00,0.05,0.02,0.96,3.48,0.98,33.57,994.00
[16:25:02.094],-1.00,1.00,-0.00,0.00,0.00,0.06,1.09,3.05,1.40,34.91,994.00
[16:25:02.120],-1.00,1.00,-0.00,0.00,0.00,0.06,1.09,3.05,1.40,34.91,1006.00
[16:25:02.141],-1.00,1.00,-0.00,0.00,-0.01,0.01,1.14,1.28,0.12,36.56,1006.00
[16:25:02.167],-1.00,1.00,-0.00,0.00,0.02,0.03,0.98,-0.12,4.03,36.50,1006.00
[16:25:02.192],-1.00,1.00,-0.00,0.00,-0.04,0.01,1.04,1.59,2.87,36.93,1006.00
[16:25:02.218],-1.00,1.00,-0.00,0.00,-0.03,0.02,1.14,1.28,-2.38,35.52,1006.00
[16:25:02.244],-1.00,1.00,-0.00,0.00,-0.02,0.01,1.00,-1.16,-1.65,33.45,1020.00
[16:25:02.270],-1.00,1.00,-0.00,0.00,0.00,0.02,0.98,1.10,0.31,33.14,1020.00
[16:25:02.296],-1.00,1.00,-0.00,0.00,0.02,0.02,1.08,2.26,0.98,35.52,1020.00
[16:25:02.322],-1.00,1.00,-0.00,0.00,0.02,0.02,1.08,2.26,0.98,35.52,1020.00
[16:25:02.348],-1.00,1.00,-0.00,0.00,-0.02,0.08,1.13,1.28,2.50,35.83,1042.00
[16:25:02.368],-1.00,1.00,-0.00,0.00,-0.05,0.03,0.96,0.37,-2.69,36.99,1042.00
[16:25:02.394],-1.00,1.00,-0.00,0.00,0.04,0.02,1.14,0.61,2.26,40.47,1062.00
[16:25:02.420],-1.00,1.00,-0.00,0.00,-0.05,0.01,1.04,0.00,1.95,37.90,1062.00
[16:25:02.446],-1.00,1.00,-0.00,0.00,-0.03,0.02,1.00,0.92,-0.31,37.60,1062.00
[16:25:02.472],-1.00,1.00,-0.00,0.00,-0.04,-0.07,1.05,0.73,-4.03,37.23,1062.00
[16:25:02.498],-1.00,1.00,-0.00,0.00,-0.04,-0.07,1.05,0.73,-4.03,37.23,1091.00
[16:25:02.518],-1.00,1.00,-0.00,0.00,0.03,0.03,1.06,6.84,2.08,37.23,1091.00
[16:25:02.544],-1.00,1.00,-0.00,0.00,-0.01,0.03,1.11,-0.73,-0.37,37.54,1091.00
[16:25:02.570],-1.00,1.00,-0.00,0.00,-0.01,0.01,0.99,1.04,-0.49,37.90,1091.00
[16:25:02.596],-1.00,1.00,-0.00,0.00,-0.00,0.04,1.09,2.56,0.43,40.53,1124.00
[16:25:02.622],-1.00,1.00,-0.00,0.00,-0.01,0.00,1.09,3.85,-2.32,37.96,1124.00
[16:25:02.643],-1.00,1.00,-0.00,0.00,-0.04,0.02,1.12,-0.12,-1.46,38.45,1124.00
[16:25:02.674],-1.00,1.00,-0.00,0.00,-0.01,0.00,0.94,-2.26,-1.71,38.15,1124.00
[16:25:02.695],-1.00,1.00,-0.00,0.00,-0.01,0.00,0.94,-2.26,-1.71,38.15,1166.00
[16:25:02.721],-1.00,1.00,-0.00,0.00,-0.00,-0.05,1.01,2.87,2.75,38.76,1166.00
[16:25:02.747],-1.00,1.00,-0.00,0.00,-0.09,0.02,1.09,1.34,0.79,39.55,1166.00
[16:25:02.773],-1.00,1.00,-0.00,0.00,-0.06,0.04,0.99,-1.28,-1.10,38.33,1166.00
[16:25:02.799],-1.00,1.00,-0.00,0.00,0.02,-0.01,1.04,3.05,-1.04,40.59,1210.00
[16:25:02.825],-1.00,1.00,-0.00,0.00,-0.07,-0.00,1.12,1.95,0.37,39.73,1210.00
[16:25:02.846],-1.00,1.00,-0.00,0.00,-0.03,-0.01,1.02,1.83,-2.26,37.90,1260.00
[16:25:02.872],-1.00,1.00,-0.00,0.00,-0.03,-0.01,1.02,1.83,-2.26,37.90,1260.00
[16:25:02.898],-1.00,1.00,-0.00,0.00,0.03,0.02,1.07,-2.14,1.10,40.10,1260.00
[16:25:02.924],-1.00,1.00,-0.00,0.00,-0.02,-0.01,1.00,5.13,2.69,41.50,1260.00
[16:25:02.949],-1.00,1.00,-0.00,0.00,-0.05,0.04,1.01,1.22,-1.10,40.89,1321.00
[16:25:02.970],-1.00,1.00,-0.00,0.00,-0.03,-0.02,1.05,1.46,-1.59,42.54,1321.00
[16:25:02.996],-1.00,1.00,-0.00,0.00,-0.01,0.06,1.05,4.94,-1.34,41.93,1321.00
[16:25:03.022],-1.00,1.00,-0.00,0.00,-0.03,-0.02,1.02,0.06,0.73,38.76,1321.00
[16:25:03.048],-1.00,1.00,-0.00,0.00,-0.05,-0.04,1.07,0.49,-3.05,39.12,1394.00
[16:25:03.074],-1.00,1.00,-0.00,0.00,-0.05,-0.04,1.07,0.49,-3.05,39.12,1394.00
[16:25:03.100],-1.00,1.00,-0.00,0.00,-0.02,0.04,0.90,3.78,-4.82,39.43,1394.00
[16:25:03.126],-1.00,1.00,-0.00,0.00,0.06,0.03,1.08,2.26,4.27,43.03,1394.00
[16:25:03.151],-1.00,1.00,-0.00,0.00,-0.13,0.04,1.20,2.20,0.85,43.70,1462.00
[16:25:03.177],-1.00,1.00,-0.00,0.00,-0.03,0.03,0.83,0.18,1.71,40.65,1462.00
[16:25:03.198],-1.00,1.00,-0.00,0.00,-0.02,0.02,1.14,4.70,-1.10,43.46,1551.00
[16:25:03.224],-1.00,1.00,-0.00,0.00,-0.06,-0.01,1.02,1.16,-2.75,38.33,1551.00
[16:25:03.255],-1.00,1.00,-0.00,0.00,0.01,-0.02,1.05,3.66,-2.26,39.31,1551.00
[16:25:03.275],-1.00,1.00,-0.00,0.00,0.01,-0.02,1.05,3.66,-2.26,39.31,1551.00
[16:25:03.301],-1.00,1.00,-0.00,0.00,-0.01,0.02,0.96,1.89,1.40,40.47,1646.00
[16:25:03.327],-1.00,1.00,-0.00,0.00,0.01,0.05,1.12,5.07,-1.71,43.09,1646.00
[16:25:03.353],-1.00,1.00,-0.00,0.00,-0.05,0.05,1.02,-1.04,5.80,44.62,1646.00
[16:25:03.379],-1.00,1.00,-0.00,0.00,-0.01,-0.01,1.03,4.15,0.43,42.85,1646.00
[16:25:03.405],-1.00,1.00,-0.00,0.00,-0.05,0.04,1.05,3.30,-1.46,41.56,1756.00
[16:25:03.425],-1.00,1.00,-0.00,0.00,-0.10,-0.02,1.12,1.89,-5.55,40.59,1756.00
[16:25:03.451],-1.00,0.93,-0.00,0.00,-0.10,-0.02,1.12,1.89,-5.55,40.59,1756.00
[16:25:03.477],-0.09,0.30,-0.00,0.00,0.02,0.00,0.99,1.04,-3.30,39.31,1756.00
[16:25:03.503],0.00,0.00,-0.00,0.00,0.02,0.02,0.97,3.66,5.07,41.50,1868.00
[16:25:03.529],0.02,0.00,-0.00,0.00,-0.23,0.02,1.18,1.22,3.42,41.56,1868.00
[16:25:03.555],0.17,0.00,-0.00,0.00,-0.15,-0.03,0.91,-3.60,-4.03,29.91,1868.00
[16:25:03.576],0.65,-0.42,-0.00,0.00,-0.21,-0.08,1.00,1.46,0.61,24.41,1868.00
[16:25:03.603],0.67,-0.52,-0.00,0.00,-0.11,-0.25,1.13,-0.18,-2.14,15.14,1868.00
[16:25:03.629],0.73,-0.69,-0.00,0.00,-0.09,-0.41,0.91,2.81,-0.79,9.95,2023.00
[16:25:03.655],0.76,-0.73,-0.00,0.00,-0.09,-0.41,0.91,2.81,-0.79,9.95,2023.00
[16:25:03.681],0.79,-0.74,-0.00,0.00,-0.05,-0.41,1.03,0.06,0.79,6.23,2106.00
[16:25:03.707],0.81,-0.75,-0.00,0.00,-0.05,-0.38,1.02,0.79,1.40,2.20,2106.00
[16:25:03.728],0.83,-0.75,-0.00,0.00,0.02,-0.32,1.01,1.34,0.06,-0.18,2106.00
[16:25:03.754],0.84,-0.75,-0.00,0.00,0.09,-0.22,1.07,1.77,0.55,3.91,2106.00
[16:25:03.780],0.84,-0.75,-0.00,0.00,0.10,-0.22,1.04,0.67,1.22,9.34,2117.00
[16:25:03.806],0.84,-0.75,-0.00,0.00,0.05,-0.13,1.06,2.20,0.67,12.51,2117.00
[16:25:03.832],0.84,-0.75,-0.00,0.00,0.05,-0.13,1.06,2.20,0.67,12.51,2117.00
[16:25:03.853],0.84,-0.74,-0.00,0.00,0.07,-0.13,1.03,0.85,-0.18,17.64,2117.00
[16:25:03.879],0.85,-0.74,-0.00,0.00,0.08,-0.09,1.03,0.79,1.04,19.17,2121.00
[16:25:03.904],0.85,-0.74,-0.00,0.00,0.08,-0.10,1.02,-0.43,1.10,22.58,2121.00
[16:25:03.930],0.85,-0.74,-0.00,0.00,0.09,-0.08,1.05,1.65,-1.46,25.02,2121.00
[16:25:03.956],0.85,-0.74,-0.00,0.00,0.04,-0.10,1.07,1.22,0.61,29.48,2121.00
[16:25:03.982],0.87,-0.74,-0.00,0.00,0.10,-0.15,1.02,1.89,-0.06,30.09,2152.00
[16:25:04.008],0.90,-0.74,-0.00,0.00,0.11,-0.08,1.08,1.04,1.16,32.41,2152.00
[16:25:04.034],0.93,-0.74,-0.00,0.00,0.11,-0.08,1.08,1.04,1.16,32.41,2198.00
[16:25:04.054],1.00,-0.74,-0.00,0.00,0.03,-0.06,1.08,1.83,-0.12,32.29,2198.00
[16:25:04.080],1.00,-0.74,-0.00,0.00,0.09,-0.09,0.95,2.20,-0.92,32.96,2198.00
[16:25:04.106],1.00,-0.74,-0.00,0.00,0.10,-0.12,1.00,3.42,1.71,35.71,2198.00
[16:25:04.132],1.00,-0.74,-0.00,0.00,0.10,-0.07,1.20,2.75,2.38,38.09,2269.00
[16:25:04.158],1.00,-0.74,-0.00,0.00,0.06,-0.10,0.99,-0.79,-0.31,43.27,2269.00
[16:25:04.184],1.00,-0.74,-0.00,0.00,0.08,-0.08,1.03,-1.10,0.00,44.01,2269.00
[16:25:04.210],1.00,-0.74,-0.00,0.00,0.02,-0.08,1.07,5.19,0.43,47.00,2269.00
[16:25:04.235],1.00,-0.74,-0.00,0.00,0.02,-0.08,1.07,5.19,0.43,47.00,2356.00
[16:25:04.261],1.00,-0.72,-0.00,0.00,0.11,-0.10,1.00,-0.61,-2.75,49.01,2356.00
[16:25:04.282],1.00,-0.65,-0.00,0.00,0.09,-0.06,1.05,0.85,-4.58,49.62,2427.00
[16:25:04.308],1.00,-0.65,-0.00,0.00,0.12,-0.08,1.04,1.89,1.46,52.55,2427.00
[16:25:04.334],1.00,-0.65,-0.00,0.00,0.08,-0.07,1.07,-0.67,2.62,53.96,2579.00
[16:25:04.360],1.00,-0.63,-0.00,0.00,0.09,-0.08,1.08,-0.98,-3.17,54.08,2579.00
[16:25:04.386],1.00,-0.63,-0.00,0.00,0.12,-0.07,0.97,-0.67,-3.85,52.86,2662.00
[16:25:04.412],1.00,-0.63,-0.00,0.00,0.12,-0.02,0.86,7.81,-9.34,52.12,2662.00
[16:25:04.438],1.00,-0.63,-0.00,0.00,0.12,-0.02,0.86,7.81,-9.34,52.12,2776.00
[16:25:04.463],1.00,-0.63,-0.00,0.00,0.20,-0.09,1.06,-1.04,0.98,54.87,2776.00
[16:25:04.489],1.00,-0.63,-0.00,0.00,0.07,-0.03,0.99,3.91,2.81,54.87,2869.00
[16:25:04.511],1.00,-0.63,-0.00,0.00,0.12,-0.13,1.05,-5.31,-6.41,56.64,2869.00
[16:25:04.536],1.00,-0.63,-0.00,0.00,0.11,-0.01,1.03,10.13,-3.11,59.69,3016.00
[16:25:04.562],1.00,-0.63,-0.00,0.00,0.13,-0.01,0.89,-4.39,-2.81,59.88,3016.00
[16:25:04.588],1.00,-0.63,-0.00,0.00,0.16,-0.05,1.17,4.64,1.83,62.93,3039.00
[16:25:04.614],1.00,-0.63,-0.00,0.00,0.13,-0.05,0.92,-2.62,5.13,61.22,3039.00
[16:25:04.640],1.00,-0.35,-0.00,0.00,0.13,-0.05,0.92,-2.62,5.13,61.22,2226.00
[16:25:04.666],1.00,-0.20,-0.00,0.00,0.23,-0.03,1.02,8.54,-10.93,64.15,2226.00
[16:25:04.692],1.00,-0.15,-0.00,0.00,0.14,0.01,0.96,-0.37,7.51,66.53,2070.00
[16:25:04.718],1.00,0.00,-0.00,0.00,-0.10,-0.02,1.05,-1.95,-1.40,59.63,2070.00
[16:25:04.739],1.00,0.00,-0.00,0.00,-0.21,-0.08,1.05,1.95,1.95,41.69,2059.00
[16:25:04.764],1.00,0.00,-0.00,0.00,-0.20,-0.07,1.16,0.79,-0.98,26.55,2059.00
[16:25:04.790],1.00,0.00,-0.00,0.00,-0.23,-0.03,1.04,3.23,3.66,8.00,1582.00
[16:25:04.817],1.00,0.00,-0.00,0.00,-0.02,-0.13,0.92,-3.36,-1.46,1.89,1582.00
[16:25:04.843],1.00,0.00,-0.00,0.00,-0.02,-0.13,0.92,-3.36,-1.46,1.89,1790.00
[16:25:04.869],0.99,0.00,-0.00,0.00,0.03,-0.08,1.14,4.82,7.87,1.04,1790.00
[16:25:04.895],0.99,0.00,-0.00,0.00,-0.05,-0.04,1.07,7.20,-4.88,0.24,1803.00
[16:25:04.921],0.99,0.00,-0.00,0.00,0.03,-0.05,1.23,0.12,-0.79,0.98,1803.00
[16:25:04.941],0.99,0.00,-0.00,0.00,0.00,-0.05,0.78,1.16,8.54,0.06,2255.00
[16:25:04.967],0.99,0.00,-0.00,0.00,-0.04,-0.10,1.19,1.16,-0.43,2.08,2255.00
[16:25:04.993],0.99,0.00,-0.00,0.00,0.03,-0.06,1.00,2.38,1.95,0.49,1491.00
[16:25:05.024],0.99,0.00,-0.00,0.00,-0.04,-0.06,0.82,-2.75,-0.12,0.98,1491.00
[16:25:05.045],0.99,0.00,-0.00,0.00,-0.04,-0.06,0.82,-2.75,-0.12,0.98,1644.00
[16:25:05.071],0.99,0.00,-0.00,0.00,-0.07,-0.13,1.22,1.22,3.66,-0.24,1644.00
[16:25:05.097],0.99,0.00,-0.00,0.00,-0.08,-0.03,1.00,3.36,9.64,-0.06,1857.00
[16:25:05.122],0.99,0.00,-0.00,0.00,-0.02,-0.10,1.12,-4.33,-0.43,0.73,1857.00
[16:25:05.148],0.99,0.00,-0.00,0.00,0.04,-0.00,1.30,5.00,5.55,0.61,1172.00
[16:25:05.169],0.99,0.00,-0.00,0.00,-0.02,-0.04,1.29,-0.67,-1.77,2.99,1172.00
[16:25:05.195],0.99,0.00,-0.00,0.00,0.04,-0.06,1.06,-2.14,2.44,2.44,1759.00
[16:25:05.221],0.99,0.00,-0.00,0.00,0.04,-0.06,1.06,-2.14,2.44,2.44,1759.00
[16:25:05.247],0.99,-0.27,-0.00,0.00,0.01,-0.08,1.28,0.18,7.32,0.67,1759.00
[16:25:05.273],0.99,-0.36,-0.00,0.00,-0.02,-0.14,1.08,8.42,-5.55,0.06,1445.00
[16:25:05.294],0.99,-0.70,-0.00,0.00,-0.02,-0.10,0.95,-3.66,1.34,-0.37,1445.00
[16:25:05.320],0.99,-0.73,-0.00,0.00,0.40,-0.09,1.33,6.16,3.72,6.10,1333.00
[16:25:05.346],0.99,-0.73,-0.00,0.00,0.38,-0.02,1.10,-0.31,-6.35,30.94,1333.00
[16:25:05.372],0.98,-0.74,-0.00,0.00,0.37,-0.02,0.85,-2.38,-2.38,49.38,1406.00
[16:25:05.398],0.98,-0.73,-0.00,0.00,0.23,-0.02,0.89,6.35,0.67,55.54,1406.00
[16:25:05.424],0.98,-0.73,-0.00,0.00,0.23,-0.02,0.89,6.35,0.67,55.54,1487.00
[16:25:05.450],0.98,-0.74,-0.00,0.00,0.35,0.01,1.12,-0.55,-0.12,67.57,1487.00
[16:25:05.475],0.98,-0.73,-0.00,0.00,0.22,0.07,0.91,2.56,-7.69,77.51,1327.00
[16:25:05.496],0.98,-0.73,-0.00,0.00,0.25,-0.07,0.85,8.91,6.77,76.97,1327.00
[16:25:05.522],0.98,-0.62,-0.00,0.00,0.44,0.09,1.48,-6.29,-5.68,91.74,2495.00
[16:25:05.548],0.98,-0.50,-0.00,0.00,0.15,0.01,0.65,0.43,-0.92,89.54,2495.00
[16:25:05.574],0.98,-0.33,-0.00,0.00,0.33,0.04,1.37,4.39,6.04,88.50,2098.00
[16:25:05.600],0.98,0.00,-0.00,0.00,0.33,0.04,1.37,4.39,6.04,88.50,2098.00
[16:25:05.626],0.98,0.00,-0.00,0.00,0.13,0.07,1.10,5.43,-2.81,92.04,2345.00
[16:25:05.646],0.98,0.00,-0.00,0.00,-0.14,-0.03,0.79,5.49,6.16,70.92,2345.00
[16:25:05.672],0.98,0.00,-0.00,0.00,-0.26,-0.03,1.06,-4.21,1.04,43.46,2791.00
[16:25:05.698],0.98,0.00,-0.00,0.00,-0.34,-0.10,1.25,-2.75,-0.24,21.18,2791.00
[16:25:05.724],0.98,0.00,-0.00,0.00,0.07,0.00,0.85,7.75,5.00,-1.77,2595.00
[16:25:05.750],0.98,0.00,-0.00,0.00,0.06,-0.06,1.10,-8.48,0.31,-1.22,2595.00
[16:25:05.776],0.98,0.00,-0.00,0.00,0.08,-0.08,1.23,9.16,-7.32,-2.87,2759.00
[16:25:05.802],0.98,0.00,-0.00,0.00,0.08,-0.08,1.23,9.16,-7.32,-2.87,2759.00
[16:25:05.823],0.98,0.00,-0.00,0.00,0.02,-0.01,0.90,-2.44,5.49,-0.12,2705.00
[16:25:05.849],0.98,0.00,-0.00,0.00,-0.09,-0.02,1.16,-5.98,-4.64,2.32,2705.00
[16:25:05.875],0.98,0.00,-0.00,0.00,0.07,-0.08,0.72,3.23,-0.31,-0.06,2574.00
[16:25:05.901],0.98,0.00,-0.00,0.00,0.01,0.03,1.15,-4.88,-0.12,-3.42,2574.00
[16:25:05.927],0.98,0.30,-0.00,0.00,-0.24,0.03,1.38,13.00,4.27,-3.17,2820.00
[16:25:05.953],0.98,0.60,-0.00,0.00,0.01,-0.05,0.91,-2.81,2.81,0.73,2820.00
[16:25:05.974],0.98,0.64,-0.00,0.00,0.01,-0.05,0.91,-2.81,2.81,0.73,2801.00
[16:25:06.000],0.98,0.94,-0.00,0.00,-0.29,-0.06,0.97,-2.08,2.69,-3.66,2801.00
[16:25:06.026],0.98,0.95,-0.00,0.00,-0.28,-0.02,1.10,2.14,9.09,-26.06,2753.00
[16:25:06.052],0.98,0.94,-0.00,0.00,-0.34,0.09,1.23,1.16,1.04,-42.36,2753.00
[16:25:06.078],0.98,0.94,-0.00,0.00,-0.30,-0.03,1.10,2.62,-10.38,-52.37,2564.00
[16:25:06.098],0.98,0.94,-0.00,0.00,-0.31,0.15,1.13,-4.76,2.93,-62.07,2564.00
[16:25:06.125],0.98,0.52,-0.00,0.00,-0.35,0.09,0.90,-0.79,-0.06,-70.13,2753.00
[16:25:06.151],0.98,0.20,-0.00,0.00,-0.21,0.03,0.99,-6.53,13.00,-80.20,2753.00
[16:25:06.176],0.98,0.00,-0.00,0.00,-0.21,0.03,0.99,-6.53,13.00,-80.20,2153.00
[16:25:06.202],0.98,0.00,-0.00,0.00,-0.20,-0.02,1.12,0.61,-1.59,-82.46,2153.00
[16:25:06.229],0.98,0.00,-0.00,0.00,-0.15,0.04,1.09,-3.05,-8.42,-84.90,2147.00
[16:25:06.254],0.98,0.00,-0.00,0.00,0.28,-0.04,0.93,1.16,-2.87,-69.64,2147.00
[16:25:06.275],0.98,0.00,-0.00,0.00,0.24,-0.07,0.95,-2.38,5.49,-36.32,2917.00
[16:25:06.301],0.98,0.00,-0.00,0.00,0.26,-0.04,1.02,-3.78,-1.71,-10.38,2917.00
[16:25:06.327],0.98,0.00,-0.00,0.00,0.15,-0.05,1.28,5.31,-1.22,3.48,2475.00
[16:25:06.353],0.98,0.00,-0.00,0.00,0.15,-0.05,1.28,5.31,-1.22,3.48,2475.00
[16:25:06.379],0.98,0.00,-0.00,0.00,0.09,-0.05,1.02,1.65,-3.85,3.91,2951.00
[16:25:06.405],0.98,0.00,-0.00,0.00,0.08,-0.09,0.95,3.85,-0.06,3.30,2951.00
[16:25:06.425],0.98,0.00,-0.00,0.00,0.03,-0.01,1.26,1.65,-1.71,5.98,2397.00
[16:25:06.451],0.98,0.00,-0.00,0.00,-0.00,0.02,0.75,0.55,5.13,3.05,2397.00
[16:25:06.477],0.98,0.00,-0.00,0.00,0.06,0.01,1.31,2.93,2.87,1.59,2651.00
[16:25:06.503],0.98,0.00,-0.00,0.00,0.03,-0.01,1.17,3.36,-3.72,0.85,2651.00
[16:25:06.529],0.98,0.00,-0.00,0.00,0.13,-0.02,1.10,4.82,4.76,1.89,3110.00
[16:25:06.555],0.98,0.00,-0.00,0.00,0.13,-0.02,1.10,4.82,4.76,1.89,3110.00
[16:25:06.581],0.98,0.00,-0.00,0.00,-0.09,0.00,1.16,-3.72,-0.24,2.32,3110.00
[16:25:06.607],0.98,0.00,-0.00,0.00,-0.07,-0.02,0.62,2.44,4.46,1.77,3148.00
[16:25:06.633],0.98,0.00,-0.00,0.00,0.05,-0.04,1.20,-0.98,6.84,0.31,3148.00
[16:25:06.654],0.98,0.00,-0.00,0.00,-0.02,-0.03,0.76,-0.18,6.77,1.65,2506.00
[16:25:06.679],0.98,0.00,-0.00,0.00,-0.10,-0.07,1.22,-0.73,-5.86,2.87,2506.00
[16:25:06.705],0.98,-0.23,-0.00,0.00,0.12,-0.01,0.98,-5.98,-2.08,3.36,2733.00
[16:25:06.731],0.98,-0.44,-0.00,0.00,0.12,0.06,0.95,8.48,-7.51,0.98,2733.00
[16:25:06.757],0.97,-0.77,-0.00,0.00,0.12,0.06,0.95,8.48,-7.51,0.98,3157.00
[16:25:06.783],0.97,-0.92,-0.00,0.00,0.25,-0.08,1.33,-1.77,-8.91,-0.55,3157.00
[16:25:06.809],0.97,-0.97,-0.00,0.00,0.24,0.02,0.70,3.85,-0.67,15.81,3225.00
[16:25:06.835],0.97,-0.98,-0.00,0.00,0.38,-0.07,1.28,-0.24,2.20,35.28,3225.00
[16:25:06.856],0.97,-0.98,-0.00,0.00,0.33,0.02,0.87,-0.92,-6.04,56.76,3068.00
[16:25:06.882],0.97,-0.98,-0.00,0.00,0.40,0.02,1.26,4.94,3.36,63.54,3068.00
[16:25:06.908],0.97,-0.98,-0.00,0.00,0.39,0.08,1.04,0.00,-16.60,72.45,3038.00
[16:25:06.934],0.98,0.00,-0.00,0.00,0.40,0.02,1.17,1.22,6.77,77.45,3038.00
[16:25:06.960],0.98,0.00,-0.00,0.00,0.40,0.02,1.17,1.22,6.77,77.45,1698.00
[16:25:06.986],0.98,0.00,-0.00,0.00,0.37,0.22,1.26,0.73,-3.85,87.34,1698.00
[16:25:07.012],0.98,0.00,-0.00,0.00,0.28,0.08,0.93,8.97,-1.34,87.10,1912.00
[16:25:07.037],0.98,0.00,-0.00,0.00,0.40,0.05,1.11,3.85,-1.28,90.64,1912.00
[16:25:07.058],0.98,0.00,-0.00,0.00,0.46,0.01,1.26,6.77,-4.64,94.85,2162.00
[16:25:07.084],0.98,0.00,-0.00,0.00,-0.15,-0.04,0.92,-2.08,5.31,77.94,2162.00
[16:25:07.110],0.98,0.00,-0.00,0.00,-0.41,-0.02,1.30,2.01,-1.34,43.40,2579.00
[16:25:07.136],0.98,0.00,-0.00,0.00,-0.41,-0.02,1.30,2.01,-1.34,43.40,2579.00
[16:25:07.161],0.98,0.00,-0.00,0.00,-0.37,0.06,0.98,4.03,3.91,12.39,2425.00
[16:25:07.187],0.98,0.00,-0.00,0.00,-0.24,-0.00,0.83,5.92,-4.33,-0.24,2425.00
[16:25:07.213],0.98,0.00,-0.00,0.00,-0.04,0.01,1.03,-1.65,14.10,-0.67,2546.00
[16:25:07.234],0.98,0.00,-0.00,0.00,-0.11,-0.00,1.13,-0.67,-6.77,3.48,2546.00
[16:25:07.260],0.98,0.00,-0.00,0.00,0.14,-0.03,0.69,5.74,-5.07,-1.34,2266.00
[16:25:07.285],0.98,0.00,-0.00,0.00,0.02,-0.06,0.95,-10.80,3.36,-1.65,2266.00
[16:25:07.311],0.98,0.00,-0.00,0.00,0.03,-0.08,1.43,11.78,-4.94,-0.85,2160.00
[16:25:07.337],0.99,0.66,-0.00,0.00,0.03,-0.08,1.43,11.78,-4.94,-0.85,2160.00
[16:25:07.363],0.99,0.98,-0.00,0.00,0.01,-0.00,0.76,-9.77,0.06,1.83,2087.00
[16:25:07.389],0.99,0.80,-0.00,0.00,0.02,-0.06,1.30,2.87,-3.23,-1.89,2087.00
[16:25:07.415],0.99,0.36,-0.00,0.00,-0.16,-0.04,1.16,4.27,1.95,-5.00,2144.00
[16:25:07.436],0.98,0.00,-0.00,0.00,-0.43,0.05,0.65,2.20,2.93,-21.00,2144.00
[16:25:07.461],0.98,0.00,-0.00,0.00,-0.55,0.04,1.24,3.54,17.46,-42.72,2110.00
[16:25:07.487],0.98,0.00,-0.00,0.00,-0.27,0.04,1.05,-1.04,-9.58,-55.73,2110.00
[16:25:07.514],0.98,0.00,-0.00,0.00,-0.27,0.04,1.05,-1.04,-9.58,-55.73,2173.00
[16:25:07.540],0.98,0.00,-0.00,0.00,0.30,-0.09,0.80,5.13,-4.21,-47.18,2173.00
[16:25:07.561],0.98,0.00,-0.00,0.00,0.22,-0.05,1.05,-7.51,2.50,-16.91,2309.00
[16:25:07.587],0.98,0.00,-0.00,0.00,0.12,-0.03,1.10,13.55,0.49,3.60,2309.00
[16:25:07.612],0.98,0.00,-0.00,0.00,0.02,-0.07,0.85,-11.11,5.80,6.47,2737.00
[16:25:07.639],0.99,0.00,-0.00,0.00,0.05,-0.09,1.08,-2.01,-1.53,1.22,2737.00
[16:25:07.665],0.99,0.00,-0.00,0.00,-0.03,0.08,1.19,5.55,1.04,2.50,2429.00
[16:25:07.691],0.99,0.00,-0.00,0.00,-0.10,-0.05,1.07,-2.56,-7.20,1.22,2429.00
[16:25:07.717],0.99,0.00,-0.00,0.00,-0.10,-0.05,1.07,-2.56,-7.20,1.22,2370.00
[16:25:07.738],0.99,0.00,-0.00,0.00,0.09,-0.00,1.25,2.93,7.45,2.99,2370.00
[16:25:07.764],0.99,0.00,-0.00,0.00,-0.11,-0.02,1.12,-6.47,-2.32,4.76,2497.00
[16:25:07.790],0.99,0.25,-0.00,0.00,0.06,-0.11,1.03,13.31,2.26,2.32,2497.00
[16:25:07.816],0.99,0.49,-0.00,0.00,0.06,-0.02,0.92,-2.87,5.00,1.77,2766.00
[16:25:07.842],0.99,1.00,-0.00,0.00,0.10,0.05,1.09,9.89,7.57,2.38,2766.00
[16:25:07.863],0.99,1.00,-0.00,0.00,-0.31,-0.01,0.83,-2.87,-1.04,0.79,2356.00
[16:25:07.894],0.99,1.00,-0.00,0.00,-0.38,0.02,0.66,-0.92,11.29,-23.86,2356.00
[16:25:07.919],0.99,1.00,-0.00,0.00,-0.38,0.02,0.66,-0.92,11.29,-23.86,2524.00
[16:25:07.945],0.99,1.00,-0.00,0.00,-0.30,0.05,1.12,-2.38,2.14,-44.01,2524.00
[16:25:07.966],0.99,0.81,-0.00,0.00,-0.17,-0.08,0.90,-0.31,-2.01,-53.83,2149.00
[16:25:07.992],0.99,0.28,-0.00,0.00,-0.39,0.01,1.23,-5.19,14.34,-64.58,2149.00
[16:25:08.018],0.99,0.00,-0.00,0.00,-0.31,0.05,1.03,-4.21,3.60,-75.32,2149.00
[16:25:08.044],0.99,0.00,-0.00,0.00,-0.18,-0.01,0.95,1.04,2.26,-81.12,3127.00
[16:25:08.069],0.99,0.00,-0.00,0.00,-0.19,0.01,1.09,-6.71,-5.92,-84.17,3127.00
[16:25:08.096],0.98,0.00,-0.00,0.00,0.14,0.00,1.08,4.70,4.82,-74.89,3059.00
[16:25:08.122],0.98,0.00,-0.00,0.00,0.14,0.00,1.08,4.70,4.82,-74.89,2474.00
[16:25:08.148],0.98,0.00,-0.00,0.00,0.37,-0.06,1.17,-6.59,-7.81,-42.97,2474.00
[16:25:08.173],0.98,0.00,-0.00,0.00,0.43,0.07,1.07,11.35,-5.00,-14.34,2902.00
[16:25:08.194],0.98,0.00,-0.00,0.00,-0.03,0.04,1.09,-0.55,1.65,4.27,2902.00
[16:25:08.220],0.98,0.00,-0.00,0.00,0.08,-0.00,0.88,3.30,-6.90,5.55,2902.00
[16:25:08.246],0.99,0.00,-0.00,0.00,0.11,0.03,1.32,2.44,1.46,6.10,3234.00
[16:25:08.272],0.99,-0.21,-0.00,0.00,-0.13,-0.02,0.57,-4.09,-0.24,5.00,3234.00
[16:25:08.298],0.99,-0.47,-0.00,0.00,0.11,0.03,1.31,2.38,6.10,3.85,2880.00
[16:25:08.324],0.99,-0.66,-0.00,0.00,0.11,0.03,1.31,2.38,6.10,3.85,2880.00
[16:25:08.350],0.99,-0.74,-0.00,0.00,0.26,-0.01,0.81,-1.65,2.14,19.71,3078.00
[16:25:08.375],0.99,-0.75,-0.00,0.00,0.38,0.02,1.03,0.73,3.97,37.72,3078.00
[16:25:08.402],0.99,-0.55,-0.00,0.00,0.43,0.01,0.76,4.03,-17.52,51.39,2815.00
[16:25:08.422],0.99,-0.45,-0.00,0.00,0.53,0.03,1.50,-2.14,-2.87,64.94,2815.00
[16:25:08.448],0.99,0.00,-0.00,0.00,0.35,0.11,0.92,7.32,-12.39,74.28,2965.00
[16:25:08.474],0.99,0.00,-0.00,0.00,0.21,-0.07,1.08,-2.32,5.62,78.43,2965.00
[16:25:08.500],0.99,0.00,-0.00,0.00,0.22,0.13,1.20,0.37,-5.25,83.31,2869.00
[16:25:08.526],0.99,0.00,-0.00,0.00,0.22,0.13,1.20,0.37,-5.25,83.31,2869.00
[16:25:08.552],0.99,0.00,-0.00,0.00,-0.23,0.02,1.05,5.92,9.03,76.05,2833.00
[16:25:08.578],0.99,0.00,-0.00,0.00,-0.61,0.04,0.84,2.01,0.79,43.27,2833.00
[16:25:08.604],0.99,0.00,-0.00,0.00,-0.14,0.01,1.05,-1.16,5.92,7.81,2727.00
[16:25:08.624],0.99,0.00,-0.00,0.00,-0.06,0.02,1.15,-2.56,-4.21,2.93,2727.00
[16:25:08.650],0.99,0.00,-0.00,0.00,0.02,0.03,1.07,9.28,1.59,-0.98,2533.00
[16:25:08.676],0.99,0.00,-0.00,0.00,0.05,-0.05,0.88,-3.48,1.28,-2.01,2533.00
[16:25:08.702],0.99,0.00,-0.00,0.00,0.05,-0.05,0.88,-3.48,1.28,-2.01,2587.00
[16:25:08.728],0.99,0.24,-0.00,0.00,0.11,0.02,1.39,7.93,25.51,-1.04,2587.00
[16:25:08.754],0.99,0.50,-0.00,0.00,-0.18,0.01,0.92,-7.08,-5.37,4.82,2653.00
[16:25:08.775],0.99,0.97,-0.00,0.00,0.03,0.02,0.74,7.39,0.79,-3.17,2653.00
[16:25:08.801],0.99,1.00,-0.00,0.00,-0.31,0.01,1.09,-3.85,12.70,-13.49,2491.00
[16:25:08.827],0.99,1.00,-0.00,0.00,-0.28,-0.01,1.14,5.00,0.55,-32.29,2491.00
[16:25:08.853],0.99,1.00,-0.00,0.00,-0.46,0.06,0.99,-3.85,5.74,-48.58,2601.00
[16:25:08.878],0.99,1.00,-0.00,0.00,-0.41,0.09,0.90,5.07,12.70,-63.66,2601.00
[16:25:08.904],0.99,1.00,-0.00,0.00,-0.41,0.09,0.90,5.07,12.70,-63.66,2422.00
[16:25:08.930],0.99,0.59,-0.00,0.00,-0.26,0.09,1.07,-1.95,6.47,-71.41,2422.00
[16:25:08.951],0.99,0.49,-0.00,0.00,-0.14,0.02,0.89,-3.36,-5.68,-73.79,2135.00
[16:25:08.977],0.99,0.00,-0.00,0.00,-0.33,0.09,1.37,-2.81,7.93,-78.19,2135.00
[16:25:09.003],0.99,0.00,-0.00,0.00,-0.13,-0.03,0.97,-10.44,0.92,-85.21,2045.00
[16:25:09.029],0.99,0.00,-0.00,0.00,-0.42,0.09,1.26,15.62,6.29,-78.80,2045.00
[16:25:09.055],0.99,0.00,-0.00,0.00,0.23,-0.01,1.06,-8.61,-7.69,-68.66,2160.00
[16:25:09.081],0.99,0.00,-0.00,0.00,0.43,-0.06,1.00,8.36,-5.25,-40.41,2160.00
[16:25:09.107],0.99,0.00,-0.00,0.00,0.43,-0.06,1.00,8.36,-5.25,-40.41,1865.00
[16:25:09.133],0.99,0.00,-0.00,0.00,0.28,0.01,1.17,-2.08,-3.17,-4.33,1865.00
[16:25:09.159],0.99,0.00,-0.00,0.00,0.12,0.07,0.87,11.35,-7.57,3.23,1965.00
[16:25:09.180],0.99,0.00,-0.00,0.00,0.08,0.02,1.23,-0.73,2.44,3.78,1965.00
[16:25:09.206],0.99,0.00,-0.00,0.00,0.02,0.01,1.00,3.60,-10.01,4.82,1936.00
[16:25:09.232],0.99,0.00,-0.00,0.00,0.10,-0.04,1.34,-0.79,8.67,5.07,1936.00
[16:25:09.258],0.99,0.00,-0.00,0.00,0.04,-0.09,0.65,-5.86,-8.00,2.62,1749.00
[16:25:09.284],0.99,0.00,-0.00,0.00,0.04,-0.09,0.65,-5.86,-8.00,2.62,1749.00
[16:25:09.305],0.99,0.00,-0.00,0.00,0.01,-0.00,1.41,4.03,11.60,2.99,1660.00
[16:25:09.331],0.99,0.00,-0.00,0.00,-0.14,0.04,0.56,-4.70,-1.71,4.27,1660.00
[16:25:09.356],0.99,0.00,-0.00,0.00,0.13,-0.06,1.25,-2.93,12.51,4.33,1626.00
[16:25:09.382],0.99,0.00,-0.00,0.00,0.00,0.00,0.80,-5.80,-3.60,4.52,1626.00
[16:25:09.408],0.99,0.00,-0.00,0.00,0.11,0.04,1.19,4.27,7.51,1.71,1834.00
[16:25:09.429],0.99,0.00,-0.00,0.00,0.10,-0.10,0.65,-1.16,1.34,3.60,1834.00
[16:25:09.460],0.99,0.00,-0.00,0.00,0.03,0.01,1.49,0.85,3.97,4.58,1718.00
[16:25:09.481],0.99,0.00,-0.00,0.00,0.03,0.01,1.49,0.85,3.97,4.58,1718.00
[16:25:09.507],0.99,0.00,-0.00,0.00,-0.06,-0.09,0.64,-1.28,2.01,5.19,1500.00
[16:25:09.533],0.99,0.00,-0.00,0.00,0.07,-0.03,1.21,12.02,-4.46,2.81,1500.00
[16:25:09.559],0.99,0.00,-0.00,0.00,0.05,-0.05,1.01,-0.92,8.36,3.48,1680.00
[16:25:09.585],0.99,0.00,-0.00,0.00,0.13,-0.02,1.31,1.71,-4.82,3.85,1680.00
[16:25:09.611],0.99,0.00,-0.00,0.00,-0.01,-0.02,0.90,-5.62,2.87,6.04,1692.00
[16:25:09.632],0.99,0.00,-0.00,0.00,-0.02,-0.10,1.22,9.52,-7.69,2.20,1692.00
[16:25:09.658],0.99,0.00,-0.00,0.00,-0.02,-0.10,1.22,9.52,-7.69,2.20,1177.00
[16:25:09.684],0.99,-0.15,-0.00,0.00,0.16,-0.08,1.08,-4.52,1.65,1.83,1177.00
[16:25:09.710],0.99,-0.30,-0.00,0.00,-0.15,-0.02,1.34,4.03,-9.34,2.08,1177.00
[16:25:09.735],0.99,-0.50,-0.00,0.00,0.21,-0.15,0.94,-11.54,3.97,4.03,1180.00
[16:25:09.757],0.99,-0.53,-0.00,0.00,0.27,-0.08,1.28,14.04,-10.50,14.77,1180.00
[16:25:09.783],0.99,-0.60,-0.00,0.00,0.41,0.01,1.17,-2.62,-3.54,34.18,1223.00
[16:25:09.808],0.99,-0.60,-0.00,0.00,0.27,-0.12,1.06,6.53,1.46,55.18,1223.00
[16:25:09.834],0.99,-0.51,-0.00,0.00,0.21,0.08,0.97,-7.69,-3.85,67.93,879.00
[16:25:09.860],0.99,-0.51,-0.00,0.00,0.21,0.08,0.97,-7.69,-3.85,67.93,879.00
[16:25:09.886],0.99,-0.26,-0.00,0.00,0.22,0.03,1.19,16.36,7.81,69.46,949.00
[16:25:09.912],0.99,0.00,-0.00,0.00,0.18,0.09,0.89,-0.06,-5.80,76.84,949.00
[16:25:09.938],0.99,0.00,-0.00,0.00,0.18,0.13,1.09,2.87,8.48,81.85,976.00
[16:25:09.959],0.99,0.00,-0.00,0.00,0.14,0.05,1.16,-3.23,-3.23,84.35,976.00
[16:25:09.985],0.99,0.00,-0.00,0.00,-0.32,-0.06,0.85,7.08,7.93,54.38,925.00
[16:25:10.010],0.99,0.00,-0.00,0.00,-0.65,0.01,1.00,-5.80,7.32,16.72,925.00
[16:25:10.041],0.99,0.00,-0.00,0.00,-0.30,0.12,0.67,7.81,9.46,0.85,1059.00
[16:25:10.062],0.99,0.00,-0.00,0.00,-0.30,0.12,0.67,7.81,9.46,0.85,1059.00
[16:25:10.088],0.99,0.00,-0.00,0.00,-0.15,0.02,0.99,-3.54,4.58,1.40,1227.00
[16:25:10.114],0.99,0.00,-0.00,0.00,0.11,0.02,1.23,10.74,-1.83,-1.40,1227.00
[16:25:10.140],0.99,0.00,-0.00,0.00,-0.02,0.00,0.70,-0.61,6.29,-1.40,941.00
[16:25:10.165],0.99,0.00,-0.00,0.00,-0.03,-0.02,0.97,-0.06,16.54,-2.62,941.00
[16:25:10.186],0.99,0.00,-0.00,0.00,-0.13,0.06,1.37,4.33,2.08,3.05,967.00
[16:25:10.212],1.00,0.30,-0.00,0.00,-0.02,0.05,0.35,-1.95,-2.69,-1.65,967.00
[16:25:10.243],1.00,0.37,-0.00,0.00,-0.06,-0.02,1.17,0.18,7.26,-1.28,687.00
[16:25:10.269],1.00,0.37,-0.00,0.00,-0.06,-0.02,1.17,0.18,7.26,-1.28,687.00
[16:25:10.290],1.00,0.44,-0.00,0.00,-0.09,0.01,0.99,5.25,9.89,-1.89,544.00
[16:25:10.316],1.00,0.60,-0.00,0.00,-0.37,0.05,0.86,1.10,3.48,-16.60,544.00
[16:25:10.342],1.00,0.56,-0.00,0.00,-0.31,0.05,1.04,-1.71,-0.12,-42.42,604.00
[16:25:10.368],1.00,0.28,-0.00,0.00,-0.32,0.02,0.87,7.14,9.52,-52.31,604.00
[16:25:10.394],1.00,0.00,-0.00,0.00,-0.27,0.05,0.91,2.20,5.92,-56.76,583.00
[16:25:10.415],1.00,0.00,-0.00,0.00,-0.59,0.13,1.21,4.88,8.73,-65.61,583.00
[16:25:10.446],1.00,0.00,-0.00,0.00,-0.03,0.04,0.45,-2.56,-2.99,-67.57,685.00
[16:25:10.467],1.00,0.00,-0.00,0.00,-0.03,0.04,0.45,-2.56,-2.99,-67.57,685.00
[16:25:10.493],1.00,0.00,-0.00,0.00,0.37,-0.15,1.30,8.48,3.05,-33.39,392.00
[16:25:10.519],1.00,0.00,-0.00,0.00,0.28,0.01,0.85,-3.11,9.40,-5.80,392.00
[16:25:10.545],1.00,0.00,-0.00,0.00,0.06,-0.06,1.13,0.31,3.05,7.57,4076.00
[16:25:10.571],1.00,0.00,-0.00,0.00,-0.03,-0.07,0.79,-4.82,3.54,7.20,4076.00
[16:25:10.597],1.00,0.00,-0.00,0.00,0.02,0.01,1.26,3.97,9.58,7.20,4469.00
[16:25:10.618],1.00,0.00,-0.00,0.00,-0.12,0.09,0.79,3.42,1.40,5.80,4469.00
[16:25:10.644],1.00,0.00,-0.00,0.00,-0.12,0.09,0.79,3.42,1.40,5.80,4407.00
[16:25:10.670],1.00,0.00,-0.00,0.00,0.18,0.04,1.77,-4.88,2.99,5.19,4407.00
[16:25:10.696],1.00,0.00,-0.00,0.00,-0.08,-0.01,0.63,-2.20,-2.20,4.27,4502.00
[16:25:10.722],1.00,0.00,-0.00,0.00,0.18,0.00,1.50,2.75,3.48,0.79,4502.00
[16:25:10.743],1.00,0.00,-0.00,0.00,0.03,0.03,0.84,-4.27,-0.49,2.08,4282.00
[16:25:10.769],1.00,0.00,-0.00,0.00,0.11,-0.07,1.09,-3.97,-1.46,2.50,4282.00
[16:25:10.795],1.00,0.00,-0.00,0.00,-0.04,-0.02,0.83,-2.32,-6.35,3.36,4345.00
[16:25:10.821],1.00,0.00,-0.00,0.00,0.14,0.03,1.21,-0.98,-1.04,0.37,4345.00
[16:25:10.847],1.00,0.00,-0.00,0.00,0.14,0.03,1.21,-0.98,-1.04,0.37,4273.00
[16:25:10.872],1.00,-0.20,-0.00,0.00,0.06,0.02,0.90,-1.04,-1.89,1.53,4273.00
[16:25:10.898],1.00,-0.29,-0.00,0.00,0.03,-0.07,1.36,-2.75,4.15,4.58,4316.00
[16:25:10.924],1.00,-0.47,-0.00,0.00,0.00,-0.09,0.67,-8.67,-4.27,3.54,4316.00
[16:25:10.945],1.00,-0.52,-0.00,0.00,0.75,0.09,1.70,10.93,-13.00,7.63,4146.00
[16:25:10.970],1.00,-0.51,-0.00,0.00,0.49,-0.05,0.73,-0.24,-4.03,34.61,4146.00
[16:25:10.996],1.00,-0.43,-0.00,0.00,0.43,-0.01,1.17,6.35,-1.40,53.47,4120.00
[16:25:11.022],1.00,0.00,-0.00,0.00,0.43,-0.01,1.17,6.35,-1.40,53.47,4120.00
[16:25:11.048],1.00,0.00,-0.00,0.00,0.32,-0.07,0.69,0.31,-9.70,66.28,4056.00
[16:25:11.074],1.00,0.00,-0.00,0.00,0.33,0.09,1.29,9.40,5.55,69.21,4056.00
[16:25:11.094],1.00,0.00,-0.00,0.00,0.21,-0.03,0.71,-2.38,-19.04,70.92,3971.00
[16:25:11.120],1.00,0.00,-0.00,0.00,-0.31,-0.04,1.46,3.30,14.65,52.19,3971.00
[16:25:11.146],1.00,0.00,-0.00,0.00,-0.16,-0.06,0.57,-7.32,-18.80,19.47,3922.00
[16:25:11.173],1.00,0.00,-0.00,0.00,0.02,-0.09,1.44,-1.40,3.23,-3.66,3922.00
[16:25:11.198],1.00,0.00,-0.00,0.00,-0.01,-0.08,1.02,1.95,-17.52,-3.05,3845.00
[16:25:11.229],1.00,0.00,-0.00,0.00,0.01,-0.13,0.85,-2.50,6.90,-1.53,3845.00
[16:25:11.255],1.00,0.00,-0.00,0.00,0.01,-0.13,0.85,-2.50,6.90,-1.53,3835.00
[16:25:11.276],1.00,-0.28,-0.00,0.00,0.10,-0.15,1.10,-10.86,-11.29,-3.17,3835.00
[16:25:11.302],1.00,-0.45,-0.00,0.00,-0.01,-0.04,1.21,8.18,1.53,-4.58,3785.00
[16:25:11.328],1.00,-0.52,-0.00,0.00,0.10,-0.10,0.99,3.23,-10.74,-3.54,3785.00
[16:25:11.354],1.00,-0.60,-0.00,0.00,0.36,-0.03,1.16,1.16,3.05,7.26,3624.00
[16:25:11.379],1.00,-0.64,-0.00,0.00,0.22,-0.02,0.71,-6.04,-12.88,30.27,3624.00
[16:25:11.400],1.00,-0.70,-0.00,0.00,0.25,-0.04,1.18,11.23,5.25,44.31,3624.00
[16:25:11.431],1.00,-0.75,-0.00,0.00,0.48,0.00,0.96,-2.01,-17.03,65.37,3551.00
[16:25:11.457],1.00,-0.73,-0.00,0.00,0.48,0.00,0.96,-2.01,-17.03,65.37,3537.00
[16:25:11.483],1.00,-0.50,-0.00,0.00,0.44,0.08,1.04,2.38,1.28,74.89,3537.00
[16:25:11.509],1.00,-0.36,-0.00,0.00,0.29,0.06,0.97,-2.69,-8.00,80.26,3496.00
[16:25:11.529],1.00,0.00,-0.00,0.00,0.18,0.03,0.82,0.24,6.35,83.80,3496.00
[16:25:11.555],1.00,0.00,-0.00,0.00,0.31,0.17,1.02,7.51,-6.59,86.12,3496.00
[16:25:11.581],1.00,0.00,-0.00,0.00,0.19,0.12,0.95,-6.04,3.54,92.83,3483.00
[16:25:11.607],1.00,0.00,-0.00,0.00,-0.11,0.09,0.96,14.89,-1.95,72.75,3483.00
[16:25:11.633],1.00,0.00,-0.00,0.00,-0.26,0.00,1.11,-3.23,15.93,46.14,3500.00
[16:25:11.659],1.00,0.50,-0.00,0.00,-0.26,0.00,1.11,-3.23,15.93,46.14,3500.00
[16:25:11.685],1.00,0.73,-0.00,0.00,-0.39,-0.01,0.93,13.61,-3.72,16.05,3501.00
[16:25:11.711],1.00,0.73,-0.00,0.00,-0.32,0.08,0.97,-4.33,19.04,-5.80,3501.00
[16:25:11.732],1.00,0.96,-0.00,0.00,-0.29,-0.02,0.91,3.05,-8.18,-25.57,3493.00
[16:25:11.758],1.00,1.00,-0.00,0.00,-0.41,0.08,1.02,-4.94,11.66,-44.56,3493.00
[16:25:11.784],1.00,1.00,-0.00,0.00,-0.52,0.08,0.65,5.25,-0.73,-51.82,3251.00
[16:25:11.809],1.00,1.00,-0.00,0.00,-0.48,0.13,0.95,-6.90,19.53,-65.73,3251.00
[16:25:11.835],1.00,1.00,-0.00,0.00,-0.45,0.13,1.05,-0.55,-4.39,-72.57,3138.00
[16:25:11.861],1.00,1.00,-0.00,0.00,-0.45,0.13,1.05,-0.55,-4.39,-72.57,3138.00
[16:25:11.887],1.00,1.00,-0.00,0.00,-0.24,0.09,0.86,0.43,8.18,-78.49,3005.00
[16:25:11.913],1.00,1.00,-0.00,0.00,-0.34,0.03,1.09,0.06,-0.85,-82.70,3005.00
[16:25:11.939],0.99,1.00,-0.00,0.00,-0.36,0.19,0.97,-2.56,14.28,-84.78,2840.00
[16:25:11.960],0.66,1.00,-0.00,0.00,-0.32,0.08,1.29,-3.42,-3.17,-88.44,2840.00
[16:25:11.986],0.40,1.00,-0.00,0.00,-0.39,0.09,1.05,7.57,8.36,-87.77,2684.00
[16:25:12.012],0.40,1.00,-0.00,0.00,-0.48,0.19,1.00,0.00,-0.43,-90.88,2684.00
[16:25:12.037],0.00,0.00,-0.00,0.00,-0.43,0.14,0.83,-6.35,24.05,-90.21,2684.00
[16:25:12.064],0.00,0.00,-0.00,0.00,-0.43,0.14,0.83,-6.35,24.05,-90.21,2684.00
[16:25:12.089],0.00,0.00,-0.00,0.00,-0.48,0.21,1.46,4.21,6.84,-92.59,2462.00
[16:25:12.115],0.00,0.00,-0.00,0.00,-0.11,0.18,0.49,-6.71,-4.15,-93.93,2462.00
[16:25:12.141],0.00,0.00,-0.00,0.00,-0.27,0.21,1.43,1.04,12.21,-84.29,2462.00
[16:25:12.167],0.00,0.00,-0.00,0.00,0.18,0.14,0.74,-8.61,-7.63,-76.17,2462.00
[16:25:12.188],0.00,0.00,-0.00,0.00,0.56,0.07,1.27,5.00,-1.16,-46.57,2278.00
[16:25:12.213],0.00,0.00,-0.00,0.00,0.31,0.09,1.22,-6.77,-5.62,-13.92,2278.00
[16:25:12.244],0.00,0.00,-0.00,0.00,0.05,0.16,0.82,7.45,7.51,-1.10,2278.00
[16:25:12.265],-1.00,0.00,-0.00,0.00,0.05,0.16,0.82,7.45,7.51,-1.10,2278.00
[16:25:12.291],-1.00,0.00,-0.00,0.00,0.01,0.09,0.91,3.30,8.97,2.99,2152.00
[16:25:12.317],-1.00,0.00,-0.00,0.00,0.01,0.12,0.69,-4.33,-2.08,3.91,2152.00
[16:25:12.343],-1.00,0.00,-0.00,0.00,0.09,0.12,1.51,9.34,-1.10,3.72,2152.00
[16:25:12.369],-1.00,0.00,-0.00,0.00,-0.04,0.16,1.06,-1.10,1.28,4.70,2152.00
[16:25:12.395],-1.00,0.00,-0.00,0.00,-0.01,0.15,0.58,0.92,-5.55,2.32,2002.00
[16:25:12.416],-1.00,0.00,-0.00,0.00,0.03,0.18,1.29,0.12,-0.18,2.20,2002.00
[16:25:12.441],-1.00,0.00,-0.00,0.00,0.03,0.18,1.29,0.12,-0.18,2.20,1867.00
[16:25:12.467],-1.00,0.00,-0.00,0.00,0.02,0.16,1.02,3.17,1.89,1.89,1867.00
[16:25:12.493],-1.00,0.00,-0.00,0.00,-0.03,0.15,0.75,-1.95,1.22,4.88,1867.00
[16:25:12.519],-1.00,0.00,-0.00,0.00,-0.01,0.15,1.28,-1.89,3.78,4.82,1867.00
[16:25:12.545],-1.00,0.00,-0.00,0.00,-0.06,0.15,0.99,0.37,-0.73,4.09,1743.00
[16:25:12.566],-1.00,0.00,-0.00,0.00,-0.10,0.13,0.74,-1.10,-3.97,2.87,1743.00
[16:25:12.592],-1.00,0.00,-0.00,0.00,0.06,0.12,1.29,-1.22,1.22,1.65,1743.00
[16:25:12.623],-1.00,0.00,-0.00,0.00,-0.01,0.07,0.75,4.88,2.32,2.14,1743.00
[16:25:12.643],-1.00,0.00,-0.00,0.00,-0.01,0.07,0.75,4.88,2.32,2.14,1639.00
[16:25:12.669],-1.00,0.00,-0.00,0.00,-0.06,0.20,1.02,-8.61,0.00,2.50,1639.00
[16:25:12.695],-0.42,0.00,-0.00,0.00,0.07,0.13,1.34,6.41,-1.71,2.38,1639.00
[16:25:12.721],0.00,0.00,-0.00,0.00,-0.03,0.12,0.72,-5.19,6.65,4.88,1639.00
[16:25:12.747],0.00,0.00,-0.00,0.00,0.03,0.10,1.27,2.20,3.11,2.81,1539.00
[16:25:12.768],0.00,0.00,-0.00,0.00,-0.03,0.07,0.94,-4.09,-2.26,3.78,1539.00
[16:25:12.794],0.00,0.00,-0.00,0.00,0.07,0.09,1.09,8.06,-4.09,0.98,1539.00
[16:25:12.819],0.00,0.00,-0.00,0.00,0.07,0.09,1.09,8.06,-4.09,0.98,1539.00
[16:25:12.845],-0.25,0.00,-0.00,0.00,0.03,0.09,1.03,-1.77,-0.61,1.46,1457.00
[16:25:12.871],-1.00,0.00,-0.00,0.00,0.01,0.09,1.00,3.97,5.31,1.16,1457.00
[16:25:12.897],-1.00,0.00,-0.00,0.00,-0.04,0.09,1.15,-3.54,-0.24,1.65,1373.00
[16:25:12.918],-1.00,0.00,-0.00,0.00,-0.00,0.33,0.90,2.50,-1.95,3.60,1373.00
[16:25:12.944],-1.00,0.00,-0.00,0.00,0.04,0.41,1.05,2.62,5.98,2.81,1373.00
[16:25:12.970],-1.00,0.00,-0.00,0.00,-0.01,0.41,1.08,0.43,1.65,3.42,1373.00
[16:25:12.996],-1.00,-0.30,-0.00,0.00,0.04,0.41,0.97,1.95,-0.12,3.11,1300.00
[16:25:13.021],-1.00,-0.59,-0.00,0.00,0.04,0.41,0.97,1.95,-0.12,3.11,1300.00
[16:25:13.047],-1.00,-0.65,-0.00,0.00,0.01,0.40,1.16,0.18,-0.98,3.36,1300.00
[16:25:13.073],-1.00,-0.91,-0.00,0.00,0.04,0.29,0.98,1.40,0.61,2.01,1300.00
[16:25:13.099],-1.00,-1.00,-0.00,0.00,0.01,0.34,1.08,0.37,1.71,3.72,1269.00
[16:25:13.121],-1.00,-1.00,-0.00,0.00,-0.04,0.26,1.03,1.40,0.85,3.17,1269.00
[16:25:13.147],-1.00,-1.00,-0.00,0.00,-0.05,0.13,1.06,0.31,1.95,0.49,1269.00
[16:25:13.173],-1.00,-1.00,-0.00,0.00,-0.06,0.10,1.01,0.98,0.73,-1.46,1269.00
[16:25:13.199],-1.00,-1.00,-0.00,0.00,-0.06,0.10,1.01,0.98,0.73,-1.46,1269.00
[16:25:13.219],-1.00,-1.00,-0.00,0.00,-0.03,0.07,1.02,-1.53,-1.10,-3.54,1261.00
[16:25:13.245],-1.00,-1.00,-0.00,0.00,-0.02,0.04,1.07,-0.37,1.34,-7.51,1261.00
[16:25:13.271],-1.00,-1.00,-0.00,0.00,-0.03,0.07,1.08,1.34,1.71,-9.03,1266.00
[16:25:13.297],-1.00,-1.00,-0.00,0.00,-0.02,0.04,1.06,0.67,0.92,-10.86,1266.00
[16:25:13.323],-1.00,-1.00,-0.00,0.00,-0.02,0.08,1.02,0.98,1.34,-12.02,1266.00
[16:25:13.349],-1.00,-1.00,-0.00,0.00,0.00,0.04,1.04,-0.92,1.71,-14.10,1266.00
[16:25:13.375],-1.00,-1.00,-0.00,0.00,-0.05,0.04,1.07,0.12,2.93,-15.44,1286.00
[16:25:13.401],-1.00,-1.00,-0.00,0.00,-0.05,0.04,1.07,0.12,2.93,-15.44,1286.00
[16:25:13.422],-1.00,-1.00,-0.00,0.00,-0.01,0.04,1.10,1.34,-0.85,-16.60,1286.00
[16:25:13.448],-1.00,-1.00,-0.00,0.00,0.01,0.05,1.08,0.67,0.06,-18.07,1286.00
[16:25:13.474],-1.00,-1.00,-0.00,0.00,-0.00,0.06,1.03,-1.04,0.43,-18.74,1311.00
[16:25:13.500],-1.00,-1.00,-0.00,0.00,-0.00,0.04,1.02,-0.49,1.59,-20.39,1311.00
[16:25:13.525],-1.00,-1.00,-0.00,0.00,-0.01,0.04,1.05,0.55,3.17,-20.39,1311.00
[16:25:13.546],-1.00,-1.00,-0.00,0.00,0.02,0.02,1.04,0.24,2.62,-21.48,1311.00
[16:25:13.577],-1.00,-1.00,-0.00,0.00,-0.02,0.05,1.04,1.40,2.69,-21.73,1346.00
[16:25:13.603],-1.00,-1.00,-0.00,0.00,-0.02,0.05,1.04,1.40,2.69,-21.73,1346.00
[16:25:13.629],-1.00,-1.00,-0.00,0.00,-0.01,0.02,1.07,0.18,1.83,-22.89,1346.00
[16:25:13.650],-1.00,-1.00,-0.00,0.00,0.02,-0.01,1.03,-0.85,0.12,-22.16,1346.00
[16:25:13.675],-1.00,-1.00,-0.00,0.00,-0.03,0.04,1.02,0.55,-0.49,-22.46,1384.00
[16:25:13.701],-1.00,-1.00,-0.00,0.00,0.04,0.02,1.04,0.31,-0.98,-23.86,1384.00
[16:25:13.728],-1.00,-1.00,-0.00,0.00,-0.01,0.03,0.99,-0.18,2.14,-24.29,1432.00
[16:25:13.754],-1.00,-1.00,-0.00,0.00,0.01,0.04,1.07,0.85,1.89,-25.82,1432.00
[16:25:13.775],-1.00,-1.00,-0.00,0.00,0.01,0.04,1.07,0.85,1.89,-25.82,1432.00
[16:25:13.801],-1.00,-1.00,-0.00,0.00,0.03,0.03,1.11,-0.73,3.36,-25.88,1432.00
[16:25:13.827],-1.00,-1.00,-0.00,0.00,0.01,0.02,0.99,-1.40,3.78,-26.49,1483.00
[16:25:13.853],-1.00,-1.00,-0.00,0.00,0.01,0.03,1.02,-0.67,3.85,-27.47,1483.00
[16:25:13.879],-1.00,-1.00,-0.00,0.00,-0.00,0.02,1.04,-0.18,2.50,-28.44,1483.00
[16:25:13.900],-1.00,-1.00,-0.00,0.00,0.12,-0.03,1.05,0.37,0.43,-28.38,1483.00
[16:25:13.926],-1.00,-1.00,-0.00,0.00,-0.01,0.01,1.02,1.40,3.11,-25.94,1549.00
[16:25:13.957],-1.00,-1.00,-0.00,0.00,-0.00,0.02,1.03,1.04,2.44,-26.00,1549.00
[16:25:13.977],-1.00,-1.00,-0.00,0.00,-0.00,0.02,1.03,1.04,2.44,-26.00,1549.00
[16:25:14.003],-1.00,-1.00,-0.00,0.00,0.02,-0.01,1.05,-1.16,0.55,-28.44,1549.00
[16:25:14.029],-1.00,-1.00,-0.00,0.00,0.03,0.01,1.10,1.46,1.71,-29.72,1621.00
[16:25:14.055],-1.00,-1.00,-0.00,0.00,-0.02,0.04,0.96,1.04,-1.59,-29.36,1621.00
[16:25:14.081],-1.00,-1.00,-0.00,0.00,0.05,0.04,1.16,0.55,1.10,-31.31,1708.00
[16:25:14.102],-1.00,-1.00,-0.00,0.00,0.02,0.02,1.04,0.92,3.54,-30.76,1708.00
[16:25:14.128],-1.00,-1.00,-0.00,0.00,0.02,0.01,1.01,0.73,3.72,-31.80,1708.00
[16:25:14.154],-1.00,-1.00,-0.00,0.00,0.02,0.01,1.01,0.73,3.72,-31.80,1708.00
[16:25:14.180],-1.00,-1.00,-0.00,0.00,0.02,0.04,1.07,0.55,1.53,-32.41,1792.00
[16:25:14.205],-1.00,-1.00,-0.00,0.00,0.01,0.05,0.98,-1.65,0.79,-29.48,1792.00
[16:25:14.231],-1.00,-1.00,-0.00,0.00,0.04,0.00,1.03,1.28,0.85,-30.76,1792.00
[16:25:14.252],-1.00,-1.00,-0.00,0.00,0.01,0.01,1.05,3.91,5.68,-30.46,1792.00
[16:25:14.278],-1.00,-1.00,-0.00,0.00,-0.00,-0.01,1.07,-0.37,-0.31,-33.39,1850.00
[16:25:14.304],-1.00,-1.00,-0.00,0.00,0.01,0.03,1.08,2.01,-1.77,-34.36,1850.00
[16:25:14.330],-1.00,-1.00,-0.00,0.00,0.05,0.00,1.08,-1.95,2.56,-33.14,1850.00
[16:25:14.356],-1.00,-1.00,-0.00,0.00,0.05,0.00,1.08,-1.95,2.56,-33.14,1850.00
[16:25:14.382],-1.00,-1.00,-0.00,0.00,0.03,0.01,0.95,-0.79,1.89,-32.96,1858.00
[16:25:14.408],-1.00,-1.00,-0.00,0.00,0.01,0.02,1.01,1.59,2.50,-34.61,1858.00
[16:25:14.429],-1.00,-1.00,-0.00,0.00,0.02,0.02,1.10,1.46,-2.38,-35.46,1858.00
[16:25:14.455],-1.00,-1.00,-0.00,0.00,0.08,0.01,0.99,0.06,1.95,-34.30,1858.00
[16:25:14.481],-1.00,-1.00,-0.00,0.00,0.03,0.03,1.05,-2.01,1.46,-34.48,1806.00
[16:25:14.507],-1.00,-1.00,-0.00,0.00,0.04,0.02,1.07,1.46,2.93,-34.79,1806.00
[16:25:14.533],-1.00,-1.00,-0.00,0.00,0.02,0.05,0.97,1.65,1.95,-35.83,1685.00
[16:25:14.559],-1.00,-1.00,-0.00,0.00,0.02,0.05,0.97,1.65,1.95,-35.83,1685.00
[16:25:14.585],-1.00,-1.00,-0.00,0.00,0.02,0.05,1.07,-2.44,3.60,-37.17,1685.00
[16:25:14.611],-1.00,-1.00,-0.00,0.00,0.05,-0.02,1.07,0.43,4.15,-36.80,1685.00
[16:25:14.631],-1.00,-1.00,-0.00,0.00,0.01,0.03,0.99,1.22,3.05,-37.41,1618.00
[16:25:14.657],-1.00,-1.00,-0.00,0.00,0.03,0.01,1.03,0.61,2.99,-35.34,1618.00
[16:25:14.684],-1.00,-1.00,-0.00,0.00,0.01,0.01,0.99,0.55,0.49,-36.93,1618.00
[16:25:14.710],-1.00,-1.00,-0.00,0.00,-0.01,0.02,1.08,-0.85,2.08,-37.54,1618.00
[16:25:14.736],-1.00,-1.00,-0.00,0.00,0.01,0.03,1.03,0.12,-2.87,-38.33,1572.00
[16:25:14.767],-1.00,-1.00,-0.00,0.00,0.10,0.02,1.09,-0.49,5.07,-37.05,1572.00
[16:25:14.793],-1.00,-1.00,-0.00,0.00,0.10,0.02,1.09,-0.49,5.07,-37.05,1572.00
[16:25:14.818],-1.00,-1.00,-0.00,0.00,0.02,0.03,1.05,0.06,6.96,-37.96,1572.00
[16:25:14.839],-1.00,-1.00,-0.00,0.00,-0.00,-0.04,1.05,-0.67,-1.77,-39.43,1527.00
[16:25:14.865],-1.00,-1.00,-0.00,0.00,0.04,0.02,1.09,0.92,0.49,-38.33,1527.00
[16:25:14.891],-1.00,-1.00,-0.00,0.00,0.04,0.04,0.95,-0.98,1.46,-38.70,1527.00
[16:25:14.917],-1.00,-1.00,-0.00,0.00,0.04,0.02,1.07,0.31,1.89,-39.86,1527.00
[16:25:14.943],-1.00,-1.00,-0.00,0.00,0.02,0.03,1.07,-0.31,3.48,-39.98,1527.00
[16:25:14.963],-1.00,-1.00,-0.00,0.00,0.02,0.03,1.07,-0.31,3.48,-39.98,1490.00
[16:25:14.989],-1.00,-1.00,-0.00,0.00,0.02,0.01,1.06,-1.10,0.79,-40.34,1490.00
[16:25:15.015],-1.00,-1.00,-0.00,0.00,0.07,0.05,1.03,-1.28,1.71,-40.41,1455.00
[16:25:15.041],-1.00,-1.00,-0.00,0.00,0.11,-0.02,0.97,-0.31,5.55,-38.70,1455.00
[16:25:15.068],-1.00,-1.00,-0.00,0.00,0.03,0.03,1.13,-0.85,5.07,-38.94,1455.00
[16:25:15.088],-1.00,-1.00,-0.00,0.00,-0.00,-0.03,1.05,0.61,0.49,-39.12,1455.00
[16:25:15.114],-1.00,-1.00,-0.00,0.00,0.02,0.03,1.03,1.53,-0.85,-40.28,1439.00
[16:25:15.145],-1.00,-1.00,-0.00,0.00,0.04,0.05,0.98,1.83,1.59,-43.40,1439.00
[16:25:15.166],-1.00,-1.00,-0.00,0.00,0.04,0.05,0.98,1.83,1.59,-43.40,1439.00
[16:25:15.192],-1.00,-1.00,-0.00,0.00,0.13,0.03,1.16,-3.05,6.29,-42.97,1439.00
[16:25:15.218],-1.00,-1.00,-0.00,0.00,-0.01,0.01,1.00,-2.75,2.20,-44.19,1436.00
[16:25:15.244],-1.00,-1.00,-0.00,0.00,0.13,-0.03,0.95,1.77,-0.31,-40.59,1436.00
[16:25:15.269],-1.00,-1.00,-0.00,0.00,0.02,0.04,1.12,2.44,3.48,-38.94,1436.00
[16:25:15.295],-1.00,-1.00,-0.00,0.00,0.01,-0.01,1.03,-0.12,-0.92,-39.00,1436.00
[16:25:15.316],-1.00,-1.00,-0.00,0.00,0.05,0.04,1.02,0.79,-0.55,-42.54,1447.00
[16:25:15.342],-1.00,-1.00,-0.00,0.00,0.05,0.04,1.02,0.79,-0.55,-42.54,1447.00
[16:25:15.368],-1.00,-1.00,-0.00,0.00,0.03,0.04,0.97,0.61,0.31,-43.64,1464.00
[16:25:15.394],-1.00,-1.00,-0.00,0.00,0.06,0.03,1.09,0.55,3.11,-44.43,1464.00
[16:25:15.419],-1.00,-1.00,-0.00,0.00,0.03,0.02,0.95,-2.01,0.18,-44.62,1464.00
[16:25:15.445],-1.00,-1.00,-0.00,0.00,0.17,-0.06,1.14,3.17,4.58,-43.21,1464.00
[16:25:15.466],-1.00,-1.00,-0.00,0.00,0.05,0.01,0.97,0.92,0.98,-40.95,1485.00
[16:25:15.493],-1.00,-1.00,-0.00,0.00,0.05,0.02,0.99,1.22,3.05,-41.44,1485.00
[16:25:15.519],-1.00,-1.00,-0.00,0.00,0.06,0.00,1.07,0.55,1.34,-44.43,1485.00
[16:25:15.545],-1.00,-1.00,-0.00,0.00,0.06,0.00,1.07,0.55,1.34,-44.43,1485.00
[16:25:15.571],-0.98,-0.99,-0.00,0.00,0.04,0.04,1.08,-1.16,5.92,-43.76,1521.00
[16:25:15.596],-0.98,-0.99,-0.00,0.00,0.05,0.01,0.98,0.37,2.56,-44.74,1521.00
[16:25:15.617],0.00,0.00,-0.00,0.00,0.08,-0.03,1.06,0.43,0.12,-44.25,1521.00
[16:25:15.643],0.00,0.00,-0.00,0.00,0.05,-0.02,1.10,2.01,2.14,-43.95,1521.00
[16:25:15.669],0.00,0.00,-0.00,0.00,0.11,-0.04,0.99,0.37,-0.67,-42.05,1564.00
[16:25:15.695],0.02,0.00,-0.00,0.00,0.19,-0.08,1.02,1.16,-0.12,-32.84,1564.00
[16:25:15.721],0.27,0.00,-0.00,0.00,0.19,-0.08,1.02,1.16,-0.12,-32.84,1564.00
[16:25:15.747],0.43,0.24,-0.00,0.00,0.22,-0.07,1.01,3.72,1.95,-22.28,1564.00
[16:25:15.767],0.46,0.25,-0.00,0.00,0.13,-0.21,1.01,-1.40,0.37,-14.28,1631.00
[16:25:15.793],0.49,0.26,-0.00,0.00,0.15,-0.42,1.16,0.43,1.10,-7.20,1631.00
[16:25:15.819],0.49,0.26,-0.00,0.00,0.14,-0.39,0.96,-1.22,-0.49,-1.77,1677.00
[16:25:15.845],0.52,0.28,-0.00,0.00,0.04,-0.38,1.04,0.49,2.14,2.69,1677.00
[16:25:15.870],0.52,0.28,-0.00,0.00,-0.02,-0.36,1.03,0.73,1.65,2.69,1677.00
[16:25:15.896],0.52,0.28,-0.00,0.00,-0.02,-0.17,1.02,1.53,1.10,0.98,1677.00
[16:25:15.922],0.52,0.49,-0.00,0.00,-0.02,-0.17,1.02,1.53,1.10,0.98,1688.00
[16:25:15.948],0.58,0.49,-0.00,0.00,0.01,-0.16,1.04,1.34,1.04,0.06,1688.00
[16:25:15.974],0.63,0.64,-0.00,0.00,-0.01,-0.13,1.01,0.49,0.79,-0.18,1688.00
[16:25:15.994],0.63,0.64,-0.00,0.00,0.01,-0.14,1.10,1.34,-0.12,-2.38,1688.00
[16:25:16.021],0.65,0.66,-0.00,0.00,-0.01,-0.12,1.02,1.40,0.31,-4.15,1685.00
[16:25:16.048],0.67,0.67,-0.00,0.00,-0.03,-0.12,1.07,0.12,-2.14,-6.84,1685.00
[16:25:16.074],0.68,0.67,-0.00,0.00,-0.02,-0.09,1.05,1.16,-2.14,-10.38,1685.00
[16:25:16.094],0.69,0.66,-0.00,0.00,-0.02,-0.09,1.05,1.16,-2.14,-10.38,1685.00
[16:25:16.121],0.69,0.66,-0.00,0.00,-0.01,-0.09,1.06,0.06,0.85,-11.60,1672.00
[16:25:16.147],0.70,0.67,-0.00,0.00,-0.02,-0.12,1.05,-0.06,4.58,-11.84,1672.00
[16:25:16.173],0.71,0.66,-0.00,0.00,-0.06,-0.11,0.97,-0.43,5.31,-12.63,1672.00
[16:25:16.199],0.71,0.67,-0.00,0.00,-0.01,-0.09,1.11,1.95,3.60,-15.01,1672.00
[16:25:16.220],0.72,0.66,-0.00,0.00,-0.04,-0.10,1.00,-0.73,1.83,-16.17,1657.00
[16:25:16.246],0.72,0.67,-0.00,0.00,-0.00,-0.08,1.04,-0.73,0.43,-16.85,1657.00
[16:25:16.277],0.73,0.67,-0.00,0.00,-0.03,-0.08,1.03,-0.06,-0.37,-18.43,1638.00
[16:25:16.303],0.74,0.67,-0.00,0.00,-0.02,-0.12,1.05,-0.06,0.55,-19.96,1638.00
[16:25:16.329],0.75,0.67,-0.00,0.00,-0.02,-0.12,1.05,-0.06,0.55,-19.96,1638.00
[16:25:16.355],0.76,0.67,-0.00,0.00,-0.01,-0.09,1.02,-1.34,2.08,-21.30,1638.00
[16:25:16.376],0.76,0.67,-0.00,0.00,-0.07,-0.12,0.97,-0.43,0.92,-24.17,1625.00
[16:25:16.402],0.76,0.67,-0.00,0.00,-0.05,-0.05,0.91,0.73,-2.38,-25.88,1625.00
[16:25:16.428],0.76,0.67,-0.00,0.00,0.01,-0.05,1.06,2.69,-0.85,-26.37,1625.00
[16:25:16.453],0.77,0.67,-0.00,0.00,-0.04,-0.09,0.93,-1.83,7.14,-26.98,1625.00
[16:25:16.479],0.77,0.67,-0.00,0.00,-0.06,-0.04,1.01,1.16,1.83,-28.99,1625.00
[16:25:16.505],0.78,0.67,-0.00,0.00,0.01,-0.07,1.19,2.56,2.62,-29.91,1601.00
[16:25:16.531],0.78,0.67,-0.00,0.00,0.01,-0.07,1.19,2.56,2.62,-29.91,1601.00
[16:25:16.557],0.78,0.67,-0.00,0.00,-0.08,-0.07,0.93,0.73,0.31,-30.27,1601.00
[16:25:16.583],0.79,0.67,-0.00,0.00,-0.07,-0.04,1.14,-1.95,-5.19,-29.17,1571.00
[16:25:16.604],0.79,0.67,-0.00,0.00,0.07,-0.07,0.92,4.09,3.78,-31.74,1571.00
[16:25:16.630],0.80,0.67,-0.00,0.00,-0.10,-0.05,1.12,-1.89,7.39,-31.80,1571.00
[16:25:16.656],0.80,0.68,-0.00,0.00,-0.09,-0.06,1.04,2.26,-2.26,-30.58,1549.00
[16:25:16.682],0.81,0.68,-0.00,0.00,-0.04,-0.03,0.98,1.59,2.01,-31.74,1549.00
[16:25:16.708],0.81,0.68,-0.00,0.00,-0.08,-0.09,1.14,-5.37,1.40,-32.59,1549.00
[16:25:16.734],0.81,0.68,-0.00,0.00,-0.08,-0.09,1.14,-5.37,1.40,-32.59,1526.00
[16:25:16.760],0.81,0.68,-0.00,0.00,-0.02,-0.04,1.02,0.98,2.50,-34.24,1526.00
[16:25:16.786],0.81,0.68,-0.00,0.00,-0.12,-0.05,0.85,0.79,5.74,-35.71,1526.00
[16:25:16.807],0.82,0.68,-0.00,0.00,-0.02,-0.08,1.19,1.65,-5.00,-39.61,1526.00
[16:25:16.833],0.82,0.68,-0.00,0.00,0.02,-0.07,0.97,3.54,6.47,-42.11,1526.00
[16:25:16.859],0.82,0.68,-0.00,0.00,-0.06,-0.04,1.16,-0.18,-1.04,-40.95,1504.00
[16:25:16.885],0.82,0.68,-0.00,0.00,-0.07,-0.04,0.91,1.40,2.20,-37.48,1504.00
[16:25:16.911],0.82,0.68,-0.00,0.00,-0.07,-0.04,0.91,1.40,2.20,-37.48,1504.00
[16:25:16.932],0.82,0.68,-0.00,0.00,-0.08,-0.04,1.11,0.43,3.91,-39.31,1504.00
[16:25:16.958],0.83,0.68,-0.00,0.00,0.02,-0.06,1.14,0.00,-2.93,-42.48,1488.00
[16:25:16.984],0.83,0.68,-0.00,0.00,-0.02,-0.04,1.04,0.98,6.29,-44.56,1488.00
[16:25:17.009],0.83,0.69,-0.00,0.00,-0.05,-0.07,0.99,-3.05,-0.67,-43.76,1488.00
[16:25:17.035],0.83,0.72,-0.00,0.00,-0.06,-0.01,1.07,-0.85,9.52,-43.03,1488.00
[16:25:17.061],0.83,0.80,-0.00,0.00,-0.17,-0.05,0.89,1.34,-0.37,-46.39,1486.00
[16:25:17.087],0.83,0.86,-0.00,0.00,-0.03,0.07,1.41,5.31,3.97,-51.94,1486.00
[16:25:17.112],0.83,0.91,-0.00,0.00,-0.03,0.07,1.41,5.31,3.97,-51.94,1489.00
[16:25:17.138],0.83,0.91,-0.00,0.00,-0.16,-0.01,0.87,1.83,4.58,-53.10,1489.00
[16:25:17.159],0.83,0.91,-0.00,0.00,-0.18,0.05,0.96,-3.36,8.24,-56.34,1489.00
[16:25:17.185],0.84,0.91,-0.00,0.00,-0.27,-0.06,1.10,0.67,0.55,-64.03,1489.00
[16:25:17.210],0.84,0.91,-0.00,0.00,-0.15,0.06,1.10,0.24,-3.78,-72.69,1532.00
[16:25:17.236],0.84,0.92,-0.00,0.00,-0.09,0.00,1.02,2.50,3.48,-73.24,1532.00
[16:25:17.262],0.84,0.92,-0.00,0.00,-0.15,-0.05,1.09,-7.14,-3.36,-70.01,1532.00
[16:25:17.288],0.84,0.92,-0.00,0.00,-0.13,-0.03,0.98,2.69,10.80,-73.85,1532.00
[16:25:17.314],0.84,0.92,-0.00,0.00,-0.13,-0.03,0.98,2.69,10.80,-73.85,1677.00
[16:25:17.340],0.84,0.92,-0.00,0.00,-0.03,-0.02,0.80,2.81,-4.82,-69.76,1677.00
[16:25:17.366],0.84,0.92,-0.00,0.00,-0.26,0.10,1.43,-1.53,12.27,-69.89,1677.00
[16:25:17.387],0.84,0.92,-0.00,0.00,-0.18,-0.01,0.97,-1.40,-0.06,-72.88,1677.00
[16:25:17.413],0.84,0.92,-0.00,0.00,-0.09,0.02,1.04,-2.69,-0.67,-72.88,1841.00
[16:25:17.439],0.84,0.92,-0.00,0.00,-0.11,0.03,0.99,5.37,3.05,-69.76,1841.00
[16:25:17.465],0.84,0.92,-0.00,0.00,-0.08,-0.01,1.12,-5.98,5.31,-67.32,2137.00
[16:25:17.491],0.84,0.92,-0.00,0.00,-0.08,-0.01,1.12,-5.98,5.31,-67.32,2137.00
[16:25:17.511],0.84,0.92,-0.00,0.00,-0.20,0.03,1.00,6.84,1.77,-70.31,2261.00
[16:25:17.538],0.84,0.92,-0.00,0.00,-0.14,-0.02,1.02,-5.68,2.81,-70.68,2261.00
[16:25:17.564],0.84,0.92,-0.00,0.00,-0.24,0.06,1.03,1.77,8.18,-71.04,2349.00
[16:25:17.590],0.84,0.92,-0.00,0.00,-0.16,0.01,1.16,-4.88,8.12,-77.51,2349.00
[16:25:17.615],0.84,0.92,-0.00,0.00,-0.11,0.04,1.26,0.92,-1.77,-79.04,2393.00
[16:25:17.636],0.84,0.93,-0.00,0.00,-0.07,0.00,0.95,0.18,-0.31,-73.55,2393.00
[16:25:17.668],0.84,0.92,-0.00,0.00,-0.19,-0.01,1.10,-1.71,3.72,-76.90,2716.00
[16:25:17.689],0.84,0.77,-0.00,0.00,-0.19,-0.01,1.10,-1.71,3.72,-76.90,2716.00
[16:25:17.715],0.84,0.44,-0.00,0.00,-0.18,0.06,1.11,4.64,2.56,-79.96,3018.00
[16:25:17.741],0.84,0.39,-0.00,0.00,-0.10,0.08,0.66,-1.65,8.30,-74.77,3018.00
[16:25:17.767],0.84,0.25,-0.00,0.00,-0.04,-0.07,1.27,-7.87,7.20,-73.24,1599.00
[16:25:17.789],0.84,0.00,-0.00,0.00,0.18,-0.02,1.01,9.52,-12.02,-62.50,1599.00
[16:25:17.815],0.84,0.00,-0.00,0.00,0.26,-0.11,0.73,-6.04,12.76,-41.81,2566.00
[16:25:17.841],0.84,0.00,-0.00,0.00,0.21,-0.01,1.28,0.73,-3.60,-23.93,2566.00
[16:25:17.866],0.84,0.00,-0.00,0.00,0.21,-0.01,1.28,0.73,-3.60,-23.93,2493.00
[16:25:17.892],0.84,0.00,-0.00,0.00,0.36,-0.04,1.04,7.51,-6.10,-6.59,2493.00
[16:25:17.918],0.84,0.00,-0.00,0.00,0.09,-0.06,0.98,-3.66,1.77,5.74,2989.00
[16:25:17.939],0.84,0.00,-0.00,0.00,-0.01,-0.02,0.93,1.10,8.67,5.37,2989.00
[16:25:17.965],0.84,0.00,-0.00,0.00,-0.05,-0.08,1.09,-1.59,0.55,4.76,2989.00
[16:25:17.991],0.84,0.00,-0.00,0.00,0.01,-0.03,1.22,9.89,-3.78,2.93,2738.00
[16:25:18.017],0.84,0.00,-0.00,0.00,-0.03,-0.03,0.77,-1.40,5.86,3.91,2738.00
[16:25:18.043],0.84,0.00,-0.00,0.00,-0.03,-0.02,1.11,-2.38,-3.11,2.56,2401.00
[16:25:18.068],0.84,0.00,-0.00,0.00,-0.03,-0.02,1.11,-2.38,-3.11,2.56,2401.00
[16:25:18.094],0.84,0.00,-0.00,0.00,0.01,0.01,1.26,7.14,4.94,2.87,2422.00
[16:25:18.115],0.84,0.00,-0.00,0.00,0.00,-0.02,0.67,-2.50,-1.65,6.77,2422.00
[16:25:18.141],0.84,0.00,-0.00,0.00,0.04,-0.03,1.41,-2.62,9.46,6.10,2021.00
[16:25:18.167],0.84,0.00,-0.00,0.00,-0.00,-0.01,0.88,9.89,-13.24,2.44,2021.00
[16:25:18.193],0.84,0.00,-0.00,0.00,0.08,-0.07,0.90,-9.22,6.71,2.62,2181.00
[16:25:18.219],0.84,0.00,-0.00,0.00,-0.09,-0.04,1.33,-1.04,0.73,2.38,2181.00
[16:25:18.245],0.84,0.00,-0.00,0.00,0.04,-0.02,1.32,9.40,3.66,2.14,1993.00
[16:25:18.271],0.84,0.00,-0.00,0.00,0.04,-0.02,1.32,9.40,3.66,2.14,1993.00
[16:25:18.297],0.84,0.00,-0.00,0.00,0.06,-0.09,1.08,-4.76,0.85,2.62,2185.00
[16:25:18.323],0.84,0.00,-0.00,0.00,-0.04,-0.09,1.02,1.16,7.93,3.54,2185.00
[16:25:18.344],0.84,0.00,-0.00,0.00,0.14,-0.00,0.95,12.94,-25.21,1.40,2027.00
[16:25:18.370],0.84,0.00,-0.00,0.00,0.12,-0.07,0.50,-9.77,8.73,1.46,2027.00
[16:25:18.396],0.84,0.00,-0.00,0.00,-0.10,-0.04,1.01,3.30,1.40,1.95,2636.00
[16:25:18.422],0.84,0.00,-0.00,0.00,0.10,-0.08,1.27,9.28,0.61,1.46,2636.00
[16:25:18.448],0.84,0.00,-0.00,0.00,0.09,-0.05,1.03,-1.89,-0.79,2.81,2571.00
[16:25:18.475],0.84,0.00,-0.00,0.00,0.09,-0.05,1.03,-1.89,-0.79,2.81,2571.00
[16:25:18.501],0.84,0.00,-0.00,0.00,0.05,-0.06,1.17,2.69,5.07,3.85,2440.00
[16:25:18.521],0.84,0.00,-0.00,0.00,-0.04,-0.07,1.21,9.09,-6.41,2.38,2440.00
[16:25:18.547],0.84,0.00,-0.00,0.00,0.06,-0.04,0.80,-7.75,8.97,2.26,2297.00
[16:25:18.573],0.84,0.00,-0.00,0.00,-0.01,-0.05,1.18,5.62,-6.41,1.59,2297.00
[16:25:18.599],0.84,0.00,-0.00,0.00,-0.03,-0.05,1.17,3.54,5.43,3.30,1944.00
[16:25:18.625],0.84,0.00,-0.00,0.00,-0.02,-0.07,0.69,-5.07,7.75,3.97,1944.00
[16:25:18.651],0.84,0.00,-0.00,0.00,-0.02,-0.07,0.69,-5.07,7.75,3.97,1970.00
[16:25:18.672],0.84,0.00,-0.00,0.00,-0.03,-0.15,1.13,1.10,-0.67,4.03,1970.00
[16:25:18.698],0.84,0.00,-0.00,0.00,-0.03,0.06,1.25,4.82,-4.39,0.67,2565.00
[16:25:18.724],0.84,0.00,-0.00,0.00,0.02,-0.09,0.79,-2.26,1.10,2.14,2565.00
[16:25:18.750],0.84,0.00,-0.00,0.00,0.02,-0.04,0.92,8.00,-2.62,1.46,2309.00
[16:25:18.776],0.84,0.00,-0.00,0.00,0.03,-0.07,1.50,2.14,-0.49,3.05,2309.00
[16:25:18.797],0.84,0.00,-0.00,0.00,-0.00,-0.08,0.78,-0.55,10.80,3.23,2423.00
[16:25:18.824],0.84,0.00,-0.00,0.00,-0.00,-0.07,1.03,11.90,-10.01,2.81,2423.00
[16:25:18.851],0.84,0.00,-0.00,0.00,-0.00,-0.07,1.03,11.90,-10.01,2.81,1899.00
[16:25:18.877],0.84,0.00,-0.00,0.00,0.10,-0.04,0.90,-3.91,5.00,2.14,1899.00
[16:25:18.903],0.84,0.00,-0.00,0.00,-0.08,0.04,0.95,3.36,-2.93,2.01,1684.00
[16:25:18.924],0.84,0.00,-0.00,0.00,-0.05,0.01,1.28,7.14,2.56,2.44,1684.00
[16:25:18.950],0.84,0.00,-0.00,0.00,0.01,0.01,0.78,-6.84,7.81,4.39,1714.00
[16:25:18.976],0.84,0.00,-0.00,0.00,-0.11,-0.10,1.00,-1.40,-4.64,4.15,1714.00
[16:25:19.002],0.84,0.00,-0.00,0.00,0.12,0.00,1.28,-3.85,-2.08,1.89,1958.00
[16:25:19.028],0.84,0.00,-0.00,0.00,0.12,0.00,1.28,-3.85,-2.08,1.89,1958.00
[16:25:19.048],0.84,0.00,-0.00,0.00,-0.01,-0.06,0.63,-2.26,1.16,2.81,1903.00
[16:25:19.075],0.84,0.00,-0.00,0.00,0.09,0.06,1.28,7.39,6.04,2.75,1903.00
[16:25:19.101],0.84,0.00,-0.00,0.00,0.14,-0.04,0.98,-6.29,2.50,3.78,2049.00
[16:25:19.127],0.84,0.00,-0.00,0.00,0.00,-0.03,0.88,-5.00,4.52,2.99,2049.00
[16:25:19.153],0.84,0.00,-0.00,0.00,-0.05,-0.04,1.39,6.10,0.37,1.65,1807.00
[16:25:19.174],0.84,0.00,-0.00,0.00,0.05,-0.01,1.04,-9.95,-1.89,2.99,1807.00
[16:25:19.205],0.84,0.00,-0.00,0.00,0.02,0.03,1.10,10.62,1.83,2.44,1851.00
[16:25:19.226],0.84,0.00,-0.00,0.00,0.02,0.03,1.10,10.62,1.83,2.44,1851.00
[16:25:19.252],0.84,0.00,-0.00,0.00,0.10,-0.01,0.94,-8.73,0.43,3.48,1910.00
[16:25:19.278],0.84,0.00,-0.00,0.00,0.01,0.02,1.13,-1.89,4.76,3.42,1910.00
[16:25:19.304],0.84,0.00,-0.00,0.00,-0.04,-0.00,1.31,5.19,-1.89,2.75,2162.00
[16:25:19.330],0.84,0.00,-0.00,0.00,-0.01,0.04,0.82,-4.88,1.10,2.62,2162.00
[16:25:19.351],0.84,0.00,-0.00,0.00,0.00,-0.10,0.89,-1.22,-4.76,0.98,2415.00
[16:25:19.377],0.84,0.00,-0.00,0.00,0.16,0.01,1.36,7.63,2.81,3.54,2415.00
[16:25:19.408],0.84,0.00,-0.00,0.00,0.01,-0.11,0.54,-8.42,4.09,3.97,2043.00
[16:25:19.430],0.84,0.00,-0.00,0.00,0.01,-0.11,0.54,-8.42,4.09,3.97,2043.00
[16:25:19.456],0.84,0.00,-0.00,0.00,-0.01,0.04,1.63,10.56,-0.24,2.93,1967.00
[16:25:19.482],0.84,0.00,-0.00,0.00,0.01,0.04,0.74,-3.66,-0.12,3.30,1967.00
[16:25:19.508],0.84,0.00,-0.00,0.00,0.04,-0.07,0.92,5.74,-1.28,1.04,1880.00
[16:25:19.529],0.84,0.00,-0.00,0.00,0.06,0.00,1.12,4.21,1.95,3.91,1880.00
[16:25:19.555],0.84,0.00,-0.00,0.00,0.16,-0.07,1.32,-3.11,-1.04,3.36,2108.00
[16:25:19.581],0.84,0.00,-0.00,0.00,0.00,-0.00,1.25,11.11,-0.67,2.62,2108.00
[16:25:19.612],0.84,0.00,-0.00,0.00,0.03,-0.07,0.81,-3.42,2.93,2.99,2498.00
[16:25:19.638],0.84,0.00,-0.00,0.00,0.01,0.01,1.24,12.02,-2.56,1.83,2498.00
[16:25:19.664],0.84,0.00,-0.00,0.00,0.01,0.01,1.24,12.02,-2.56,1.83,2260.00
[16:25:19.690],0.84,0.00,-0.00,0.00,0.09,-0.01,0.99,1.10,0.92,4.52,2260.00
[16:25:19.711],0.84,0.00,-0.00,0.00,0.04,-0.05,0.85,-3.66,4.15,4.03,1340.00
[16:25:19.737],0.84,0.00,-0.00,0.00,0.01,0.05,1.48,2.32,-0.24,2.93,1340.00
[16:25:19.763],0.84,0.00,-0.00,0.00,-0.02,-0.04,0.87,5.25,0.85,2.50,1394.00
[16:25:19.789],0.84,0.00,-0.00,0.00,0.04,-0.02,0.92,3.78,-0.92,1.77,1394.00
[16:25:19.814],0.84,0.00,-0.00,0.00,0.12,-0.09,1.44,0.55,2.14,3.42,1394.00
[16:25:19.840],0.84,0.00,-0.00,0.00,-0.05,-0.01,0.90,-1.71,3.48,3.72,2139.00
[16:25:19.866],0.84,0.00,-0.00,0.00,-0.05,-0.01,0.90,-1.71,3.48,3.72,2147.00
[16:25:19.892],0.84,0.00,-0.00,0.00,-0.01,0.06,1.38,0.12,-1.83,1.77,2147.00
[16:25:19.918],0.84,0.00,-0.00,0.00,0.00,-0.05,0.67,0.49,1.83,2.99,2147.00
[16:25:19.939],0.84,0.00,-0.00,0.00,0.10,-0.12,1.67,11.54,3.78,2.50,2026.00
[16:25:19.965],0.84,0.00,-0.00,0.00,0.14,-0.01,1.02,-5.74,2.56,4.33,2026.00
[16:25:19.991],0.84,0.00,-0.00,0.00,-0.03,0.01,0.85,2.01,4.09,3.78,2137.00
[16:25:20.017],0.84,0.00,-0.00,0.00,0.12,0.06,1.54,-1.10,-2.44,2.01,2137.00
[16:25:20.043],0.84,0.00,-0.00,0.00,-0.16,0.00,0.66,0.98,-0.79,4.15,1431.00
[16:25:20.069],0.84,0.00,-0.00,0.00,-0.16,0.00,0.66,0.98,-0.79,4.15,1972.00
[16:25:20.095],0.84,0.00,-0.00,0.00,-0.10,0.06,1.05,6.77,8.24,3.17,1972.00
[16:25:20.121],0.84,0.00,-0.00,0.00,0.03,0.03,1.09,-14.71,9.64,5.00,1972.00
[16:25:20.142],0.84,0.00,-0.00,0.00,-0.04,-0.06,1.02,17.21,-7.45,3.05,2308.00
[16:25:20.168],0.84,0.00,-0.00,0.00,0.11,-0.03,0.88,-12.94,1.53,2.99,2308.00
[16:25:20.194],0.84,0.00,-0.00,0.00,0.03,-0.04,1.11,2.32,-4.09,0.73,3098.00
[16:25:20.220],0.84,0.00,-0.00,0.00,0.02,0.05,1.30,4.82,-4.09,2.14,3098.00
[16:25:20.246],0.84,0.00,-0.00,0.00,-0.10,0.03,0.55,-12.57,10.25,4.03,2473.00
[16:25:20.273],0.84,0.00,-0.00,0.00,-0.10,0.03,0.55,-12.57,10.25,4.03,2473.00
[16:25:20.299],0.84,0.00,-0.00,0.00,0.06,0.03,1.04,24.17,-8.00,3.23,1753.00
[16:25:20.320],0.84,0.00,-0.00,0.00,-0.04,0.04,0.79,-17.82,8.85,2.81,1753.00
[16:25:20.346],0.84,0.00,-0.00,0.00,0.09,-0.09,0.96,11.66,-8.73,-0.85,2611.00
[16:25:20.372],0.84,0.00,-0.00,0.00,0.11,0.02,1.21,1.10,-1.22,2.26,2611.00
[16:25:20.398],0.84,0.00,-0.00,0.00,-0.05,-0.01,0.82,-6.90,4.15,2.87,2872.00
[16:25:20.424],0.84,0.00,-0.00,0.00,0.02,-0.01,1.43,14.16,-2.01,1.65,2872.00
[16:25:20.450],0.84,0.00,-0.00,0.00,0.02,0.01,0.76,-16.66,1.10,2.32,2322.00
[16:25:20.476],0.84,0.00,-0.00,0.00,0.02,0.01,0.76,-16.66,1.10,2.32,2322.00
[16:25:20.502],0.84,0.00,-0.00,0.00,0.11,-0.06,1.51,18.07,3.30,0.37,2699.00
[16:25:20.523],0.84,0.00,-0.00,0.00,0.05,-0.01,0.75,-8.30,2.99,4.39,2699.00
[16:25:20.548],0.84,0.00,-0.00,0.00,-0.00,-0.09,0.77,-2.50,0.73,1.10,2736.00
[16:25:20.574],0.84,0.00,-0.00,0.00,0.10,0.05,1.60,-1.53,-0.98,1.22,2736.00
[16:25:20.600],0.84,0.00,-0.00,0.00,-0.09,-0.02,0.65,-3.85,-2.62,2.32,2849.00
[16:25:20.626],0.84,0.00,-0.00,0.00,-0.02,0.01,1.07,10.80,5.62,3.05,2849.00
[16:25:20.652],0.84,0.00,-0.00,0.00,-0.03,0.14,1.16,-9.52,13.79,4.64,3478.00
[16:25:20.678],0.84,0.00,-0.00,0.00,-0.03,0.14,1.16,-9.52,13.79,4.64,3478.00
[16:25:20.704],0.84,0.00,-0.00,0.00,0.17,-0.06,0.89,15.44,-11.35,3.23,2504.00
[16:25:20.730],0.84,0.00,-0.00,0.00,0.06,-0.01,1.00,-8.79,8.73,3.11,2504.00
[16:25:20.750],0.84,0.00,-0.00,0.00,0.08,-0.07,1.13,7.26,-9.46,1.89,2364.00
[16:25:20.777],0.84,0.00,-0.00,0.00,0.12,-0.06,1.19,3.72,-2.93,4.64,2364.00
[16:25:20.803],0.84,0.00,-0.00,0.00,-0.06,0.00,0.83,-8.48,4.64,4.21,2859.00
[16:25:20.829],0.84,0.00,-0.00,0.00,0.07,0.01,1.34,7.81,-0.49,2.26,2859.00
[16:25:20.854],0.85,0.00,-0.00,0.00,-0.07,0.04,0.77,-8.24,2.69,3.97,3463.00
[16:25:20.880],0.85,0.00,-0.00,0.00,-0.07,0.04,0.77,-8.24,2.69,3.97,3463.00
[16:25:20.906],0.85,0.00,-0.00,0.00,0.07,-0.06,1.24,6.71,2.26,1.28,3401.00
[16:25:20.932],0.85,0.00,-0.00,0.00,-0.02,-0.05,1.06,-5.62,8.67,5.19,3401.00
[16:25:20.958],0.85,0.00,-0.00,0.00,-0.01,-0.07,0.75,-0.85,-4.39,2.38,2106.00
[16:25:20.979],0.85,0.00,-0.00,0.00,0.11,-0.05,1.22,-5.13,1.04,1.83,2106.00
[16:25:21.005],0.85,0.00,-0.00,0.00,-0.05,-0.04,1.16,-1.53,-6.84,0.37,3176.00
[16:25:21.031],0.85,0.00,-0.00,0.00,0.01,0.04,1.10,12.15,-0.79,1.65,3176.00
[16:25:21.057],0.85,0.00,-0.00,0.00,0.01,0.04,1.10,12.15,-0.79,1.65,3071.00
[16:25:21.079],0.85,0.00,-0.00,0.00,-0.10,0.03,0.86,-8.73,10.01,3.36,3071.00
[16:25:21.105],0.85,0.00,-0.00,0.00,-0.07,-0.01,1.49,14.59,-3.23,3.05,3102.00
[16:25:21.131],0.85,0.00,-0.00,0.00,0.04,-0.00,0.66,-3.23,4.15,2.56,3102.00
[16:25:21.157],0.85,0.00,-0.00,0.00,0.12,-0.09,1.17,6.35,-5.19,-0.31,3081.00
[16:25:21.183],0.85,0.00,-0.00,0.00,0.06,-0.02,1.21,9.58,4.33,4.15,3081.00
[16:25:21.204],0.85,0.00,-0.00,0.00,-0.06,-0.00,0.46,-6.96,-1.95,3.11,2435.00
[16:25:21.235],0.85,0.00,-0.00,0.00,0.05,0.07,1.52,0.00,-1.89,0.24,2435.00
[16:25:21.260],0.85,0.00,-0.00,0.00,0.05,0.07,1.52,0.00,-1.89,0.24,3104.00
[16:25:21.281],0.85,0.00,-0.00,0.00,-0.03,-0.02,0.85,-0.92,-3.85,2.56,3104.00
[16:25:21.307],0.85,0.00,-0.00,0.00,0.03,0.02,1.01,3.72,6.90,2.38,3127.00
[16:25:21.333],0.85,0.00,-0.00,0.00,-0.07,0.09,0.71,-2.20,12.94,5.37,3127.00
[16:25:21.359],0.85,0.00,-0.00,0.00,-0.10,0.05,1.68,8.73,-3.97,3.72,2850.00
[16:25:21.384],0.85,0.00,-0.00,0.00,-0.04,-0.02,0.56,-6.77,5.98,3.36,2850.00
[16:25:21.410],0.85,0.00,-0.00,0.00,0.12,-0.05,1.10,2.26,-6.04,-0.06,3078.00
[16:25:21.436],0.85,0.00,-0.00,0.00,0.17,-0.02,1.31,2.38,-1.10,3.05,3078.00
[16:25:21.462],0.85,0.00,-0.00,0.00,0.17,-0.02,1.31,2.38,-1.10,3.05,2536.00
[16:25:21.488],0.85,0.00,-0.00,0.00,-0.13,0.01,0.67,-3.48,0.79,2.50,2536.00
[16:25:21.509],0.85,0.00,-0.00,0.00,0.04,0.08,1.43,-7.02,1.77,0.73,2863.00
[16:25:21.535],0.85,0.00,-0.00,0.00,0.02,-0.12,0.73,-1.40,-2.56,1.65,2863.00
[16:25:21.561],0.85,0.00,-0.00,0.00,0.00,0.06,1.02,2.75,7.63,2.01,2666.00
[16:25:21.587],0.85,0.00,-0.00,0.00,0.02,0.04,0.99,-3.36,10.99,4.46,2666.00
[16:25:21.613],0.86,0.00,-0.00,0.00,-0.03,-0.09,1.22,11.54,-4.39,3.85,2469.00
[16:25:21.638],0.86,0.00,-0.00,0.00,-0.03,-0.09,1.22,11.54,-4.39,3.85,2469.00
[16:25:21.659],0.86,0.00,-0.00,0.00,0.04,0.01,0.82,-4.27,6.90,1.89,2469.00
[16:25:21.685],0.86,0.00,-0.00,0.00,-0.07,0.03,0.87,4.82,-5.25,0.06,2035.00
[16:25:21.711],0.86,0.00,-0.00,0.00,0.13,-0.05,1.21,-6.16,-0.85,2.99,2035.00
[16:25:21.737],0.86,0.00,-0.00,0.00,-0.05,-0.03,0.72,1.53,2.14,1.89,2110.00
[16:25:21.763],0.86,0.00,-0.00,0.00,-0.00,0.05,1.57,1.28,5.07,1.28,2110.00
[16:25:21.783],0.86,0.00,-0.00,0.00,-0.11,-0.01,0.75,-2.62,-6.16,2.08,2710.00
[16:25:21.815],0.86,0.00,-0.00,0.00,0.07,-0.05,1.09,5.86,5.37,1.77,2710.00
[16:25:21.835],0.86,0.00,-0.00,0.00,0.07,-0.05,1.09,5.86,5.37,1.77,2666.00
[16:25:21.861],0.86,0.00,-0.00,0.00,0.03,0.01,0.97,-8.67,11.05,4.76,2666.00
[16:25:21.887],0.86,0.00,-0.00,0.00,-0.02,0.04,1.36,17.58,-4.76,3.23,2224.00
[16:25:21.913],0.86,0.00,-0.00,0.00,0.03,0.02,0.59,-11.17,6.23,1.71,2224.00
[16:25:21.939],0.87,0.00,-0.00,0.00,0.25,-0.14,1.49,5.43,-5.25,-0.31,2142.00
[16:25:21.965],0.87,0.00,-0.00,0.00,0.10,-0.01,1.25,4.09,-4.64,2.38,2142.00
[16:25:21.985],0.87,0.00,-0.00,0.00,-0.00,0.02,0.69,-7.93,2.08,2.32,2287.00
[16:25:22.016],0.87,0.00,-0.00,0.00,-0.01,-0.01,1.36,5.43,0.85,0.43,2287.00
[16:25:22.042],0.87,0.00,-0.00,0.00,-0.01,-0.01,1.36,5.43,0.85,0.43,2410.00
[16:25:22.068],0.87,0.00,-0.00,0.00,-0.08,-0.00,0.44,-4.70,-5.07,2.26,2410.00
[16:25:22.089],0.87,0.00,-0.00,0.00,0.07,-0.08,1.13,9.95,8.06,1.04,2121.00
[16:25:22.115],0.87,0.00,-0.00,0.00,0.08,0.02,1.01,-4.58,10.86,5.31,2121.00
[16:25:22.141],0.87,0.00,-0.00,0.00,-0.04,-0.02,1.10,11.84,-6.41,2.44,2256.00
[16:25:22.167],0.87,0.00,-0.00,0.00,0.03,-0.04,0.81,-3.85,6.47,1.71,2256.00
[16:25:22.193],0.87,0.00,-0.00,0.00,0.06,-0.06,1.17,-0.55,-6.71,-0.12,2266.00
[16:25:22.214],0.87,0.00,-0.00,0.00,0.06,-0.06,1.17,-0.55,-6.71,-0.12,2266.00
[16:25:22.240],0.87,0.00,-0.00,0.00,0.11,-0.02,1.34,5.31,-3.72,2.56,1973.00
[16:25:22.266],0.87,0.00,-0.00,0.00,-0.13,-0.08,0.44,-9.77,-2.01,1.89,1973.00
[16:25:22.292],0.87,0.00,-0.00,0.00,-0.02,0.06,1.54,0.73,4.94,0.73,1923.00
[16:25:22.318],0.87,0.00,-0.00,0.00,-0.04,-0.03,0.78,-4.15,-6.90,2.08,1923.00
[16:25:22.339],0.87,0.00,-0.00,0.00,0.07,0.05,0.96,5.55,6.35,2.26,1913.00
[16:25:22.364],0.87,0.00,-0.00,0.00,-0.13,0.09,1.21,-0.49,22.46,5.86,1913.00
[16:25:22.396],0.88,0.00,-0.00,0.00,-0.07,-0.06,1.05,9.64,-2.81,4.70,1799.00
[16:25:22.417],0.88,0.00,-0.00,0.00,-0.07,-0.06,1.05,9.64,-2.81,4.70,1799.00
[16:25:22.443],0.88,0.00,-0.00,0.00,0.03,0.01,0.76,-4.70,5.86,2.56,1727.00
[16:25:22.470],0.88,0.00,-0.00,0.00,0.08,-0.02,1.11,9.28,-5.86,0.98,1727.00
[16:25:22.491],0.88,0.00,-0.00,0.00,-0.02,-0.00,0.99,4.64,4.70,4.82,1707.00
[16:25:22.517],0.88,0.00,-0.00,0.00,-0.08,-0.03,0.70,-2.75,-0.24,3.05,1707.00
[16:25:22.543],0.88,0.00,-0.00,0.00,0.07,0.04,1.42,-1.89,5.55,2.08,1431.00
[16:25:22.569],0.88,0.00,-0.00,0.00,-0.05,-0.08,0.56,-2.38,-8.67,2.32,1431.00
[16:25:22.594],0.88,0.00,-0.00,0.00,-0.05,-0.08,0.56,-2.38,-8.67,2.32,1467.00
[16:25:22.620],0.88,0.00,-0.00,0.00,-0.04,0.06,1.18,4.46,9.28,2.81,1467.00
[16:25:22.641],0.88,0.00,-0.00,0.00,-0.19,0.03,0.71,-9.09,7.08,5.00,1840.00
[16:25:22.667],0.88,0.00,-0.00,0.00,-0.14,-0.03,1.25,6.59,-2.14,3.72,1840.00
[16:25:22.693],0.88,0.00,-0.00,0.00,0.02,0.01,0.64,-0.73,3.78,3.91,1369.00
[16:25:22.719],0.88,0.00,-0.00,0.00,0.05,0.06,1.56,4.33,5.98,2.38,1369.00
[16:25:22.745],0.88,0.00,-0.00,0.00,-0.04,0.01,0.85,3.78,3.42,5.80,1405.00
[16:25:22.771],0.88,0.00,-0.00,0.00,0.18,-0.00,0.94,6.71,-11.66,3.23,1405.00
[16:25:22.796],0.88,0.00,-0.00,0.00,0.18,-0.00,0.94,6.71,-11.66,3.23,1482.00
[16:25:22.822],0.88,0.00,-0.00,0.00,0.10,-0.03,1.34,-3.66,2.93,1.71,1482.00
[16:25:22.843],0.88,0.00,-0.00,0.00,0.00,-0.03,0.81,5.92,-5.98,1.65,1328.00
[16:25:22.869],0.89,0.00,-0.00,0.00,-0.03,0.05,1.12,-1.40,2.75,2.93,1328.00
[16:25:22.895],0.89,0.00,-0.00,0.00,-0.06,-0.09,1.05,1.10,2.38,3.36,1151.00
[16:25:22.921],0.89,0.00,-0.00,0.00,0.13,0.07,1.25,-4.03,-0.61,1.04,1151.00
[16:25:22.947],0.89,0.00,-0.00,0.00,-0.08,-0.01,0.81,-2.99,0.92,2.50,1162.00
[16:25:22.972],0.89,0.00,-0.00,0.00,0.01,-0.05,1.19,3.97,5.74,1.40,1162.00
[16:25:22.999],0.89,0.00,-0.00,0.00,0.01,-0.05,1.19,3.97,5.74,1.40,896.00
[16:25:23.025],0.89,0.00,-0.00,0.00,0.00,0.01,0.85,-4.39,10.68,4.33,896.00
[16:25:23.045],0.89,0.00,-0.00,0.00,-0.17,0.09,1.68,9.77,-1.65,3.91,1201.00
[16:25:23.071],0.89,0.00,-0.00,0.00,0.09,-0.08,0.62,-5.62,2.99,3.42,1201.00
[16:25:23.097],0.89,0.00,-0.00,0.00,0.02,-0.01,1.06,10.38,-7.08,-0.18,1201.00
[16:25:23.123],0.89,0.00,-0.00,0.00,0.09,-0.00,1.22,1.65,-0.92,2.69,1128.00
[16:25:23.149],0.89,0.00,-0.00,0.00,-0.11,-0.02,0.61,2.99,-4.52,1.46,1128.00
[16:25:23.175],0.89,0.00,-0.00,0.00,-0.01,0.00,1.27,-5.62,3.30,1.16,957.00
[16:25:23.201],0.89,0.00,-0.00,0.00,-0.01,0.00,1.27,-5.62,3.30,1.16,821.00
[16:25:23.227],0.89,0.00,-0.00,0.00,-0.00,0.00,0.73,5.07,-6.16,1.95,821.00
[16:25:23.253],0.89,0.00,-0.00,0.00,0.10,0.09,0.99,0.00,5.49,2.87,821.00
[16:25:23.274],0.89,0.00,-0.00,0.00,-0.09,0.04,0.90,-5.62,12.51,4.58,599.00
[16:25:23.300],0.89,0.00,-0.00,0.00,-0.01,0.07,1.59,8.61,0.00,2.14,599.00
[16:25:23.326],0.89,0.00,-0.00,0.00,-0.11,0.01,0.62,-5.49,0.24,2.62,856.00
[16:25:23.352],0.89,0.00,-0.00,0.00,0.04,-0.09,1.15,7.02,-0.55,0.67,856.00
[16:25:23.378],0.89,0.00,-0.00,0.00,0.04,-0.09,1.15,7.02,-0.55,0.67,531.00
[16:25:23.399],0.89,0.00,-0.00,0.00,0.06,0.03,1.34,-4.46,10.50,4.03,531.00
[16:25:23.425],0.89,0.00,-0.00,0.00,0.09,0.02,0.84,12.02,-13.06,2.38,537.00
[16:25:23.451],0.89,0.00,-0.00,0.00,0.08,-0.07,0.86,-9.46,5.25,0.98,537.00
[16:25:23.477],0.89,0.00,-0.00,0.00,0.13,0.05,1.42,10.38,-6.16,-1.04,610.00
[16:25:23.503],0.89,0.00,-0.00,0.00,0.05,0.05,1.16,2.62,-0.92,1.53,610.00
[16:25:23.524],0.89,0.00,-0.00,0.00,-0.05,0.05,0.64,-14.34,-4.27,2.99,496.00
[16:25:23.555],0.90,0.00,-0.00,0.00,-0.01,0.02,1.66,4.46,6.71,1.40,496.00
[16:25:23.576],0.90,0.00,-0.00,0.00,-0.01,0.02,1.66,4.46,6.71,1.40,597.00
[16:25:23.601],0.90,0.00,-0.00,0.00,0.00,-0.05,0.46,-3.36,-9.77,1.77,597.00
[16:25:23.627],0.90,0.00,-0.00,0.00,-0.12,0.04,1.16,2.50,10.44,2.75,654.00
[16:25:23.653],0.90,0.00,-0.00,0.00,-0.01,-0.05,0.89,-7.02,10.68,5.25,654.00
[16:25:23.679],0.90,0.00,-0.00,0.00,-0.05,0.05,1.37,10.93,0.43,1.95,447.00
[16:25:23.700],0.90,0.00,-0.00,0.00,0.06,-0.08,1.13,-6.59,-4.52,2.44,447.00
[16:25:23.726],0.90,0.00,-0.00,0.00,0.05,-0.06,1.11,11.05,4.15,1.22,584.00
[16:25:23.752],0.90,0.00,-0.00,0.00,0.05,-0.06,1.11,11.05,4.15,1.22,584.00
[16:25:23.778],0.90,0.00,-0.00,0.00,0.08,0.02,0.87,-4.70,11.72,4.94,693.00
[16:25:23.804],0.90,0.00,-0.00,0.00,0.11,0.06,1.26,10.62,-11.41,2.50,693.00
[16:25:23.830],0.90,0.00,-0.00,0.00,0.13,-0.12,0.81,-6.47,3.48,0.73,392.00
[16:25:23.850],0.90,0.00,-0.00,0.00,0.08,0.11,1.18,2.20,-8.06,-1.04,392.00
[16:25:23.877],0.90,0.00,-0.00,0.00,0.06,-0.06,1.43,6.41,-0.43,2.93,4085.00
[16:25:23.903],0.90,0.00,-0.00,0.00,0.06,-0.09,0.45,-3.11,-11.60,0.92,4085.00
[16:25:23.928],0.90,0.00,-0.00,0.00,0.04,-0.00,1.58,-3.42,5.74,-0.43,4578.00
[16:25:23.954],0.90,0.00,-0.00,0.00,0.04,-0.00,1.58,-3.42,5.74,-0.43,4578.00
[16:25:23.980],0.90,0.00,-0.00,0.00,-0.13,-0.04,0.71,0.00,-9.40,1.40,4565.00
[16:25:24.006],0.90,0.00,-0.00,0.00,-0.04,-0.04,1.00,0.73,6.53,1.40,4565.00
[16:25:24.032],0.90,0.00,-0.00,0.00,-0.37,0.02,1.11,-3.66,9.03,3.05,4290.00
[16:25:24.053],0.90,0.00,-0.00,0.00,-0.02,-0.02,1.02,-2.50,-0.67,0.92,4290.00
[16:25:24.079],0.90,0.00,-0.00,0.00,-0.04,-0.06,0.65,1.83,-3.36,0.73,4378.00
[16:25:24.105],0.90,0.00,-0.00,0.00,0.15,0.08,1.38,6.29,5.07,0.85,4378.00
[16:25:24.131],0.90,0.00,-0.00,0.00,-0.12,-0.01,0.73,-4.46,10.50,3.60,4336.00
[16:25:24.157],0.90,0.00,-0.00,0.00,-0.12,-0.01,0.73,-4.46,10.50,3.60,4336.00
[16:25:24.183],0.90,0.00,-0.00,0.00,0.00,-0.00,1.45,9.16,-0.67,1.28,4354.00
[16:25:24.209],0.90,0.00,-0.00,0.00,-0.12,0.02,1.06,7.20,2.62,3.05,4354.00
[16:25:24.235],0.90,0.00,-0.00,0.00,0.02,-0.09,1.09,-1.04,0.49,1.40,4160.00
[16:25:24.256],0.91,0.00,-0.00,0.00,0.09,-0.06,1.18,-3.11,8.36,4.09,4160.00
[16:25:24.282],0.91,0.00,-0.00,0.00,0.07,-0.03,1.34,11.11,-7.32,2.93,4136.00
[16:25:24.308],0.91,0.00,-0.00,0.00,0.05,-0.02,0.56,-7.81,4.39,1.22,4136.00
[16:25:24.339],0.91,0.00,-0.00,0.00,0.33,0.00,1.30,17.09,-3.54,-0.18,4154.00
[16:25:24.359],0.91,0.00,-0.00,0.00,0.33,0.00,1.30,17.09,-3.54,-0.18,4154.00
[16:25:24.385],0.91,0.00,-0.00,0.00,0.06,0.01,1.05,-6.59,-0.37,3.72,4001.00
[16:25:24.412],0.91,0.00,-0.00,0.00,0.02,-0.01,0.62,5.13,-7.87,0.92,4001.00
[16:25:24.438],0.91,0.00,-0.00,0.00,0.04,0.02,1.31,-7.02,1.83,1.28,3999.00
[16:25:24.458],0.91,0.00,-0.00,0.00,-0.03,-0.05,0.98,6.84,-8.12,0.18,3999.00
[16:25:24.484],0.91,0.00,-0.00,0.00,-0.13,0.05,0.92,-2.87,6.47,3.42,3951.00
[16:25:24.510],0.91,0.00,-0.00,0.00,-0.07,-0.12,0.97,7.57,3.72,4.27,3951.00
[16:25:24.536],0.91,0.00,-0.00,0.00,-0.07,-0.12,0.97,7.57,3.72,4.27,3865.00
[16:25:24.562],0.91,0.00,-0.00,0.00,0.06,0.04,1.08,-11.60,1.28,2.14,3865.00
[16:25:24.588],0.91,0.00,-0.00,0.00,0.04,-0.07,0.76,2.62,-7.93,1.46,3794.00
[16:25:24.609],0.91,0.25,-0.00,0.00,-0.16,0.06,1.19,2.75,9.52,4.21,3794.00
[16:25:24.635],0.91,0.51,-0.00,0.00,-0.06,0.05,0.74,-8.30,9.77,5.00,3794.00
[16:25:24.661],0.91,0.66,-0.00,0.00,0.14,0.07,1.53,18.07,-4.39,0.92,3746.00
[16:25:24.687],0.91,0.73,-0.00,0.00,-0.32,0.06,0.54,-7.45,3.54,-2.93,3746.00
[16:25:24.713],0.91,0.77,-0.00,0.00,-0.22,0.10,1.18,8.00,8.67,-22.71,3732.00
[16:25:24.738],0.91,0.75,-0.00,0.00,-0.22,0.10,1.18,8.00,8.67,-22.71,3732.00
[16:25:24.764],0.91,0.76,-0.00,0.00,-0.57,0.13,0.75,-4.52,10.31,-38.33,3641.00
[16:25:24.790],0.91,0.76,-0.00,0.00,-0.46,0.07,1.35,11.84,6.16,-51.15,3641.00
[16:25:24.811],0.91,0.76,-0.00,0.00,-0.32,0.11,0.65,-9.89,7.57,-65.80,3557.00
[16:25:24.837],0.91,0.76,-0.00,0.00,-0.33,0.16,1.46,18.80,4.82,-60.67,3557.00
[16:25:24.863],0.91,0.76,-0.00,0.00,-0.29,0.00,0.58,-10.13,19.96,-73.97,3330.00
[16:25:24.889],0.91,0.76,-0.00,0.00,-0.30,0.08,0.95,9.89,-7.93,-71.72,3330.00
[16:25:24.914],0.91,0.76,-0.00,0.00,-0.34,0.04,1.11,-3.85,20.02,-80.57,3330.00
[16:25:24.940],0.91,0.76,-0.00,0.00,-0.34,0.04,1.11,-3.85,20.02,-80.57,3330.00
[16:25:24.966],0.91,0.76,-0.00,0.00,-0.19,0.07,0.92,3.91,-12.94,-79.71,3119.00
[16:25:24.992],0.91,0.76,-0.00,0.00,-0.17,-0.11,0.93,-11.29,8.97,-86.00,3119.00
[16:25:25.018],0.91,0.76,-0.00,0.00,-0.36,0.08,1.10,-2.20,-5.92,-86.12,2754.00
[16:25:25.039],0.91,0.76,-0.00,0.00,-0.24,0.13,0.92,-2.69,14.71,-88.07,2754.00
[16:25:25.064],0.91,0.76,-0.00,0.00,-0.27,-0.00,1.25,1.65,-1.46,-86.85,2754.00
[16:25:25.090],0.91,0.76,-0.00,0.00,-0.24,0.04,1.14,-4.09,9.22,-87.28,2754.00
[16:25:25.121],0.91,0.76,-0.00,0.00,-0.40,0.06,1.46,3.91,3.17,-85.02,2677.00
[16:25:25.142],0.91,0.76,-0.00,0.00,-0.40,0.06,1.46,3.91,3.17,-85.02,2677.00
[16:25:25.168],0.37,0.00,-0.00,0.00,-0.09,0.06,0.65,3.54,-17.21,-85.69,2677.00
[16:25:25.194],0.36,0.00,-0.00,0.00,-0.31,0.06,1.27,-3.42,11.54,-89.90,2677.00
[16:25:25.220],0.35,0.00,-0.00,0.00,-0.16,0.04,1.22,0.24,-11.23,-93.32,2699.00
[16:25:25.245],0.23,0.00,-0.00,0.00,-0.11,0.08,1.22,1.04,10.74,-84.17,2699.00
[16:25:25.271],0.24,0.00,-0.00,0.00,0.05,0.04,1.08,-8.79,-2.87,-66.53,2768.00
[16:25:25.292],0.38,0.00,-0.00,0.00,0.38,0.07,1.15,8.85,-4.82,-37.17,2768.00
[16:25:25.318],0.53,0.00,-0.00,0.00,0.38,0.07,1.15,8.85,-4.82,-37.17,2887.00
[16:25:25.344],0.71,-0.52,-0.00,0.00,0.09,0.11,1.04,1.22,14.53,-5.00,2887.00
[16:25:25.370],0.73,-0.87,-0.00,0.00,0.02,0.05,0.81,-5.92,5.00,9.28,2866.00
[16:25:25.396],0.44,-0.98,-0.00,0.00,0.12,-0.00,1.20,-1.65,6.23,10.50,2866.00
[16:25:25.417],0.00,-0.99,-0.00,0.00,0.23,-0.00,0.50,-3.66,-12.88,23.80,2787.00
[16:25:25.443],0.00,-0.99,-0.00,0.00,0.37,0.02,1.23,5.62,3.60,33.33,2787.00
[16:25:25.469],0.00,-0.97,-0.00,0.00,0.31,0.13,0.97,5.25,-6.16,46.14,2704.00
[16:25:25.494],0.00,-0.94,-0.00,0.00,0.27,0.13,0.81,-1.04,8.91,61.10,2704.00
[16:25:25.520],0.00,-0.95,-0.00,0.00,0.27,0.13,0.81,-1.04,8.91,61.10,2496.00
[16:25:25.546],0.00,-0.94,-0.00,0.00,0.23,0.26,1.25,5.55,1.16,67.93,2496.00
[16:25:25.572],0.00,-0.93,-0.00,0.00,0.25,0.16,0.80,-0.18,-8.79,74.04,2496.00
[16:25:25.598],0.00,-0.93,-0.00,0.00,0.33,0.24,1.22,13.24,1.22,77.27,2496.00
[16:25:25.619],0.00,-0.89,-0.00,0.00,0.20,0.19,0.84,-1.46,-3.54,80.57,2161.00
[16:25:25.645],0.00,-0.90,-0.00,0.00,0.41,0.23,1.17,-1.04,-1.77,85.82,2161.00
[16:25:25.671],0.00,-0.89,-0.00,0.00,0.28,0.19,1.40,10.07,9.83,88.13,2161.00
[16:25:25.702],0.00,-0.89,-0.00,0.00,0.25,0.20,0.59,-2.44,-21.18,91.25,2161.00
[16:25:25.723],0.00,-0.87,-0.00,0.00,0.25,0.20,0.59,-2.44,-21.18,91.25,1890.00
[16:25:25.749],0.00,-0.87,-0.00,0.00,0.33,0.23,1.32,2.14,5.74,93.02,1890.00
[16:25:25.774],0.00,-0.87,-0.00,0.00,0.21,0.19,1.06,6.59,-6.71,90.45,1890.00
[16:25:25.800],0.00,-0.87,-0.00,0.00,0.32,0.20,0.92,-0.37,-6.53,96.31,1890.00
[16:25:25.826],0.00,-0.86,-0.00,0.00,0.23,0.27,1.28,2.81,4.46,95.70,1675.00
[16:25:25.847],0.00,-0.86,-0.00,0.00,0.07,0.23,0.79,3.66,6.23,88.13,1675.00
[16:25:25.873],0.00,-0.86,-0.00,0.00,0.49,0.27,1.34,7.87,-16.17,90.15,1523.00
[16:25:25.903],0.00,-0.86,-0.00,0.00,0.16,0.17,1.03,-3.85,4.33,92.77,1523.00
[16:25:25.929],0.00,-0.86,-0.00,0.00,0.16,0.17,1.03,-3.85,4.33,92.77,1523.00
[16:25:25.950],0.00,-0.86,-0.00,0.00,0.02,0.23,0.98,5.92,-3.54,83.98,1523.00
[16:25:25.976],0.00,-0.86,-0.00,0.00,0.17,0.16,0.95,2.26,-5.62,78.55,1424.00
[16:25:26.002],0.00,-0.86,-0.00,0.00,0.11,0.15,1.16,5.07,4.46,83.31,1424.00
[16:25:26.028],0.00,-0.86,-0.00,0.00,0.04,0.16,0.90,5.92,-3.17,80.14,1424.00
[16:25:26.054],0.45,-0.86,-0.00,0.00,0.03,0.21,1.10,3.42,8.24,70.86,1424.00
[16:25:26.075],0.76,-0.86,-0.00,0.00,0.08,0.20,0.99,-1.95,-6.47,70.31,1349.00
[16:25:26.100],0.76,-0.86,-0.00,0.00,0.08,0.20,0.99,-1.95,-6.47,70.31,1349.00
[16:25:26.126],0.79,-0.86,-0.00,0.00,0.15,0.11,1.16,9.77,3.11,70.13,1349.00
[16:25:26.152],0.85,-0.86,-0.00,0.00,0.07,-0.11,1.08,0.67,-3.05,73.24,1349.00
[16:25:26.178],0.89,-0.86,-0.00,0.00,0.09,0.04,0.90,1.04,-1.59,68.97,1355.00
[16:25:26.204],0.89,-0.86,-0.00,0.00,0.11,-0.04,1.03,3.97,-1.40,67.75,1355.00
[16:25:26.225],0.92,-0.86,-0.00,0.00,0.22,-0.03,0.99,-2.44,-0.73,71.11,1731.00
[16:25:26.251],0.92,-0.86,-0.00,0.00,0.11,-0.01,1.06,7.32,2.62,74.71,1731.00
[16:25:26.277],0.92,-0.86,-0.00,0.00,0.16,0.02,1.11,2.75,-2.87,73.85,1731.00
[16:25:26.303],1.00,-0.86,-0.00,0.00,0.16,0.02,1.11,2.75,-2.87,73.85,1731.00
[16:25:26.329],0.98,-0.86,-0.00,0.00,0.14,-0.05,0.82,1.10,-6.16,73.91,1731.00
[16:25:26.355],0.98,-0.86,-0.00,0.00,0.22,0.06,1.27,7.81,-3.05,75.01,1820.00
[16:25:26.381],0.98,-0.86,-0.00,0.00,0.12,-0.10,0.92,-0.73,9.46,77.70,1820.00
[16:25:26.402],0.97,-0.86,-0.00,0.00,0.10,0.03,1.01,-1.10,-3.42,73.97,1820.00
[16:25:26.428],0.97,-0.86,-0.00,0.00,0.19,-0.01,1.03,-0.37,-9.77,75.87,1820.00
[16:25:26.454],0.97,-0.86,-0.00,0.00,0.26,-0.03,1.09,3.11,0.98,80.44,1894.00
[16:25:26.480],0.97,-0.86,-0.00,0.00,0.13,0.02,0.98,0.67,-3.91,85.45,1894.00
[16:25:26.506],0.97,-0.86,-0.00,0.00,0.13,0.02,0.98,0.67,-3.91,85.45,1894.00
[16:25:26.532],0.96,-0.86,-0.00,0.00,0.19,-0.02,1.11,1.10,-0.85,78.80,1894.00
[16:25:26.558],0.96,-0.86,-0.00,0.00,0.31,-0.07,0.78,-0.92,-12.82,84.78,2016.00
[16:25:26.584],0.96,-0.86,-0.00,0.00,0.12,0.05,0.98,2.32,8.30,88.20,2016.00
[16:25:26.605],0.96,-0.86,-0.00,0.00,0.12,0.00,1.07,-1.28,-3.17,85.02,2016.00
[16:25:26.631],0.96,-0.86,-0.00,0.00,0.16,-0.02,0.89,2.62,-2.08,82.89,2016.00
[16:25:26.657],0.96,-0.86,-0.00,0.00,0.33,-0.00,1.14,3.91,-9.83,90.03,1999.00
[16:25:26.683],0.95,-0.86,-0.00,0.00,0.33,-0.00,1.14,3.91,-9.83,90.03,1999.00
[16:25:26.708],0.92,-0.86,-0.00,0.00,0.14,0.03,0.95,1.83,0.49,89.23,1731.00
[16:25:26.734],0.89,-0.86,-0.00,0.00,0.21,-0.02,0.89,-5.62,-9.28,86.06,1731.00
[16:25:26.755],0.89,-0.86,-0.00,0.00,0.23,-0.00,1.22,9.46,1.28,88.99,1731.00
[16:25:26.781],0.84,-0.86,-0.00,0.00,0.12,0.09,0.97,4.33,5.92,89.97,1731.00
[16:25:26.807],0.71,-0.86,-0.00,0.00,0.05,0.07,0.96,7.26,3.60,82.58,1500.00
[16:25:26.833],0.71,-0.86,-0.00,0.00,0.35,-0.02,1.06,-3.72,-4.52,90.88,1500.00
[16:25:26.859],0.71,-0.86,-0.00,0.00,0.13,0.13,1.16,10.31,5.19,95.95,1500.00
[16:25:26.885],0.42,-0.86,-0.00,0.00,0.13,0.13,1.16,10.31,5.19,95.95,1500.00
[16:25:26.911],0.13,-0.74,-0.00,0.00,0.07,0.06,0.96,0.18,-1.77,90.03,1316.00
[16:25:26.932],0.00,0.00,-0.00,0.00,0.23,0.09,0.82,6.35,-13.24,86.67,1316.00
[16:25:26.958],0.00,0.00,-0.00,0.00,0.19,0.13,1.09,0.37,4.46,90.39,1316.00
[16:25:26.984],0.00,0.00,-0.00,0.00,-0.03,0.15,0.89,6.47,2.38,83.13,1316.00
[16:25:27.010],0.00,0.00,-0.00,0.00,-0.13,0.12,0.83,3.97,-2.32,76.54,1173.00
[16:25:27.036],0.00,0.00,-0.00,0.00,-0.21,0.35,1.59,3.23,7.75,58.96,1173.00
[16:25:27.062],0.00,0.00,-0.00,0.00,-0.25,0.07,0.77,-2.75,-3.85,44.62,1173.00
[16:25:27.088],0.00,0.00,-0.00,0.00,-0.25,0.07,0.77,-2.75,-3.85,44.62,1173.00
[16:25:27.114],-0.05,0.00,-0.00,0.00,-0.23,0.07,1.19,1.04,9.58,20.75,1060.00
[16:25:27.135],-0.63,0.00,-0.00,0.00,-0.20,0.08,1.03,-2.20,-6.84,7.14,1060.00
[16:25:27.161],-0.63,0.00,-0.00,0.00,0.09,0.12,1.02,3.48,-2.81,0.92,972.00
[16:25:27.187],-1.00,0.00,-0.00,0.00,0.04,0.16,1.06,-5.00,2.14,1.59,972.00
[16:25:27.213],-1.00,0.00,-0.00,0.00,0.03,0.15,1.03,0.00,5.25,1.53,972.00
[16:25:27.239],-1.00,0.00,-0.00,0.00,-0.07,0.09,1.11,2.99,-1.59,0.79,972.00
[16:25:27.260],-1.00,0.00,-0.00,0.00,-0.07,0.09,1.11,2.99,-1.59,0.79,897.00
[16:25:27.286],-1.00,0.00,-0.00,0.00,0.05,0.08,0.95,-1.65,-2.87,1.59,897.00
[16:25:27.312],-1.00,0.00,-0.00,0.00,0.08,0.11,1.21,6.10,4.15,1.59,897.00
[16:25:27.338],-0.41,0.00,-0.00,0.00,-0.02,0.09,1.00,-6.41,0.43,3.17,897.00
[16:25:27.364],0.00,0.00,-0.00,0.00,0.06,0.08,0.96,-0.18,5.55,2.26,829.00
[16:25:27.385],0.00,0.00,-0.00,0.00,-0.06,0.15,1.23,3.60,3.85,3.05,829.00
[16:25:27.411],0.00,0.00,-0.00,0.00,0.01,0.11,0.96,0.43,-2.26,2.56,829.00
[16:25:27.437],0.00,0.00,-0.00,0.00,0.02,0.08,0.94,-0.31,-0.06,2.20,829.00
[16:25:27.463],0.00,0.00,-0.00,0.00,0.02,0.08,0.94,-0.31,-0.06,2.20,766.00
[16:25:27.488],-0.15,0.00,-0.00,0.00,0.00,0.07,1.13,2.56,-0.49,0.61,766.00
[16:25:27.514],-0.65,0.00,-0.00,0.00,0.03,0.09,1.11,1.53,-1.04,1.22,717.00
[16:25:27.540],-0.92,0.00,-0.00,0.00,-0.00,0.09,0.96,-0.43,1.59,1.65,717.00
[16:25:27.566],-1.00,0.00,-0.00,0.00,0.05,0.28,1.03,2.87,0.49,2.32,717.00
[16:25:27.587],-1.00,0.00,-0.00,0.00,-0.02,0.44,1.07,-0.43,5.13,3.36,717.00
[16:25:27.613],-1.00,0.00,-0.00,0.00,0.00,0.34,1.10,1.40,2.01,0.61,673.00
[16:25:27.639],-1.00,0.00,-0.00,0.00,0.00,0.34,1.10,1.40,2.01,0.61,673.00
[16:25:27.665],-1.00,0.00,-0.00,0.00,0.02,0.32,1.04,2.26,-0.06,1.40,673.00
[16:25:27.691],-1.00,0.00,-0.00,0.00,0.01,0.31,1.00,0.61,1.40,1.71,673.00
[16:25:27.712],-1.00,0.00,-0.00,0.00,-0.00,0.18,1.02,-0.98,0.55,1.46,661.00
[16:25:27.738],-1.00,0.00,-0.00,0.00,0.01,0.15,1.03,0.49,-0.18,1.65,661.00
[16:25:27.763],-1.00,0.00,-0.00,0.00,-0.00,0.01,1.03,-0.12,1.46,1.53,661.00
[16:25:27.789],-1.00,0.00,-0.00,0.00,0.01,0.07,1.06,0.24,-0.06,1.59,661.00
[16:25:27.815],-1.00,0.00,-0.00,0.00,0.01,0.07,1.10,1.16,0.24,1.34,664.00
[16:25:27.846],-1.00,0.00,-0.00,0.00,0.00,0.08,1.01,1.53,-0.43,1.40,664.00
[16:25:27.872],-1.00,0.00,-0.00,0.00,0.00,0.08,1.01,1.53,-0.43,1.40,664.00
[16:25:27.893],-1.00,0.00,-0.00,0.00,0.02,0.03,1.04,0.31,0.55,1.34,664.00
[16:25:27.918],-1.00,0.00,-0.00,0.00,0.02,0.04,1.05,0.43,0.00,1.40,672.00
[16:25:27.945],-1.00,0.00,-0.00,0.00,0.01,0.08,1.07,0.79,0.37,0.98,672.00
[16:25:27.971],-1.00,0.00,-0.00,0.00,0.00,0.05,1.02,1.46,0.37,1.53,691.00
[16:25:27.997],-1.00,0.00,-0.00,0.00,0.01,0.05,1.03,0.73,0.37,1.28,691.00
[16:25:28.018],-1.00,0.00,-0.00,0.00,0.04,0.03,1.04,1.46,1.04,1.71,691.00
[16:25:28.043],-1.00,0.00,-0.00,0.00,0.04,0.03,1.04,1.46,1.04,1.71,691.00
[16:25:28.069],-1.00,0.00,-0.00,0.00,0.03,0.04,1.09,-0.49,2.56,1.65,691.00
[16:25:28.095],-1.00,0.00,-0.00,0.00,-0.00,0.04,1.02,-0.43,3.97,1.53,716.00
[16:25:28.121],-1.00,0.00,-0.00,0.00,0.03,0.03,1.05,0.00,0.49,1.40,716.00
[16:25:28.147],-1.00,1.00,-0.00,0.00,0.04,0.04,1.04,1.34,0.79,1.34,716.00
[16:25:28.168],-1.00,1.00,-0.00,0.00,0.01,0.07,1.04,1.22,1.04,1.10,716.00
[16:25:28.194],-1.00,1.00,-0.00,0.00,0.05,0.03,1.03,2.38,0.31,2.38,735.00
[16:25:28.225],-1.00,1.00,-0.00,0.00,0.13,0.06,1.06,0.31,1.46,7.57,735.00
[16:25:28.246],-1.00,1.00,-0.00,0.00,0.13,0.06,1.06,0.31,1.46,7.57,735.00
[16:25:28.271],-1.00,1.00,-0.00,0.00,0.09,0.04,1.06,1.77,-0.55,13.37,735.00
[16:25:28.297],-1.00,1.00,-0.00,0.00,0.11,0.02,1.02,-1.65,-2.75,19.78,767.00
[16:25:28.323],-1.00,1.00,-0.00,0.00,0.14,-0.03,1.15,4.76,-4.58,26.00,767.00
[16:25:28.349],-1.00,1.00,-0.00,0.00,0.03,0.04,0.90,3.60,-0.37,31.68,802.00
[16:25:28.370],-1.00,1.00,-0.00,0.00,-0.01,0.04,1.03,1.83,3.48,32.96,802.00
[16:25:28.396],-1.00,1.00,-0.00,0.00,-0.01,0.03,1.15,-0.85,0.31,31.62,802.00
[16:25:28.422],-1.00,1.00,-0.00,0.00,-0.01,0.03,1.15,-0.85,0.31,31.62,802.00
[16:25:28.448],-1.00,1.00,-0.00,0.00,0.00,0.04,0.97,0.43,-0.43,33.39,838.00
[16:25:28.473],-1.00,1.00,-0.00,0.00,0.04,0.02,1.03,0.24,1.22,34.42,838.00
[16:25:28.499],-1.00,1.00,-0.00,0.00,0.00,0.04,1.09,2.38,2.93,34.24,838.00
[16:25:28.520],-1.00,1.00,-0.00,0.00,-0.05,0.02,1.01,1.16,0.73,33.75,838.00
[16:25:28.547],-1.00,1.00,-0.00,0.00,-0.04,-0.02,1.01,2.26,-3.23,34.73,888.00
[16:25:28.573],-1.00,1.00,-0.00,0.00,0.03,0.03,1.06,1.28,-3.66,33.63,888.00
[16:25:28.598],-1.00,1.00,-0.00,0.00,0.03,-0.01,0.99,3.30,2.26,34.97,888.00
[16:25:28.624],-1.00,1.00,-0.00,0.00,0.03,-0.01,0.99,3.30,2.26,34.97,888.00
[16:25:28.650],-1.00,1.00,-0.00,0.00,0.02,0.04,1.14,1.65,0.49,35.46,938.00
[16:25:28.676],-1.00,1.00,-0.00,0.00,0.05,0.04,1.14,3.36,1.34,38.21,938.00
[16:25:28.697],-1.00,1.00,-0.00,0.00,-0.01,0.00,0.97,2.20,3.05,36.68,938.00
[16:25:28.723],-1.00,1.00,-0.00,0.00,-0.05,0.02,1.08,1.22,2.26,36.80,938.00
[16:25:28.749],-1.00,1.00,-0.00,0.00,-0.02,-0.01,1.11,2.56,-6.47,34.85,994.00
[16:25:28.774],-1.00,1.00,-0.00,0.00,-0.04,0.02,0.98,0.98,-1.83,34.24,994.00
[16:25:28.800],-1.00,1.00,-0.00,0.00,0.03,-0.03,1.05,3.17,-0.37,34.91,1056.00
[16:25:28.826],-1.00,1.00,-0.00,0.00,0.03,-0.03,1.05,3.17,-0.37,34.91,1056.00
[16:25:28.852],-1.00,1.00,-0.00,0.00,-0.04,0.06,1.06,4.03,1.77,37.29,1056.00
[16:25:28.878],-1.00,1.00,-0.00,0.00,0.05,0.04,1.09,-0.85,-1.95,36.38,1056.00
[16:25:28.904],-1.00,1.00,-0.00,0.00,-0.04,0.00,1.06,3.17,0.79,37.60,1125.00
[16:25:28.925],-1.00,1.00,-0.00,0.00,0.00,0.03,1.08,0.24,-0.12,38.70,1125.00
[16:25:28.950],-1.00,1.00,-0.00,0.00,-0.06,0.07,0.96,-0.67,-0.37,37.54,1125.00
[16:25:28.977],-1.00,1.00,-0.00,0.00,0.02,-0.06,1.17,0.85,-1.10,37.41,1125.00
[16:25:29.008],-1.00,1.00,-0.00,0.00,-0.03,-0.01,0.95,2.20,3.97,37.48,1206.00
[16:25:29.028],-1.00,1.00,-0.00,0.00,-0.03,-0.01,0.95,2.20,3.97,37.48,1206.00
[16:25:29.054],-1.00,1.00,-0.00,0.00,-0.05,0.03,0.98,1.46,3.11,37.23,1206.00
[16:25:29.080],-1.00,1.00,-0.00,0.00,-0.03,0.03,1.09,0.85,-2.99,38.45,1206.00
[16:25:29.106],-1.00,1.00,-0.00,0.00,0.00,0.04,0.99,2.93,-0.85,39.06,1296.00
[16:25:29.132],-1.00,1.00,-0.00,0.00,-0.04,0.00,1.01,2.38,0.98,38.15,1296.00
[16:25:29.153],-1.00,1.00,-0.00,0.00,-0.01,-0.01,1.13,-1.83,1.59,37.78,1296.00
[16:25:29.179],-1.00,1.00,-0.00,0.00,-0.02,0.02,1.00,-0.37,-1.53,39.25,1296.00
[16:25:29.205],-1.00,1.00,-0.00,0.00,-0.02,0.02,1.00,-0.37,-1.53,39.25,1394.00
[16:25:29.230],-1.00,1.00,-0.00,0.00,-0.03,0.02,0.86,0.49,-0.06,38.02,1394.00
[16:25:29.256],-1.00,1.00,-0.00,0.00,0.01,0.05,1.11,5.80,0.12,40.10,1502.00
[16:25:29.282],-1.00,1.00,-0.00,0.00,-0.03,0.00,1.10,-0.31,-4.09,38.70,1502.00
[16:25:29.303],-1.00,1.00,-0.00,0.00,-0.00,0.04,0.92,0.37,-2.01,37.41,1502.00
[16:25:29.329],-1.00,1.00,-0.00,0.00,-0.03,0.01,1.10,0.55,1.53,39.49,1502.00
[16:25:29.355],-1.00,1.00,-0.00,0.00,-0.04,0.01,1.04,-0.37,1.59,38.02,1625.00
[16:25:29.380],-1.00,1.00,-0.00,0.00,-0.05,0.00,0.99,0.85,-0.79,37.23,1625.00
[16:25:29.406],-1.00,1.00,-0.00,0.00,-0.05,0.00,0.99,0.85,-0.79,37.23,1625.00
[16:25:29.432],-1.00,1.00,-0.00,0.00,-0.04,0.06,1.02,0.92,2.50,40.71,1625.00
[16:25:29.458],-1.00,1.00,-0.00,0.00,0.01,0.03,1.02,3.30,4.09,40.22,1766.00
[16:25:29.484],-1.00,1.00,-0.00,0.00,-0.07,0.05,1.02,3.17,1.71,40.83,1766.00
[16:25:29.505],-1.00,1.00,-0.00,0.00,-0.01,0.00,1.02,0.85,-0.61,41.50,1766.00
[16:25:29.531],-1.00,1.00,-0.00,0.00,-0.06,0.02,1.03,3.11,-3.11,40.22,1766.00
[16:25:29.557],-1.00,1.00,-0.00,0.00,0.06,-0.01,1.10,-2.38,-0.18,38.15,1766.00
[16:25:29.588],-1.00,1.00,-0.00,0.00,-0.04,-0.03,1.02,-1.95,-2.93,37.96,1934.00
[16:25:29.609],-1.00,1.00,-0.00,0.00,-0.04,-0.03,1.02,-1.95,-2.93,37.96,2115.00
[16:25:29.635],-1.00,1.00,-0.00,0.00,0.06,0.00,1.00,4.03,-1.71,39.55,2115.00
[16:25:29.661],-1.00,1.00,-0.00,0.00,-0.06,0.04,1.08,2.75,5.62,42.48,2115.00
[16:25:29.687],-1.00,1.00,-0.00,0.00,-0.08,0.04,1.01,0.37,-3.85,40.59,2115.00
[16:25:29.708],-1.00,1.00,-0.00,0.00,0.04,0.04,1.00,1.16,0.73,42.60,2115.00
[16:25:29.734],-1.00,1.00,-0.00,0.00,-0.07,-0.04,1.20,1.95,-1.34,41.69,2312.00
[16:25:29.760],-1.00,1.00,-0.00,0.00,-0.02,0.03,1.02,0.85,-2.44,37.41,2312.00
[16:25:29.786],-1.00,1.00,-0.00,0.00,-0.01,-0.04,1.00,-0.85,-2.20,37.84,2398.00
[16:25:29.812],-1.00,1.00,-0.00,0.00,-0.01,-0.04,1.00,-0.85,-2.20,37.84,2655.00
[16:25:29.838],-1.00,1.00,-0.00,0.00,0.03,0.02,1.08,4.88,2.26,41.38,2655.00
[16:25:29.864],-1.00,1.00,-0.00,0.00,-0.04,0.06,1.01,2.50,0.00,42.18,2655.00
[16:25:29.890],-1.00,1.00,-0.00,0.00,-0.03,0.02,1.12,0.98,-1.40,43.27,2753.00
[16:25:29.911],-1.00,1.00,-0.00,0.00,0.00,0.02,1.02,4.64,0.92,42.66,2753.00
[16:25:29.937],-1.00,1.00,-0.00,0.00,-0.11,0.01,1.00,1.83,0.24,41.14,2922.00
[16:25:29.963],-1.00,1.00,-0.00,0.00,0.00,0.05,1.06,-1.89,-3.54,39.61,2922.00
[16:25:29.989],-1.00,1.00,-0.00,0.00,-0.06,0.02,0.93,9.95,2.81,42.24,3135.00
[16:25:30.015],-1.00,1.00,-0.00,0.00,-0.06,0.02,0.93,9.95,2.81,42.24,3135.00
[16:25:30.041],-1.00,1.00,-0.00,0.00,-0.03,0.03,1.10,3.30,2.81,42.66,3117.00
[16:25:30.067],-1.00,1.00,-0.00,0.00,-0.06,0.08,1.16,-1.83,-7.69,41.26,3117.00
[16:25:30.093],-1.00,1.00,-0.00,0.00,0.06,0.01,1.00,2.14,-2.69,43.82,3121.00
[16:25:30.114],-1.00,1.00,-0.00,0.00,-0.05,0.04,1.00,-1.46,5.43,43.58,3121.00
[16:25:30.139],-1.00,1.00,-0.00,0.00,-0.07,-0.01,1.05,0.73,-0.92,41.32,3341.00
[16:25:30.165],-0.31,0.78,-0.00,0.00,-0.06,-0.04,0.98,1.16,-3.23,38.76,3341.00
[16:25:30.191],0.00,0.23,-0.00,0.00,-0.06,-0.04,0.98,1.16,-3.23,38.76,3165.00
[16:25:30.217],0.00,0.00,-0.00,0.00,0.01,0.03,1.03,4.27,-0.61,42.85,3165.00
[16:25:30.243],0.00,0.00,-0.00,0.00,-0.16,-0.04,1.09,1.46,2.81,39.37,2741.00
[16:25:30.264],0.18,0.00,-0.00,0.00,-0.21,-0.09,1.00,2.56,0.67,29.72,2741.00
[16:25:30.290],0.87,0.00,-0.00,0.00,-0.14,-0.06,1.04,1.59,2.01,21.18,2860.00
[16:25:30.315],0.87,0.00,-0.00,0.00,-0.13,-0.09,1.13,2.38,-0.98,12.27,2860.00
[16:25:30.341],0.87,0.00,-0.00,0.00,-0.02,-0.26,0.98,-0.79,-1.59,8.61,3033.00
[16:25:30.367],0.87,0.00,-0.00,0.00,-0.04,-0.39,1.12,5.68,1.59,2.56,3033.00
[16:25:30.393],1.00,0.00,-0.00,0.00,-0.04,-0.39,1.12,5.68,1.59,2.56,2562.00
[16:25:30.419],1.00,0.00,-0.00,0.00,-0.05,-0.45,1.01,0.31,0.61,0.67,2562.00
[16:25:30.445],1.00,0.00,-0.00,0.00,0.01,-0.44,1.01,0.79,1.16,0.43,2494.00
[16:25:30.471],1.00,0.00,-0.00,0.00,0.00,-0.19,1.01,1.34,0.00,1.89,2494.00
[16:25:30.491],1.00,0.00,-0.00,0.00,0.01,-0.27,1.02,-0.31,2.50,2.14,1959.00
[16:25:30.517],1.00,0.00,-0.00,0.00,0.04,-0.20,1.05,0.37,1.89,1.10,1959.00
[16:25:30.543],1.00,0.00,-0.00,0.00,-0.00,-0.13,1.05,1.83,0.18,0.85,2571.00
[16:25:30.569],1.00,0.00,-0.00,0.00,-0.02,-0.11,1.00,0.61,0.24,2.01,2571.00
[16:25:30.595],1.00,0.00,-0.00,0.00,-0.02,-0.11,1.00,0.61,0.24,2.01,2500.00
[16:25:30.621],1.00,0.00,-0.00,0.00,0.04,-0.14,1.04,-0.67,1.04,1.89,2500.00
[16:25:30.646],1.00,0.00,-0.00,0.00,0.02,-0.12,1.06,0.24,0.73,1.83,2626.00
[16:25:30.672],1.00,0.00,-0.00,0.00,-0.00,-0.15,1.06,0.55,1.46,1.65,2626.00
[16:25:30.698],1.00,0.00,-0.00,0.00,-0.02,-0.13,1.00,0.55,2.69,1.65,3235.00
[16:25:30.719],1.00,-0.17,-0.00,0.00,0.02,-0.14,1.04,-3.17,0.18,1.83,3235.00
[16:25:30.745],1.00,-0.29,-0.00,0.00,0.03,-0.15,1.04,-0.37,-0.61,2.08,2719.00
[16:25:30.771],1.00,-0.36,-0.00,0.00,0.03,-0.15,1.04,-0.37,-0.61,2.08,2719.00
[16:25:30.797],1.00,-0.50,-0.00,0.00,0.17,-0.11,1.04,2.93,-6.77,2.32,2650.00
[16:25:30.823],1.00,-0.53,-0.00,0.00,0.22,-0.03,1.12,2.44,1.40,11.47,2650.00
[16:25:30.844],1.00,-0.53,-0.00,0.00,0.23,-0.15,1.01,1.71,0.73,21.18,2829.00
[16:25:30.869],1.00,-0.53,-0.00,0.00,0.20,-0.05,1.11,2.20,-0.61,30.27,2829.00
[16:25:30.895],1.00,-0.55,-0.00,0.00,0.02,-0.05,0.99,6.23,8.79,38.02,2080.00
[16:25:30.921],1.00,-0.56,-0.00,0.00,0.01,-0.12,1.00,-2.75,-6.84,37.41,2080.00
[16:25:30.947],1.00,-0.52,-0.00,0.00,0.16,-0.07,1.01,-2.08,-0.85,41.02,2715.00
[16:25:30.973],1.00,-0.52,-0.00,0.00,0.16,-0.07,1.01,-2.08,-0.85,41.02,2715.00
[16:25:30.999],1.00,0.00,-0.00,0.00,0.08,-0.09,0.99,7.08,6.47,46.51,2105.00
[16:25:31.025],1.00,0.00,-0.00,0.00,0.07,-0.09,1.03,-1.89,0.00,42.85,2105.00
[16:25:31.045],1.00,0.00,-0.00,0.00,-0.00,-0.04,1.01,1.83,3.91,44.92,2447.00
[16:25:31.071],1.00,0.00,-0.00,0.00,-0.18,-0.13,0.87,-1.28,-0.67,34.24,2447.00
[16:25:31.097],1.00,0.00,-0.00,0.00,-0.18,-0.09,1.20,0.92,-3.36,17.09,2585.00
[16:25:31.123],1.00,0.00,-0.00,0.00,-0.16,-0.10,0.98,5.07,3.05,5.98,2585.00
[16:25:31.149],1.00,0.00,-0.00,0.00,-0.15,-0.08,0.82,-1.40,-0.92,1.16,2827.00
[16:25:31.175],1.00,0.00,-0.00,0.00,-0.15,-0.08,0.82,-1.40,-0.92,1.16,2827.00
[16:25:31.201],1.00,0.00,-0.00,0.00,-0.00,-0.04,1.07,5.74,2.62,0.18,2617.00
[16:25:31.227],1.00,0.00,-0.00,0.00,0.11,-0.11,1.24,-5.49,-5.55,0.49,2617.00
[16:25:31.252],1.00,0.00,-0.00,0.00,0.11,-0.10,1.07,4.27,10.25,2.56,2396.00
[16:25:31.278],1.00,0.00,-0.00,0.00,-0.16,0.00,1.06,0.79,-1.22,3.60,2396.00
[16:25:31.299],1.00,0.00,-0.00,0.00,-0.05,-0.12,0.82,2.81,6.90,2.44,2418.00
[16:25:31.325],1.00,0.00,-0.00,0.00,-0.03,-0.14,0.91,-2.69,-11.54,0.06,2418.00
[16:25:31.356],1.00,0.00,-0.00,0.00,0.14,-0.11,1.30,2.01,4.09,0.00,2516.00
[16:25:31.382],1.00,0.00,-0.00,0.00,0.04,0.02,1.05,1.04,-2.08,-0.61,2516.00
[16:25:31.408],1.00,0.00,-0.00,0.00,0.04,0.02,1.05,1.04,-2.08,-0.61,2363.00
[16:25:31.434],1.00,0.00,-0.00,0.00,0.05,-0.11,0.93,0.98,2.26,-1.34,2363.00
[16:25:31.460],1.00,0.00,-0.00,0.00,0.03,-0.09,1.21,-6.41,-6.47,0.12,2472.00
[16:25:31.481],1.00,0.00,-0.00,0.00,0.02,-0.05,1.09,10.50,6.29,2.87,2472.00
[16:25:31.507],1.00,0.00,-0.00,0.00,-0.04,-0.06,0.82,-7.87,3.66,1.65,2472.00
[16:25:31.533],1.00,0.00,-0.00,0.00,-0.26,0.02,0.98,2.62,-2.56,2.01,2550.00
[16:25:31.559],1.00,0.00,-0.00,0.00,0.23,-0.03,1.40,-0.85,0.92,-0.73,2550.00
[16:25:31.585],1.00,0.00,-0.00,0.00,0.23,-0.03,1.40,-0.85,0.92,-0.73,2577.00
[16:25:31.606],1.00,0.00,-0.00,0.00,-0.09,-0.14,1.07,3.42,7.08,-0.31,2577.00
[16:25:31.632],1.00,0.00,-0.00,0.00,0.05,-0.08,1.03,2.69,2.32,-1.59,2048.00
[16:25:31.658],1.00,0.00,-0.00,0.00,0.03,-0.07,1.17,-4.27,1.89,1.71,2048.00
[16:25:31.684],1.00,0.00,-0.00,0.00,-0.02,-0.02,1.38,10.07,3.66,2.81,2397.00
[16:25:31.710],1.00,0.00,-0.00,0.00,-0.04,-0.05,0.73,-5.98,2.08,3.36,2397.00
[16:25:31.730],1.00,0.00,-0.00,0.00,0.13,0.02,1.10,3.85,-10.93,0.79,2391.00
[16:25:31.761],1.00,0.00,-0.00,0.00,0.01,-0.05,1.19,2.81,9.70,1.16,2391.00
[16:25:31.788],1.00,0.00,-0.00,0.00,0.01,-0.05,1.19,2.81,9.70,1.16,2538.00
[16:25:31.808],1.00,0.00,-0.00,0.00,-0.06,0.04,0.78,7.51,-0.06,0.55,2538.00
[16:25:31.834],1.00,0.00,-0.00,0.00,0.02,-0.08,0.94,-7.51,0.79,2.44,2259.00
[16:25:31.860],1.00,0.00,-0.00,0.00,0.06,-0.07,1.25,11.47,6.35,3.17,2259.00
[16:25:31.886],1.00,0.00,-0.00,0.00,0.03,-0.12,1.09,-7.63,5.86,3.66,2685.00
[16:25:31.912],1.00,0.00,-0.00,0.00,0.10,0.01,1.17,2.14,-11.84,0.73,2685.00
[16:25:31.933],1.00,0.00,-0.00,0.00,0.03,-0.07,1.25,4.03,9.34,0.98,2511.00
[16:25:31.964],1.00,0.00,-0.00,0.00,-0.02,-0.05,0.89,1.46,1.22,-0.98,2511.00
[16:25:31.990],1.00,0.00,-0.00,0.00,-0.02,-0.05,0.89,1.46,1.22,-0.98,1937.00
[16:25:32.011],1.00,0.00,-0.00,0.00,0.11,-0.09,1.34,-6.96,0.31,0.67,1937.00
[16:25:32.037],1.00,0.00,-0.00,0.00,-0.13,-0.13,1.25,11.90,2.56,3.17,2623.00
[16:25:32.063],1.00,0.00,-0.00,0.00,-0.06,-0.08,0.54,-10.56,3.23,2.26,2623.00
[16:25:32.089],1.00,0.00,-0.00,0.00,0.07,-0.02,1.46,8.79,2.93,-0.61,2295.00
[16:25:32.115],1.00,0.00,-0.00,0.00,-0.03,-0.07,0.93,5.13,-3.11,-0.55,2295.00
[16:25:32.136],1.00,0.00,-0.00,0.00,-0.09,0.06,0.84,4.64,2.81,-1.77,2387.00
[16:25:32.162],1.00,0.00,-0.00,0.00,-0.09,0.06,0.84,4.64,2.81,-1.77,2387.00
[16:25:32.188],1.00,0.00,-0.00,0.00,0.03,-0.03,0.96,4.09,10.44,1.83,2562.00
[16:25:32.214],1.00,0.00,-0.00,0.00,-0.02,0.06,1.21,-3.85,7.14,2.99,2562.00
[16:25:32.240],1.00,0.00,-0.00,0.00,0.06,-0.11,0.74,-0.55,-18.98,0.85,2619.00
[16:25:32.266],1.00,0.00,-0.00,0.00,0.17,-0.00,1.54,6.59,6.90,-0.06,2619.00
[16:25:32.286],1.00,0.00,-0.00,0.00,-0.07,-0.05,0.76,1.04,1.28,-0.24,2804.00
[16:25:32.312],1.00,0.00,-0.00,0.00,0.02,-0.04,0.96,-9.64,2.01,1.04,2804.00
[16:25:32.338],1.00,0.00,-0.00,0.00,0.02,-0.04,1.52,3.91,3.66,2.38,2787.00
[16:25:32.364],1.00,0.00,-0.00,0.00,0.02,-0.04,1.52,3.91,3.66,2.38,2787.00
[16:25:32.390],1.00,0.00,-0.00,0.00,-0.11,-0.02,0.34,-6.23,-14.47,0.12,2152.00
[16:25:32.416],1.00,0.00,-0.00,0.00,0.15,-0.05,1.32,6.65,3.36,-1.71,2152.00
[16:25:32.442],1.00,0.00,-0.00,0.00,-0.10,-0.08,0.92,1.04,-8.12,-0.31,2101.00
[16:25:32.467],1.00,-0.17,-0.00,0.00,0.01,-0.03,0.85,-8.85,7.39,0.12,2101.00
[16:25:32.488],1.00,-0.23,-0.00,0.00,-0.08,-0.03,1.51,5.37,5.37,2.32,2340.00
[16:25:32.514],1.00,-0.36,-0.00,0.00,0.03,-0.00,0.52,-7.69,-16.48,2.08,2340.00
[16:25:32.540],1.00,-0.37,-0.00,0.00,0.03,-0.00,0.52,-7.69,-16.48,2.08,2331.00
[16:25:32.566],1.00,-0.36,-0.00,0.00,0.41,0.00,1.26,6.77,-2.01,12.27,2331.00
[16:25:32.592],1.00,-0.35,-0.00,0.00,0.34,-0.02,1.01,2.93,0.12,35.16,2034.00
[16:25:32.613],1.00,0.00,-0.00,0.00,0.28,-0.06,0.84,-9.64,-2.01,52.92,2034.00
[16:25:32.638],1.00,0.00,-0.00,0.00,0.36,-0.02,1.61,12.15,2.56,62.44,2118.00
[16:25:32.664],1.00,0.00,-0.00,0.00,0.14,0.03,0.60,-2.99,-15.08,64.27,2118.00
[16:25:32.690],1.00,0.00,-0.00,0.00,-0.28,0.04,1.14,4.88,12.57,42.42,2394.00
[16:25:32.716],1.00,0.00,-0.00,0.00,-0.26,-0.01,0.92,5.74,-6.90,15.99,2394.00
[16:25:32.742],1.00,0.00,-0.00,0.00,-0.26,-0.01,0.92,5.74,-6.90,15.99,2823.00
[16:25:32.768],1.00,0.00,-0.00,0.00,0.18,-0.02,1.00,-5.86,3.23,0.00,2823.00
[16:25:32.794],1.00,0.00,-0.00,0.00,-0.04,-0.02,1.57,7.39,7.32,2.44,2710.00
[16:25:32.815],1.00,0.00,-0.00,0.00,-0.24,-0.00,1.09,1.65,-2.69,2.56,2710.00
[16:25:32.841],1.00,0.00,-0.00,0.00,0.03,-0.05,0.99,-1.46,8.48,1.16,2666.00
[16:25:32.867],1.00,0.00,-0.00,0.00,-0.03,0.03,0.98,5.00,-4.64,-0.61,2666.00
[16:25:32.893],1.00,0.00,-0.00,0.00,0.04,-0.14,0.81,-4.58,12.02,3.05,2666.00
[16:25:32.919],1.00,0.00,-0.00,0.00,-0.02,-0.03,1.28,-1.22,3.23,3.36,2349.00
[16:25:32.945],1.00,0.00,-0.00,0.00,-0.02,-0.03,1.28,-1.22,3.23,3.36,2726.00
[16:25:32.971],1.00,0.00,-0.00,0.00,0.01,0.02,0.94,3.11,-5.62,0.18,2726.00
[16:25:32.997],1.00,0.00,-0.00,0.00,0.03,0.06,1.10,-0.98,8.97,1.59,2723.00
[16:25:33.018],1.00,0.00,-0.00,0.00,-0.10,0.11,1.14,9.58,0.61,0.43,2723.00
[16:25:33.043],1.00,0.00,-0.00,0.00,-0.06,-0.06,0.73,-0.37,8.00,3.54,2723.00
[16:25:33.069],1.00,0.00,-0.00,0.00,-0.06,-0.00,1.00,-4.70,-8.73,2.56,2122.00
[16:25:33.095],1.00,0.00,-0.00,0.00,0.05,-0.03,1.07,-1.83,9.64,-0.06,2122.00
[16:25:33.121],1.00,0.00,-0.00,0.00,0.05,-0.03,1.07,-1.83,9.64,-0.06,2446.00
[16:25:33.147],1.00,0.00,-0.00,0.00,0.05,-0.10,1.03,3.66,-5.92,-0.55,2446.00
[16:25:33.168],1.00,0.00,-0.00,0.00,0.16,-0.13,0.61,-3.42,-0.85,-1.77,2315.00
[16:25:33.194],1.00,0.00,-0.00,0.00,0.00,0.01,1.66,-2.56,11.54,3.11,2315.00
[16:25:33.219],1.00,0.00,-0.00,0.00,-0.18,0.05,0.80,5.13,-9.77,2.38,1827.00
[16:25:33.245],1.00,0.00,-0.00,0.00,0.04,-0.05,1.03,-0.92,5.68,1.46,1827.00
[16:25:33.271],1.00,0.00,-0.00,0.00,-0.07,-0.01,0.94,6.53,-2.20,0.06,2666.00
[16:25:33.297],1.00,0.00,-0.00,0.00,0.06,0.01,0.72,1.71,12.08,3.05,2666.00
[16:25:33.323],1.00,0.00,-0.00,0.00,0.06,0.01,0.72,1.71,12.08,3.05,2570.00
[16:25:33.349],1.00,0.00,-0.00,0.00,-0.14,0.13,1.01,-16.72,1.89,4.03,2570.00
[16:25:33.370],1.00,0.00,-0.00,0.00,0.08,-0.02,1.55,14.16,5.55,-0.43,1766.00
[16:25:33.396],1.00,0.00,-0.00,0.00,-0.02,-0.09,0.69,-2.32,-3.66,1.28,1766.00
[16:25:33.422],1.00,0.00,-0.00,0.00,0.14,-0.09,1.27,-7.39,-1.83,-1.95,2722.00
[16:25:33.448],1.00,0.00,-0.00,0.00,-0.02,0.02,1.50,7.02,8.73,2.99,2722.00
[16:25:33.474],1.00,0.00,-0.00,0.00,-0.18,0.02,0.80,-3.66,-10.80,1.53,2337.00
[16:25:33.500],1.00,0.00,-0.00,0.00,0.04,-0.10,1.48,13.85,7.87,-0.24,2337.00
[16:25:33.526],1.00,0.00,-0.00,0.00,0.04,-0.10,1.48,13.85,7.87,-0.24,2464.00
[16:25:33.552],1.00,0.00,-0.00,0.00,-0.02,0.06,0.78,-4.09,0.24,-0.12,2464.00
[16:25:33.573],1.00,0.00,-0.00,0.00,-0.06,0.04,0.79,9.34,10.80,2.56,2157.00
[16:25:33.599],1.00,0.00,-0.00,0.00,-0.09,-0.06,0.71,-5.13,-11.17,2.56,2157.00
[16:25:33.625],1.00,0.00,-0.00,0.00,0.07,0.00,1.07,2.87,8.85,-1.53,2023.00
[16:25:33.650],1.00,0.00,-0.00,0.00,-0.01,-0.01,0.86,3.17,-2.75,-0.24,2023.00
[16:25:33.676],1.00,0.00,-0.00,0.00,0.18,0.03,0.96,-13.79,4.46,-0.67,2005.00
[16:25:33.702],1.00,0.00,-0.00,0.00,-0.02,-0.03,1.57,4.88,6.16,1.46,2005.00
[16:25:33.728],1.00,0.00,-0.00,0.00,-0.02,-0.03,1.57,4.88,6.16,1.46,2242.00
[16:25:33.754],1.00,0.00,-0.00,0.00,0.04,0.05,0.79,-4.88,-9.83,-1.83,2242.00
[16:25:33.780],1.00,0.00,-0.00,0.00,-0.03,-0.08,1.33,3.36,-2.93,-0.12,1863.00
[16:25:33.801],1.00,0.00,-0.00,0.00,0.16,-0.05,0.90,-7.63,-6.16,-2.01,1863.00
[16:25:33.827],1.00,0.00,-0.00,0.00,-0.00,-0.10,1.20,7.08,9.64,2.44,1855.00
[16:25:33.853],1.00,0.00,-0.00,0.00,-0.13,0.03,1.21,-7.87,-8.12,1.89,1855.00
[16:25:33.879],1.00,0.00,-0.00,0.00,0.08,-0.12,1.00,11.90,6.29,-1.10,2479.00
[16:25:33.905],1.00,0.00,-0.00,0.00,0.08,-0.12,1.00,11.90,6.29,-1.10,2479.00
[16:25:33.926],1.00,0.00,-0.00,0.00,-0.10,0.13,1.00,0.43,5.13,0.24,2235.00
[16:25:33.952],1.00,0.00,-0.00,0.00,-0.01,-0.08,1.30,7.93,7.08,3.78,2235.00
[16:25:33.978],1.00,0.00,-0.00,0.00,-0.07,-0.03,0.49,-2.69,-9.89,3.17,1384.00
[16:25:34.005],1.00,0.00,-0.00,0.00,0.07,-0.00,1.07,-6.16,5.19,0.37,1384.00
[16:25:34.025],1.00,0.00,-0.00,0.00,-0.02,-0.07,1.30,9.95,-0.37,-0.12,2062.00
[16:25:34.051],1.00,0.00,-0.00,0.00,0.07,-0.01,0.56,-5.37,11.84,2.20,2062.00
[16:25:34.082],1.00,0.00,-0.00,0.00,-0.13,-0.01,1.19,-3.97,-3.36,3.48,2073.00
[16:25:34.103],1.00,0.00,-0.00,0.00,-0.13,-0.01,1.19,-3.97,-3.36,3.48,2073.00
[16:25:34.129],1.00,0.00,-0.00,0.00,0.13,0.02,1.03,-1.83,-2.75,-1.59,1872.00
[16:25:34.155],1.00,0.00,-0.00,0.00,0.08,-0.05,0.87,8.00,-3.23,-0.49,1872.00
[16:25:34.181],1.00,0.00,-0.00,0.00,0.09,-0.00,1.04,-15.38,10.56,1.22,2065.00
[16:25:34.207],1.00,0.00,-0.00,0.00,0.05,-0.14,1.24,5.55,1.77,2.26,2065.00
[16:25:34.227],1.00,0.00,-0.00,0.00,0.17,0.02,0.93,-1.77,-6.77,-1.16,2066.00
[16:25:34.253],1.00,0.00,-0.00,0.00,-0.06,-0.05,1.42,5.07,1.04,0.55,2066.00
[16:25:34.285],1.00,0.00,-0.00,0.00,0.11,-0.07,0.82,-8.73,-10.31,-0.79,1802.00
[16:25:34.310],1.00,0.00,-0.00,0.00,0.11,-0.07,0.82,-8.73,-10.31,-0.79,1802.00
[16:25:34.331],1.00,0.00,-0.00,0.00,-0.08,-0.02,1.39,4.39,11.05,2.01,2199.00
[16:25:34.357],1.00,0.00,-0.00,0.00,-0.07,-0.02,0.99,-1.53,-13.24,0.55,2199.00
[16:25:34.383],1.00,0.00,-0.00,0.00,-0.08,-0.08,1.08,3.78,3.85,-0.49,1962.00
[16:25:34.409],1.00,0.00,-0.00,0.00,-0.18,0.13,1.20,-3.54,4.27,-0.79,1962.00
[16:25:34.435],1.00,0.00,-0.00,0.00,0.01,-0.10,1.25,4.33,4.76,2.62,2046.00
[16:25:34.456],1.00,0.00,-0.00,0.00,-0.11,-0.04,0.65,2.87,-6.04,2.99,2046.00
[16:25:34.482],1.00,0.00,-0.00,0.00,-0.11,-0.04,0.65,2.87,-6.04,2.99,1969.00
[16:25:34.508],1.00,0.00,-0.00,0.00,-0.05,-0.01,1.40,-2.08,10.07,-0.79,1969.00
[16:25:34.533],1.00,0.00,-0.00,0.00,-0.06,0.04,0.69,7.32,2.62,-0.49,1543.00
[16:25:34.559],1.00,0.00,-0.00,0.00,-0.12,0.11,1.08,4.52,12.21,2.20,1543.00
[16:25:34.585],1.00,0.00,-0.00,0.00,0.06,0.01,0.92,-0.37,-16.42,1.40,1543.00
[16:25:34.606],1.00,0.00,-0.00,0.00,0.14,-0.01,1.02,5.62,6.10,-2.38,1504.00
[16:25:34.632],1.00,0.00,-0.00,0.00,-0.05,0.09,1.11,-0.73,3.66,-0.18,1504.00
[16:25:34.663],1.00,0.00,-0.00,0.00,-0.03,0.01,1.06,4.88,11.90,2.69,2885.00
[16:25:34.684],1.00,0.00,-0.00,0.00,-0.03,0.01,1.06,4.88,11.90,2.69,2885.00
[16:25:34.709],1.00,0.00,-0.00,0.00,-0.07,0.04,0.68,-3.85,-14.40,2.32,2208.00
[16:25:34.735],1.00,0.00,-0.00,0.00,0.06,-0.08,1.22,0.43,2.32,-2.01,2208.00
[16:25:34.761],1.00,0.00,-0.00,0.00,0.11,-0.02,0.85,2.50,1.89,-0.55,2207.00
[16:25:34.787],1.00,0.00,-0.00,0.00,-0.08,0.07,1.20,6.47,11.54,1.77,2207.00
[16:25:34.808],1.00,0.00,-0.00,0.00,-0.16,-0.07,0.77,-7.02,-5.62,2.50,2653.00
[16:25:34.834],1.00,0.00,-0.00,0.00,-0.03,0.01,1.05,7.14,7.45,-1.77,2653.00
[16:25:34.860],1.00,0.00,-0.00,0.00,-0.03,0.01,1.05,7.14,7.45,-1.77,3054.00
[16:25:34.885],1.00,0.00,-0.00,0.00,-0.02,-0.03,0.96,3.78,1.22,0.85,3054.00
[16:25:34.911],1.00,0.00,-0.00,0.00,-0.02,0.06,0.84,7.26,12.02,2.81,2539.00
[16:25:34.937],1.00,0.00,-0.00,0.00,-0.08,0.04,0.64,-8.18,-10.86,3.48,2539.00
[16:25:34.958],1.00,0.00,-0.00,0.00,0.03,-0.09,1.40,5.19,3.97,-0.85,2780.00
[16:25:34.984],1.00,0.00,-0.00,0.00,-0.08,0.06,0.76,1.53,3.66,0.55,2780.00
[16:25:35.010],1.00,0.00,-0.00,0.00,0.03,-0.00,0.85,-1.40,10.62,1.65,2694.00
[16:25:35.037],1.00,0.00,-0.00,0.00,-0.12,-0.07,0.87,-1.95,-4.27,2.75,2694.00
[16:25:35.063],1.00,0.00,-0.00,0.00,-0.12,-0.07,0.87,-1.95,-4.27,2.75,2586.00
[16:25:35.089],1.00,0.00,-0.00,0.00,-0.02,-0.02,0.90,1.46,3.42,-2.69,2586.00
[16:25:35.110],1.00,0.00,-0.00,0.00,-0.13,0.01,1.24,8.36,3.17,-0.31,3295.00
[16:25:35.136],1.00,0.00,-0.00,0.00,0.04,0.01,0.58,5.62,9.46,2.32,3295.00
[16:25:35.162],1.00,0.00,-0.00,0.00,-0.15,-0.05,0.82,-3.30,-5.43,2.38,2392.00
[16:25:35.188],1.00,0.00,-0.00,0.00,-0.03,0.07,1.15,6.53,3.17,-1.28,2392.00
[16:25:35.214],1.00,0.00,-0.00,0.00,-0.04,0.02,0.73,2.14,1.59,0.43,2270.00
[16:25:35.235],1.00,0.00,-0.00,0.00,-0.04,0.02,0.73,2.14,1.59,0.43,2270.00
[16:25:35.261],1.00,0.00,-0.00,0.00,0.20,-0.14,0.78,-5.92,9.03,0.85,2912.00
[16:25:35.287],1.00,0.00,-0.00,0.00,-0.12,-0.05,1.16,-1.89,-0.85,2.20,2912.00
[16:25:35.313],1.00,0.00,-0.00,0.00,-0.06,0.01,0.76,-0.61,1.28,-1.71,3501.00
[16:25:35.339],1.00,0.00,-0.00,0.00,-0.04,0.08,1.01,0.43,4.88,0.31,3501.00
[16:25:35.359],1.00,0.00,-0.00,0.00,-0.02,0.00,0.81,4.27,9.16,2.26,3345.00
[16:25:35.385],1.00,0.00,-0.00,0.00,-0.18,0.12,0.85,-0.37,-4.33,2.32,3345.00
[16:25:35.416],1.00,0.00,-0.00,0.00,-0.01,-0.02,0.87,1.04,1.40,-1.16,3274.00
[16:25:35.437],1.00,0.00,-0.00,0.00,-0.01,-0.02,0.87,1.04,1.40,-1.16,3274.00
[16:25:35.463],1.00,0.00,-0.00,0.00,-0.01,-0.04,0.91,5.74,5.74,0.37,3546.00
[16:25:35.489],1.00,0.00,-0.00,0.00,-0.14,0.13,0.92,5.98,10.93,2.26,3546.00
[16:25:35.515],1.00,0.00,-0.00,0.00,0.06,0.02,0.82,0.06,-12.57,2.26,3250.00
[16:25:35.541],1.00,0.00,-0.00,0.00,-0.10,0.06,0.99,1.34,5.86,-1.40,3250.00
[16:25:35.562],1.00,0.00,-0.00,0.00,0.04,-0.06,1.12,5.55,2.44,-0.49,2789.00
[16:25:35.588],1.00,0.00,-0.00,0.00,-0.08,0.10,0.89,1.40,10.99,2.32,2789.00
[16:25:35.619],1.00,0.00,-0.00,0.00,0.12,-0.00,0.83,-3.36,-15.69,2.38,2906.00
[16:25:35.644],1.00,0.00,-0.00,0.00,0.12,-0.00,0.83,-3.36,-15.69,2.38,2906.00
[16:25:35.665],1.00,0.00,-0.00,0.00,-0.01,-0.07,0.94,0.06,3.36,-1.40,2907.00
[16:25:35.691],1.00,0.00,-0.00,0.00,0.04,0.01,0.75,3.23,2.32,-0.37,2907.00
[16:25:35.717],1.00,0.00,-0.00,0.00,0.10,-0.01,1.43,3.48,10.74,1.28,2795.00
[16:25:35.743],1.00,0.00,-0.00,0.00,0.03,0.04,0.77,-0.61,-16.30,3.91,2795.00
[16:25:35.769],1.00,0.00,-0.00,0.00,0.17,-0.16,0.94,4.39,6.77,-2.01,2851.00
[16:25:35.789],1.00,0.00,-0.00,0.00,0.06,-0.01,1.14,4.39,4.76,0.79,2851.00
[16:25:35.821],1.00,0.00,-0.00,0.00,-0.12,0.02,0.84,4.76,10.13,3.30,2835.00
[16:25:35.846],1.00,0.00,-0.00,0.00,-0.12,0.02,0.84,4.76,10.13,3.30,2835.00
[16:25:35.872],1.00,0.00,-0.00,0.00,-0.08,0.10,0.75,-2.14,-10.38,3.30,2722.00
[16:25:35.893],1.00,0.00,-0.00,0.00,0.01,0.00,1.06,5.86,6.84,-1.22,2722.00
[16:25:35.919],1.00,0.00,-0.00,0.00,-0.23,0.13,0.97,-3.17,3.36,-0.18,2784.00
[16:25:35.945],1.00,0.00,-0.00,0.00,-0.03,0.05,1.19,4.27,9.77,2.44,2784.00
[16:25:35.971],1.00,0.00,-0.00,0.00,-0.15,-0.05,0.95,-2.44,-6.77,3.97,2640.00
[16:25:35.997],1.00,0.00,-0.00,0.00,0.12,-0.02,1.34,-3.91,7.51,-1.65,2640.00
[16:25:36.019],1.00,0.00,-0.00,0.00,0.12,-0.02,1.34,-3.91,7.51,-1.65,2640.00
[16:25:36.045],1.00,0.00,-0.00,0.00,-0.14,0.04,0.96,-1.34,-2.99,0.37,2304.00
[16:25:36.071],1.00,0.00,-0.00,0.00,-0.12,-0.09,1.31,-1.40,8.61,1.83,2304.00
[16:25:36.097],1.00,0.00,-0.00,0.00,-0.25,-0.05,0.99,-4.21,-10.74,2.20,2350.00
[16:25:36.118],1.00,0.00,-0.00,0.00,-0.15,0.04,1.02,6.41,6.71,-0.98,2350.00
[16:25:36.144],1.00,0.00,-0.00,0.00,0.17,0.03,1.24,0.43,-10.56,-1.10,2182.00
[16:25:36.170],1.00,0.00,-0.00,0.00,-0.06,-0.02,1.12,-3.42,8.00,2.26,2182.00
[16:25:36.196],1.00,0.00,-0.00,0.00,0.21,-0.04,1.22,-1.40,-13.43,-2.08,2254.00
[16:25:36.222],1.00,0.00,-0.00,0.00,0.21,-0.04,1.22,-1.40,-13.43,-2.08,2254.00
[16:25:36.248],1.00,0.00,-0.00,0.00,-0.05,-0.04,1.36,5.31,-0.92,-0.12,2134.00
[16:25:36.274],1.00,0.00,-0.00,0.00,0.17,-0.08,0.73,-8.67,-7.57,-0.06,2134.00
[16:25:36.295],1.00,0.00,-0.00,0.00,-0.20,0.00,1.54,6.96,8.54,2.69,2064.00
[16:25:36.321],1.00,0.00,-0.00,0.00,0.11,-0.03,0.88,3.60,-6.23,-1.34,2064.00
[16:25:36.347],1.00,0.00,-0.00,0.00,0.10,-0.01,1.11,6.16,1.46,-0.73,1943.00
[16:25:36.373],1.00,0.00,-0.00,0.00,0.11,-0.03,0.98,-4.27,0.79,0.55,1943.00
[16:25:36.399],1.00,0.00,-0.00,0.00,0.11,-0.03,0.98,-4.27,0.79,0.55,1964.00
[16:25:36.420],1.00,0.00,-0.00,0.00,-0.01,-0.01,1.13,0.92,6.90,3.48,1964.00
[16:25:36.446],1.00,0.00,-0.00,0.00,-0.15,0.03,0.60,-0.73,-3.11,0.06,1773.00
[16:25:36.472],1.00,0.00,-0.00,0.00,-0.14,0.10,1.09,2.01,10.93,0.61,1773.00
[16:25:36.498],1.00,0.00,-0.00,0.00,0.00,0.01,0.80,2.14,8.36,2.08,1609.00
[16:25:36.524],1.00,0.00,-0.00,0.00,-0.12,-0.06,1.00,-4.46,-0.67,2.99,1609.00
[16:25:36.545],1.00,0.00,-0.00,0.00,-0.08,0.03,0.93,1.89,3.05,-0.49,1621.00
[16:25:36.576],1.00,0.00,-0.00,0.00,-0.08,-0.02,1.11,-4.03,10.44,1.40,1621.00
[16:25:36.602],1.00,0.00,-0.00,0.00,-0.08,-0.02,1.11,-4.03,10.44,1.40,1542.00
[16:25:36.623],1.00,0.00,-0.00,0.00,-0.15,0.03,0.90,11.41,13.00,3.48,1542.00
[16:25:36.649],1.00,0.00,-0.00,0.00,0.05,0.02,0.97,-6.47,-9.16,4.33,1517.00
[16:25:36.675],1.00,0.00,-0.00,0.00,0.13,-0.01,1.26,8.48,-1.22,-1.53,1517.00
[16:25:36.701],1.00,0.00,-0.00,0.00,0.02,0.04,0.84,0.49,6.77,0.98,1346.00
[16:25:36.722],1.00,0.00,-0.00,0.00,-0.04,0.14,1.35,10.68,10.74,2.56,1346.00
[16:25:36.748],1.00,0.00,-0.00,0.00,-0.19,-0.04,0.85,-7.93,-6.41,4.03,1325.00
[16:25:36.779],1.00,0.00,-0.00,0.00,0.09,-0.04,1.01,3.85,1.77,-2.93,1325.00
[16:25:36.800],1.00,0.00,-0.00,0.00,0.09,-0.04,1.01,3.85,1.77,-2.93,1267.00
[16:25:36.826],1.00,0.00,-0.00,0.00,-0.16,0.06,1.15,-5.49,8.18,0.73,1267.00
[16:25:36.852],1.00,0.00,-0.00,0.00,-0.03,0.02,1.42,4.46,8.67,2.87,1222.00
[16:25:36.878],1.00,0.00,-0.00,0.00,-0.09,0.02,1.08,-3.42,-23.74,0.37,1222.00
[16:25:36.904],1.00,0.00,-0.00,0.00,-0.01,-0.07,0.85,5.19,3.11,-0.98,1090.00
[16:25:36.925],1.00,0.00,-0.00,0.00,-0.10,0.08,1.11,-2.75,-5.37,-1.04,1090.00
[16:25:36.951],1.00,0.00,-0.00,0.00,-0.10,-0.14,1.37,4.09,11.54,1.04,998.00
[16:25:36.982],1.00,0.00,-0.00,0.00,0.09,-0.06,1.12,-3.66,-17.15,-1.46,998.00
[16:25:37.003],1.00,0.00,-0.00,0.00,0.09,-0.06,1.12,-3.66,-17.15,-1.46,962.00
[16:25:37.029],1.00,0.00,-0.00,0.00,0.08,-0.02,1.06,3.23,-12.63,-0.43,962.00
[16:25:37.055],1.00,0.00,-0.00,0.00,0.06,-0.11,0.88,-5.92,7.51,0.12,848.00
[16:25:37.081],1.00,0.00,-0.00,0.00,0.02,-0.11,1.06,-0.24,4.27,1.46,848.00
[16:25:37.107],1.00,0.00,-0.00,0.00,0.18,-0.05,1.28,-2.87,-6.10,-1.71,932.00
[16:25:37.128],1.00,0.00,-0.00,0.00,0.05,-0.02,0.99,6.41,2.01,-0.43,932.00
[16:25:37.153],1.00,0.00,-0.00,0.00,0.38,-0.08,1.17,-3.91,-4.58,1.04,1007.00
[16:25:37.184],1.00,0.00,-0.00,0.00,-0.19,0.00,0.66,0.00,3.11,3.97,1007.00
[16:25:37.210],1.00,0.00,-0.00,0.00,-0.19,0.00,0.66,0.00,3.11,3.97,820.00
[16:25:37.231],1.00,0.00,-0.00,0.00,0.02,0.02,0.93,5.31,0.00,-0.18,820.00
[16:25:37.258],1.00,0.00,-0.00,0.00,-0.01,0.04,1.06,5.31,6.10,0.24,780.00
[16:25:37.284],1.00,0.00,-0.00,0.00,0.08,-0.05,0.86,5.80,10.31,3.11,780.00
[16:25:37.310],1.00,0.00,-0.00,0.00,0.05,0.02,0.67,-1.46,-20.32,4.94,549.00
[16:25:37.336],1.00,0.00,-0.00,0.00,0.15,0.01,1.14,3.23,5.25,-2.56,549.00
[16:25:37.357],1.00,0.00,-0.00,0.00,-0.01,-0.03,0.75,-0.92,1.59,0.85,440.00
[16:25:37.388],1.00,0.00,-0.00,0.00,-0.06,0.09,1.22,4.76,14.83,2.99,440.00
[16:25:37.414],1.00,0.00,-0.00,0.00,-0.06,0.09,1.22,4.76,14.83,2.99,459.00
[16:25:37.434],1.00,0.00,-0.00,0.00,0.01,-0.03,0.83,-2.93,-11.17,4.33,459.00
[16:25:37.460],1.00,0.00,-0.00,0.00,0.05,0.10,1.15,11.78,0.43,-2.32,468.00
[16:25:37.486],1.00,0.00,-0.00,0.00,-0.19,0.09,0.67,-10.44,4.15,1.53,468.00
[16:25:37.512],1.00,0.00,-0.00,0.00,-0.08,0.18,1.36,17.15,11.47,3.78,407.00
[16:25:37.538],1.00,0.00,-0.00,0.00,-0.18,-0.05,0.94,-2.56,-8.42,4.15,407.00
[16:25:37.564],1.00,0.00,-0.00,0.00,-0.08,0.02,1.09,10.86,7.32,0.18,407.00
[16:25:37.590],1.00,0.00,-0.00,0.00,0.05,0.06,0.82,-10.93,-10.74,-0.24,380.00
[16:25:37.617],1.00,0.00,-0.00,0.00,0.05,0.06,0.82,-10.93,-10.74,-0.24,3990.00
[16:25:37.637],1.00,0.00,-0.00,0.00,0.09,-0.02,1.77,9.40,10.07,1.83,3990.00
[16:25:37.663],1.00,0.00,-0.00,0.00,-0.21,0.02,0.68,-9.34,-15.81,1.89,3990.00
[16:25:37.689],1.00,0.00,-0.00,0.00,-0.02,-0.02,1.49,8.48,1.95,-1.16,4187.00
[16:25:37.715],1.00,0.00,-0.00,0.00,0.16,-0.16,0.91,-9.09,-3.91,1.59,4187.00
[16:25:37.741],1.00,0.00,-0.00,0.00,-0.22,0.13,1.18,5.25,-0.67,2.50,4393.00
[16:25:37.762],1.00,0.00,-0.00,0.00,0.03,-0.04,0.69,-8.85,-5.00,-0.06,4393.00
[16:25:37.793],1.00,0.00,-0.00,0.00,0.09,-0.02,1.16,11.17,-5.13,-1.89,4451.00
[16:25:37.819],1.00,0.00,-0.00,0.00,0.09,-0.02,1.16,11.17,-5.13,-1.89,4479.00
[16:25:37.840],1.00,0.00,-0.00,0.00,0.09,-0.07,0.69,-10.44,6.41,0.92,4479.00
[16:25:37.866],1.00,0.00,-0.00,0.00,-0.08,-0.01,1.13,-0.61,4.33,2.20,4479.00
[16:25:37.892],1.00,0.00,-0.00,0.00,-0.06,-0.01,0.72,-8.06,-3.91,-1.28,4438.00
[16:25:37.918],1.00,0.00,-0.00,0.00,0.06,-0.01,1.48,12.57,5.80,-0.98,4438.00
[16:25:37.944],1.00,0.00,-0.00,0.00,0.03,0.04,0.43,-6.65,6.77,2.44,4273.00
[16:25:37.965],1.00,0.00,-0.00,0.00,-0.01,0.08,1.12,-1.10,-6.16,2.56,4273.00
[16:25:37.991],1.00,0.00,-0.00,0.00,-0.01,0.08,1.12,-1.10,-6.16,2.56,4326.00
[16:25:38.017],1.00,0.00,-0.00,0.00,0.17,-0.09,1.04,2.32,-2.14,-2.50,4326.00
[16:25:38.043],1.00,0.00,-0.00,0.00,-0.05,0.06,1.19,-0.79,-0.61,-1.10,4163.00
[16:25:38.069],0.96,0.00,-0.00,0.00,-0.08,0.02,0.97,1.22,15.32,2.99,4163.00
[16:25:38.090],0.86,0.00,-0.00,0.00,-0.06,0.03,0.88,3.72,-8.79,4.09,4116.00
[16:25:38.116],0.00,0.00,-0.00,0.00,0.11,-0.02,1.33,8.79,4.21,-1.71,4116.00
[16:25:38.142],0.00,0.00,-0.00,0.00,-0.25,0.14,1.07,-2.01,7.75,0.06,4111.00
[16:25:38.168],0.00,0.00,-0.00,0.00,-0.04,0.06,1.15,3.17,1.46,2.62,4111.00
[16:25:38.194],0.00,0.00,-0.00,0.00,-0.04,0.06,1.15,3.17,1.46,2.62,3987.00
[16:25:38.220],0.00,0.00,-0.00,0.00,-0.16,0.29,1.33,2.62,-6.16,0.98,3987.00
[16:25:38.246],0.00,0.00,-0.00,0.00,-0.01,0.03,0.90,2.32,4.52,-1.10,3941.00
[16:25:38.267],0.00,0.00,-0.00,0.00,-0.20,0.28,1.08,-5.07,8.67,0.31,3941.00
[16:25:38.293],0.00,0.00,-0.00,0.00,-0.01,0.15,1.36,5.49,9.09,2.99,3873.00
[16:25:38.318],0.00,0.00,-0.00,0.00,-0.10,0.11,0.64,1.10,-4.27,5.25,3873.00
[16:25:38.344],0.00,0.00,-0.00,0.00,0.15,0.10,1.34,-0.73,-1.95,-1.40,3832.00
[16:25:38.370],0.00,0.00,-0.00,0.00,-0.00,0.12,0.86,8.97,5.00,-0.37,3832.00
[16:25:38.396],0.00,0.00,-0.00,0.00,-0.00,0.12,0.86,8.97,5.00,-0.37,3734.00
[16:25:38.422],0.00,0.00,-0.00,0.00,0.13,0.09,1.01,0.55,6.47,3.05,3734.00
[16:25:38.448],0.00,0.00,-0.00,0.00,-0.03,0.08,1.06,3.05,-1.95,3.60,3692.00
[16:25:38.473],0.00,0.00,-0.00,0.00,0.10,0.11,1.04,-2.62,-0.67,-0.79,3692.00
[16:25:38.499],0.00,0.00,-0.00,0.00,-0.06,0.07,1.02,5.25,4.09,0.24,3640.00
[16:25:38.520],0.00,0.00,-0.00,0.00,-0.11,0.18,1.02,1.34,8.61,0.67,3640.00
[16:25:38.546],0.00,0.00,-0.00,0.00,-0.07,0.11,0.96,6.16,11.41,4.52,3490.00
[16:25:38.572],0.00,0.00,-0.00,0.00,-0.07,0.11,0.96,6.16,11.41,4.52,3490.00
[16:25:38.598],0.00,0.00,-0.00,0.00,-0.08,0.18,0.66,-4.46,-6.41,4.03,3452.00
[16:25:38.623],0.00,0.00,-0.00,0.00,0.08,0.08,1.19,-5.13,2.44,-0.73,3452.00
[16:25:38.649],0.00,0.00,-0.00,0.00,-0.04,0.10,1.00,7.02,1.77,1.16,3366.00
[16:25:38.670],0.00,0.00,-0.00,0.00,0.08,0.11,0.84,-4.27,3.85,0.18,3366.00
[16:25:38.696],0.00,0.00,-0.00,0.00,-0.01,0.11,1.20,3.97,3.48,2.62,3326.00
[16:25:38.721],0.00,0.00,-0.00,0.00,0.01,0.12,1.10,-5.68,8.18,2.44,3326.00
[16:25:38.747],0.00,0.00,-0.00,0.00,-0.06,0.11,1.11,2.38,-4.52,2.26,3284.00
[16:25:38.773],0.00,0.00,-0.00,0.00,-0.06,0.11,1.11,2.38,-4.52,2.26,3284.00
[16:25:38.799],0.00,0.00,-0.00,0.00,0.07,0.06,1.08,1.59,6.29,1.46,3284.00
[16:25:38.825],0.00,0.00,-0.00,0.00,-0.06,0.15,1.03,5.19,-1.83,0.00,3284.00
[16:25:38.847],0.00,0.00,-0.00,0.00,0.02,0.14,1.03,-1.65,8.79,1.04,3164.00
[16:25:38.872],0.00,0.00,-0.00,0.00,0.05,0.09,1.13,3.36,1.59,3.54,3164.00
[16:25:38.899],0.00,0.00,-0.00,0.00,-0.01,0.13,0.98,-2.08,10.13,3.17,3164.00
[16:25:38.924],0.00,0.00,-0.00,0.00,-0.09,0.17,0.79,-0.24,-10.93,2.50,3164.00
[16:25:38.950],-0.02,0.00,-0.00,0.00,-0.09,0.17,0.79,-0.24,-10.93,2.50,3053.00
[16:25:38.976],-0.95,0.00,-0.00,0.00,0.15,0.11,1.22,-0.85,0.00,-0.06,3053.00
[16:25:38.997],-1.00,0.00,-0.00,0.00,-0.01,0.10,0.88,4.70,3.36,0.37,3053.00
[16:25:39.023],-1.00,0.00,-0.00,0.00,0.01,0.15,1.14,-0.85,-0.49,0.24,3053.00
[16:25:39.049],-1.00,0.00,-0.00,0.00,0.03,0.12,1.09,-2.75,6.71,1.04,3053.00
[16:25:39.075],-1.00,0.00,-0.00,0.00,0.02,0.13,1.05,0.85,-1.34,2.32,2958.00
[16:25:39.101],-1.00,0.00,-0.00,0.00,0.01,0.15,1.12,0.85,7.93,3.54,2958.00
[16:25:39.127],-1.00,0.00,-0.00,0.00,-0.10,0.08,1.06,0.00,-1.71,3.30,2958.00
[16:25:39.153],-1.00,0.00,-0.00,0.00,-0.10,0.08,1.06,0.00,-1.71,3.30,2861.00
[16:25:39.174],-0.39,0.00,-0.00,0.00,0.05,0.13,1.21,-0.12,-2.93,0.49,2861.00
[16:25:39.199],0.00,0.00,-0.00,0.00,0.02,0.13,1.05,-2.62,-1.10,0.85,2861.00
[16:25:39.225],0.00,0.00,-0.00,0.00,-0.02,0.12,0.88,3.23,3.85,0.79,2780.00
[16:25:39.251],0.00,0.00,-0.00,0.00,-0.05,0.15,1.05,-2.44,-8.36,0.18,2780.00
[16:25:39.277],0.00,0.00,-0.00,0.00,0.04,0.09,0.89,0.24,5.07,0.61,2780.00
[16:25:39.303],0.00,0.00,-0.00,0.00,0.01,0.10,1.07,-4.03,6.29,1.77,2780.00
[16:25:39.329],0.00,0.00,-0.00,0.00,-0.04,0.08,1.13,0.79,0.12,1.71,2716.00
[16:25:39.354],-0.09,0.00,-0.00,0.00,-0.04,0.08,1.13,0.79,0.12,1.71,2716.00
[16:25:39.380],-0.09,0.00,-0.00,0.00,0.01,0.10,0.95,4.64,3.66,2.62,2716.00
[16:25:39.406],-0.47,0.00,-0.00,0.00,-0.01,0.14,1.08,-2.32,6.35,2.50,2716.00
[16:25:39.427],-0.47,0.00,-0.00,0.00,-0.03,0.34,1.07,5.43,-1.16,3.54,2640.00
[16:25:39.454],-1.00,0.00,-0.00,0.00,0.02,0.30,0.90,-1.10,-3.72,1.95,2640.00
[16:25:39.480],-1.00,0.00,-0.00,0.00,0.03,0.34,1.30,0.79,-2.50,1.46,2640.00
[16:25:39.506],-1.00,0.00,-0.00,0.00,0.01,0.32,0.97,-0.37,0.67,3.78,2640.00
[16:25:39.527],-1.00,0.00,-0.00,0.00,0.01,0.32,0.97,-0.37,0.67,3.78,2592.00
[16:25:39.553],-1.00,0.00,-0.00,0.00,-0.00,0.35,1.04,0.18,1.40,2.01,2592.00
[16:25:39.579],-1.00,0.00,-0.00,0.00,0.00,0.32,1.04,0.49,-0.24,1.16,2592.00
[16:25:39.605],-1.00,0.00,-0.00,0.00,0.00,0.33,1.02,1.65,0.49,1.34,2592.00
[16:25:39.631],-1.00,0.00,-0.00,0.00,-0.01,0.20,1.03,-0.06,0.67,1.28,2559.00
[16:25:39.652],-1.00,0.00,-0.00,0.00,-0.00,0.11,1.01,0.92,1.16,1.40,2559.00
[16:25:39.678],-1.00,0.00,-0.00,0.00,0.00,0.05,1.06,-0.31,1.22,1.16,2563.00
[16:25:39.704],-1.00,0.00,-0.00,0.00,-0.01,0.09,1.09,1.83,0.79,1.53,2563.00
[16:25:39.730],-1.00,0.00,-0.00,0.00,-0.01,0.09,1.09,1.83,0.79,1.53,2563.00
[16:25:39.756],-1.00,0.00,-0.00,0.00,-0.02,0.07,1.06,1.22,0.00,1.71,2563.00
[16:25:39.782],-1.00,0.00,-0.00,0.00,0.00,0.07,1.02,1.22,0.85,1.40,2562.00
[16:25:39.808],-1.00,0.00,-0.00,0.00,-0.02,0.06,1.00,0.18,0.06,1.16,2562.00
[16:25:39.829],-1.00,0.00,-0.00,0.00,-0.00,0.05,1.04,1.04,0.92,1.77,2562.00
[16:25:39.855],-1.00,0.00,-0.00,0.00,0.01,0.05,1.07,0.37,2.32,1.40,2562.00
[16:25:39.881],-1.00,0.00,-0.00,0.00,-0.02,0.06,1.05,0.55,3.48,1.77,2576.00
[16:25:39.912],-1.00,0.00,-0.00,0.00,0.00,0.00,1.02,0.49,1.77,1.16,2576.00
[16:25:39.933],-1.00,0.00,-0.00,0.00,0.00,0.00,1.02,0.49,1.77,1.16,2576.00
[16:25:39.958],-1.00,0.00,-0.00,0.00,-0.04,0.02,1.05,1.04,1.28,1.22,2576.00
[16:25:39.984],-1.00,0.00,-0.00,0.00,-0.02,0.05,1.04,0.24,1.83,0.61,2595.00
[16:25:40.010],-1.00,0.00,-0.00,0.00,-0.01,0.07,1.05,0.79,-0.85,0.67,2595.00
[16:25:40.036],-1.00,0.00,-0.00,0.00,0.00,0.02,1.03,1.46,-1.59,1.10,2595.00
[16:25:40.061],-1.00,0.00,-0.00,0.00,-0.02,0.02,1.09,1.65,-0.73,0.79,2595.00
[16:25:40.082],-1.00,0.00,-0.00,0.00,-0.00,0.04,1.02,0.18,-2.56,0.55,2622.00
[16:25:40.113],-1.00,0.00,-0.00,0.00,-0.02,0.05,1.05,0.49,-0.18,1.16,2622.00
[16:25:40.139],-1.00,0.00,-0.00,0.00,-0.02,0.05,1.05,0.49,-0.18,1.16,2654.00
[16:25:40.161],-1.00,0.00,-0.00,0.00,-0.01,0.05,1.04,0.00,1.59,1.83,2654.00
[16:25:40.187],-1.00,0.00,-0.00,0.00,-0.02,0.03,1.06,1.59,-0.31,1.77,2654.00
[16:25:40.212],-1.00,0.00,-0.00,0.00,0.00,0.03,1.07,0.85,0.98,0.55,2654.00
[16:25:40.238],-1.00,0.00,-0.00,0.00,-0.03,0.03,1.05,1.46,-2.44,1.10,2679.00
[16:25:40.264],-1.00,0.00,-0.00,0.00,0.01,0.03,1.05,1.28,-0.55,1.65,2679.00
[16:25:40.285],-1.00,0.00,-0.00,0.00,0.00,0.08,1.05,1.83,1.04,1.77,2679.00
[16:25:40.311],-1.00,0.00,-0.00,0.00,0.00,0.08,1.05,1.83,1.04,1.77,2679.00
[16:25:40.337],-1.00,0.00,-0.00,0.00,-0.04,0.02,1.00,2.14,-0.73,1.22,2717.00
[16:25:40.362],-1.00,0.00,-0.00,0.00,0.02,0.02,1.10,-0.73,3.48,2.01,2717.00
[16:25:40.388],-1.00,0.00,-0.00,0.00,-0.05,0.06,1.07,5.31,6.65,2.56,2717.00
[16:25:40.414],-1.00,0.00,-0.00,0.00,-0.03,0.01,0.98,-1.22,-2.69,0.49,2717.00
[16:25:40.435],-1.00,0.00,-0.00,0.00,0.02,0.06,0.99,0.67,2.62,1.53,2750.00
[16:25:40.461],-1.00,0.00,-0.00,0.00,0.03,0.02,1.08,2.50,3.11,2.14,2750.00
[16:25:40.487],-1.00,0.00,-0.00,0.00,-0.02,0.04,1.08,2.26,0.06,0.73,2797.00
[16:25:40.513],-1.00,0.00,-0.00,0.00,-0.02,0.04,1.08,2.26,0.06,0.73,2797.00
[16:25:40.539],-1.00,0.00,-0.00,0.00,0.02,0.03,1.13,-0.49,4.09,1.89,2797.00
[16:25:40.564],-1.00,0.00,-0.00,0.00,-0.01,-0.02,0.99,2.50,1.65,0.92,2797.00
[16:25:40.590],-1.00,0.00,-0.00,0.00,-0.06,0.09,1.03,1.95,0.24,-0.43,2831.00
[16:25:40.616],-1.00,0.00,-0.00,0.00,-0.00,0.06,1.10,3.11,-3.85,0.61,2831.00
[16:25:40.637],-1.00,0.00,-0.00,0.00,0.02,0.03,0.96,-0.43,-3.85,0.06,2831.00
[16:25:40.663],-1.00,0.00,-0.00,0.00,0.02,0.03,0.97,-0.24,2.44,1.89,2831.00
[16:25:40.689],-1.00,0.00,-0.00,0.00,0.02,0.03,0.97,-0.24,2.44,1.89,2881.00
[16:25:40.715],-1.00,0.00,-0.00,0.00,-0.01,0.01,1.17,2.87,1.53,1.77,2881.00
[16:25:40.741],-1.00,0.00,-0.00,0.00,0.01,0.05,1.06,2.26,-2.62,0.31,2881.00
[16:25:40.762],-1.00,0.00,-0.00,0.00,-0.00,0.01,1.02,0.79,-1.59,1.40,2881.00
[16:25:40.788],-1.00,0.00,-0.00,0.00,-0.02,0.03,0.99,1.34,1.89,1.28,2881.00
[16:25:40.813],-1.00,0.00,-0.00,0.00,0.06,-0.00,1.09,-0.61,-0.12,0.73,2925.00
[16:25:40.839],-1.00,0.00,-0.00,0.00,-0.03,0.05,1.06,0.73,-0.31,1.34,2925.00
[16:25:40.865],-1.00,0.00,-0.00,0.00,0.01,0.06,1.02,0.73,-0.43,0.73,2925.00
[16:25:40.891],-1.00,0.00,-0.00,0.00,0.01,0.06,1.02,0.73,-0.43,0.73,2925.00
[16:25:40.917],-1.00,0.00,-0.00,0.00,0.00,0.04,0.98,0.24,2.75,2.14,2978.00
[16:25:40.943],-1.00,0.00,-0.00,0.00,-0.03,0.03,1.09,1.16,-0.18,1.53,2978.00
[16:25:40.964],-1.00,0.00,-0.00,0.00,0.01,0.07,1.05,1.65,9.40,1.46,3029.00
[16:25:40.990],-1.00,0.00,-0.00,0.00,-0.08,0.05,0.95,4.39,0.73,0.24,3029.00
[16:25:41.017],-1.00,0.00,-0.00,0.00,-0.00,-0.01,0.98,1.46,-4.70,0.18,3029.00
[16:25:41.043],-1.00,0.00,-0.00,0.00,0.01,0.05,1.08,-0.06,-4.52,0.12,3029.00
[16:25:41.069],-1.00,0.00,-0.00,0.00,0.04,0.08,0.97,0.49,1.83,2.08,3077.00
[16:25:41.094],-1.00,0.00,-0.00,0.00,0.04,0.08,0.97,0.49,1.83,2.08,3077.00
[16:25:41.120],-1.00,0.00,-0.00,0.00,-0.05,0.04,1.12,1.59,2.87,1.71,3077.00
[16:25:41.146],-1.00,0.00,-0.00,0.00,0.01,0.03,1.05,0.85,-2.20,0.31,3077.00
[16:25:41.167],-1.00,0.00,-0.00,0.00,0.02,0.05,0.98,1.34,1.65,1.46,3127.00
[16:25:41.193],-1.00,0.00,-0.00,0.00,-0.01,0.03,1.10,-0.85,0.55,1.53,3127.00
[16:25:41.219],-1.00,0.00,-0.00,0.00,-0.02,0.01,1.03,-0.43,1.53,0.61,3127.00
[16:25:41.245],-1.00,0.00,-0.00,0.00,0.02,0.05,1.01,-0.06,-0.98,0.49,3127.00
[16:25:41.271],-1.00,0.00,-0.00,0.00,-0.00,0.04,0.96,2.01,2.38,2.01,3183.00
[16:25:41.297],-1.00,0.00,-0.00,0.00,-0.00,0.04,0.96,2.01,2.38,2.01,3183.00
[16:25:41.323],-1.00,0.00,-0.00,0.00,0.03,0.01,1.23,2.01,1.22,1.59,3242.00
[16:25:41.349],-1.00,0.00,-0.00,0.00,-0.04,0.05,0.83,0.31,3.54,0.85,3242.00
[16:25:41.375],-1.00,0.00,-0.00,0.00,-0.05,0.05,0.93,2.44,-0.31,-0.55,3242.00
[16:25:41.395],-1.00,0.00,-0.00,0.00,-0.05,0.01,1.16,3.30,-5.62,0.37,3242.00
[16:25:41.421],-1.00,0.00,-0.00,0.00,0.06,0.00,0.79,-2.08,6.84,3.23,3268.00
[16:25:41.447],-1.00,0.00,-0.00,0.00,-0.02,0.00,1.12,1.89,3.05,2.69,3268.00
[16:25:41.473],-1.00,0.00,-0.00,0.00,-0.00,-0.02,1.05,1.04,-2.32,0.18,3302.00
[16:25:41.499],-1.00,0.00,-0.00,0.00,-0.00,-0.02,1.05,1.04,-2.32,0.18,3302.00
[16:25:41.525],-1.00,0.00,-0.00,0.00,-0.00,0.02,0.96,1.10,1.34,1.22,3362.00
[16:25:41.551],-1.00,0.00,-0.00,0.00,-0.02,0.05,1.04,-0.24,0.73,1.28,3362.00
[16:25:41.577],-1.00,0.00,-0.00,0.00,-0.01,0.01,1.07,1.16,0.37,0.73,3393.00
[16:25:41.598],-1.00,0.00,-0.00,0.00,0.01,0.02,1.06,0.85,1.53,0.61,3393.00
[16:25:41.624],-1.00,0.00,-0.00,0.00,-0.03,-0.00,1.08,2.69,1.28,1.71,3429.00
[16:25:41.650],-1.00,0.00,-0.00,0.00,-0.01,0.01,1.17,0.37,6.35,2.14,3429.00
[16:25:41.676],-1.00,0.00,-0.00,0.00,-0.05,0.02,0.88,3.60,2.44,-0.31,3460.00
[16:25:41.702],-1.00,0.00,-0.00,0.00,-0.05,0.02,0.88,3.60,2.44,-0.31,3460.00
[16:25:41.729],-1.00,0.00,-0.00,0.00,-0.01,-0.02,1.16,1.77,-4.46,0.18,3488.00
[16:25:41.754],-1.00,0.00,-0.00,0.00,0.02,0.02,1.13,-0.43,-4.94,0.18,3488.00
[16:25:41.780],-1.00,0.00,-0.00,0.00,0.07,0.02,0.86,1.83,1.46,3.11,3486.00
[16:25:41.801],-1.00,0.00,-0.00,0.00,-0.03,0.03,1.19,0.92,-1.04,0.43,3486.00
[16:25:41.827],-1.00,0.00,-0.00,0.00,0.02,-0.00,0.99,-0.49,-2.14,1.40,3509.00
[16:25:41.853],-1.00,0.00,-0.00,0.00,0.00,0.04,0.98,-0.06,5.37,1.71,3509.00
[16:25:41.884],-1.00,0.00,-0.00,0.00,-0.00,-0.03,1.05,-1.95,2.44,0.18,3547.00
[16:25:41.905],-1.00,0.00,-0.00,0.00,-0.00,-0.03,1.05,-1.95,2.44,0.18,3547.00
[16:25:41.931],-1.00,0.00,-0.00,0.00,0.01,0.05,0.90,1.53,-0.79,0.92,3596.00
[16:25:41.956],-1.00,0.00,-0.00,0.00,-0.00,0.00,1.04,1.71,-0.43,1.46,3596.00
[16:25:41.983],-1.00,0.00,-0.00,0.00,-0.04,0.00,1.09,-1.77,8.00,2.08,3600.00
[16:25:42.009],-1.00,0.00,-0.00,0.00,-0.01,0.05,0.91,2.20,0.92,-0.73,3600.00
[16:25:42.030],-1.00,0.00,-0.00,0.00,0.01,0.01,1.10,0.31,-3.60,0.12,3668.00
[16:25:42.056],-1.00,0.00,-0.00,0.00,0.05,0.02,1.07,-3.42,-1.89,0.79,3668.00
[16:25:42.087],-1.00,0.00,-0.00,0.00,-0.00,-0.01,0.91,3.05,3.91,3.30,3685.00
[16:25:42.108],-1.00,0.00,-0.00,0.00,-0.00,-0.01,0.91,3.05,3.91,3.30,3685.00
[16:25:42.134],-1.00,0.00,-0.00,0.00,-0.01,0.02,1.18,-1.40,-1.59,0.85,3727.00
[16:25:42.160],-1.00,0.00,-0.00,0.00,-0.01,0.01,0.85,0.12,-0.55,1.40,3727.00
[16:25:42.186],-1.00,0.00,-0.00,0.00,0.04,0.03,0.99,-2.56,0.79,1.46,3715.00
[16:25:42.207],-1.00,0.00,-0.00,0.00,0.01,-0.01,1.12,1.10,-3.66,0.06,3715.00
[16:25:42.233],-1.00,0.00,-0.00,0.00,0.08,0.02,0.85,1.89,2.20,2.01,3792.00
[16:25:42.259],-1.00,0.00,-0.00,0.00,0.00,-0.01,1.33,2.87,6.41,2.44,3792.00
[16:25:42.285],-1.00,0.00,-0.00,0.00,0.00,-0.01,1.33,2.87,6.41,2.44,3801.00
[16:25:42.311],-1.00,0.00,-0.00,0.00,-0.07,0.02,0.79,-0.79,1.16,-0.06,3801.00
[16:25:42.337],-1.00,0.00,-0.00,0.00,-0.03,0.04,0.92,3.54,-1.77,-1.46,3820.00
[16:25:42.358],-1.00,0.00,-0.00,0.00,0.03,-0.01,1.24,-1.10,-5.92,-0.06,3820.00
[16:25:42.384],-1.00,0.00,-0.00,0.00,0.05,0.01,0.76,0.98,1.10,2.87,3886.00
[16:25:42.410],-1.00,0.00,-0.00,0.00,0.04,-0.00,1.33,2.38,-1.22,0.55,3886.00
[16:25:42.436],-1.00,0.00,-0.00,0.00,0.01,0.01,0.99,0.06,-0.79,1.34,3871.00
[16:25:42.462],-1.00,0.00,-0.00,0.00,-0.02,0.04,0.88,0.00,1.71,1.53,3871.00
[16:25:42.488],-1.00,0.00,-0.00,0.00,-0.02,0.04,0.88,0.00,1.71,1.53,3922.00
[16:25:42.509],-1.00,0.00,-0.00,0.00,0.00,0.01,1.09,-0.49,-1.04,0.49,3922.00
[16:25:42.535],-1.00,0.00,-0.00,0.00,-0.01,0.01,0.86,1.40,4.39,2.08,3922.00
[16:25:42.561],-1.00,0.00,-0.00,0.00,0.03,0.01,1.28,3.05,3.54,2.32,3965.00
[16:25:42.587],-1.00,0.00,-0.00,0.00,0.02,0.01,0.88,-1.22,4.64,0.98,3965.00
[16:25:42.613],-1.00,0.00,-0.00,0.00,-0.04,0.04,0.98,0.61,-2.08,-1.04,3958.00
[16:25:42.634],-1.00,0.00,-0.00,0.00,0.03,-0.02,1.27,-3.11,-3.17,0.43,3958.00
[16:25:42.665],-1.00,0.00,-0.00,0.00,0.02,0.04,0.79,4.39,2.50,2.81,4007.00
[16:25:42.691],-1.00,0.00,-0.00,0.00,0.02,0.04,0.79,4.39,2.50,2.81,4028.00
[16:25:42.712],-1.00,0.00,-0.00,0.00,-0.01,0.00,1.17,-0.85,-0.92,0.61,4028.00
[16:25:42.738],-1.00,0.00,-0.00,0.00,-0.02,0.02,0.98,0.06,0.00,1.16,4028.00
[16:25:42.764],-1.00,0.00,-0.00,0.00,-0.02,0.03,1.03,-2.08,2.01,1.46,4053.00
[16:25:42.790],-1.00,0.00,-0.00,0.00,-0.02,-0.02,1.16,-1.83,-3.30,0.31,4053.00
[16:25:42.816],-1.00,0.00,-0.00,0.00,0.01,-0.01,0.83,1.28,2.99,1.89,4099.00
[16:25:42.837],-1.00,0.00,-0.00,0.00,0.02,0.01,1.25,-2.44,8.36,2.50,4099.00
[16:25:42.863],-1.00,0.00,-0.00,0.00,0.02,0.01,1.25,-2.44,8.36,2.50,4053.00
[16:25:42.889],-1.00,0.00,-0.00,0.00,-0.03,-0.01,0.79,1.77,2.50,-0.12,4053.00
[16:25:42.915],-1.00,0.00,-0.00,0.00,-0.01,0.01,1.01,-0.31,-3.17,-0.18,4140.00
[16:25:42.941],-1.00,0.00,-0.00,0.00,0.02,-0.00,1.03,-3.54,-1.28,1.22,4140.00
[16:25:42.962],-1.00,0.00,-0.00,0.00,-0.05,0.05,0.92,6.65,1.95,2.32,4156.00
[16:25:42.988],-1.00,0.00,-0.00,0.00,-0.04,-0.02,1.27,-0.67,3.30,2.01,4156.00
[16:25:43.014],-1.00,0.00,-0.00,0.00,-0.05,-0.01,0.89,-0.24,1.65,1.46,4158.00
[16:25:43.040],-1.00,0.00,-0.00,0.00,-0.06,0.00,0.99,-1.65,1.16,0.92,4158.00
[16:25:43.066],-1.00,0.00,-0.00,0.00,-0.06,0.00,0.99,-1.65,1.16,0.92,4313.00
[16:25:43.092],-1.00,0.00,-0.00,0.00,0.05,-0.02,1.02,0.43,2.75,1.46,4313.00
[16:25:43.118],-1.00,0.00,-0.00,0.00,0.04,-0.02,1.23,5.92,0.73,2.20,4178.00
[16:25:43.139],-1.00,0.00,-0.00,0.00,-0.04,-0.01,0.97,1.40,5.49,0.92,4178.00
[16:25:43.165],-1.00,0.00,-0.00,0.00,-0.00,0.01,0.93,4.70,-3.60,-0.92,4249.00
[16:25:43.191],-1.00,0.00,-0.00,0.00,0.07,0.01,1.18,-1.95,-4.52,0.18,4249.00
[16:25:43.217],-1.00,0.00,-0.00,0.00,0.02,0.03,0.80,5.86,3.66,3.48,4303.00
[16:25:43.243],-1.00,0.00,-0.00,0.00,0.02,0.03,0.80,5.86,3.66,3.48,4303.00
[16:25:43.269],-1.00,0.00,-0.00,0.00,-0.04,-0.01,1.27,2.44,-0.49,1.46,4290.00
[16:25:43.290],-1.00,0.00,-0.00,0.00,-0.03,0.01,0.92,2.20,2.56,1.77,4290.00
[16:25:43.316],-1.00,0.00,-0.00,0.00,0.02,0.00,1.13,-1.16,2.20,1.53,4394.00
[16:25:43.342],-1.00,0.00,-0.00,0.00,0.02,-0.01,1.08,-2.62,2.20,1.34,4394.00
[16:25:43.368],-1.00,0.00,-0.00,0.00,-0.01,-0.04,1.16,10.50,-0.06,1.40,4333.00
[16:25:43.394],-1.00,0.00,-0.00,0.00,0.05,0.03,0.83,-1.95,3.78,0.73,4333.00
[16:25:43.419],-1.00,0.00,-0.00,0.00,0.03,-0.00,1.07,6.71,-6.16,-1.46,4360.00
[16:25:43.445],-1.00,0.00,-0.00,0.00,0.03,-0.00,1.07,6.71,-6.16,-1.46,4360.00
[16:25:43.467],-1.00,0.00,-0.00,0.00,0.01,0.01,1.27,-2.44,-4.15,0.18,4391.00
[16:25:43.493],-1.00,0.60,-0.00,0.00,0.06,-0.03,0.87,5.13,3.05,2.69,4391.00
[16:25:43.519],-1.00,0.66,-0.00,0.00,-0.02,0.00,1.29,1.83,-0.18,1.40,4333.00
[16:25:43.545],-1.00,0.73,-0.00,0.00,0.11,-0.01,0.89,0.37,1.22,4.64,4333.00
[16:25:43.566],-1.00,0.60,-0.00,0.00,0.24,-0.04,1.07,0.06,1.65,15.69,4313.00
[16:25:43.592],-1.00,0.47,-0.00,0.00,0.22,-0.02,1.16,-0.06,1.53,29.91,4313.00
[16:25:43.619],-1.00,0.28,-0.00,0.00,0.22,-0.02,1.16,-0.06,1.53,29.91,4541.00
[16:25:43.645],-1.00,0.00,-0.00,0.00,0.11,-0.00,1.13,8.24,-2.50,41.99,4541.00
[16:25:43.671],-1.00,0.00,-0.00,0.00,-0.15,-0.04,0.98,0.92,7.39,43.09,4409.00
[16:25:43.692],-1.00,0.00,-0.00,0.00,-0.32,0.06,1.19,9.40,4.15,31.07,4409.00
[16:25:43.718],-1.00,0.00,-0.00,0.00,-0.28,0.02,1.05,-9.34,-4.15,17.46,4264.00
[16:25:43.743],-1.00,0.00,-0.00,0.00,-0.21,0.03,1.13,6.77,-0.31,5.49,4264.00
[16:25:43.769],-1.00,0.00,-0.00,0.00,-0.02,-0.01,1.07,1.22,-4.39,-0.37,4260.00
[16:25:43.795],-1.00,0.00,-0.00,0.00,0.02,0.07,0.99,-1.46,5.13,1.28,4260.00
[16:25:43.821],-1.00,0.00,-0.00,0.00,0.02,0.07,0.99,-1.46,5.13,1.28,4372.00
[16:25:43.847],-1.00,0.00,-0.00,0.00,-0.02,-0.01,1.20,2.69,1.46,1.10,4372.00
[16:25:43.868],-1.00,0.00,-0.00,0.00,0.03,0.02,0.96,-2.50,1.22,0.92,4372.00
[16:25:43.894],-1.00,0.00,-0.00,0.00,-0.05,0.00,1.04,3.11,-2.87,1.40,4427.00
[16:25:43.920],-1.00,0.00,-0.00,0.00,0.04,0.00,1.08,-0.24,8.61,2.44,4427.00
[16:25:43.947],-1.00,0.00,-0.00,0.00,0.00,0.01,1.02,5.55,-4.09,-0.55,4401.00
[16:25:43.973],-1.00,0.00,-0.00,0.00,0.06,0.01,1.07,-5.68,-3.48,0.79,4401.00
[16:25:43.999],-1.00,0.00,-0.00,0.00,0.02,0.02,1.00,4.03,3.11,2.62,544.00
[16:25:44.025],-1.00,0.00,-0.00,0.00,0.02,0.02,1.00,4.03,3.11,2.62,475.00
[16:25:44.046],-1.00,0.00,-0.00,0.00,0.07,-0.00,1.07,-2.75,-3.85,1.16,475.00
[16:25:44.072],-1.00,0.00,-0.00,0.00,0.00,0.02,1.06,5.86,6.96,2.81,475.00
[16:25:44.098],-1.00,0.00,-0.00,0.00,-0.05,0.02,0.99,-1.95,-0.12,1.53,792.00
[16:25:44.124],-1.00,0.00,-0.00,0.00,0.01,-0.01,0.92,-0.37,2.99,1.89,792.00
[16:25:44.150],-1.00,0.00,-0.00,0.00,-0.02,0.00,1.09,1.77,-2.56,1.89,378.00
[16:25:44.176],-1.00,0.00,-0.00,0.00,-0.01,0.02,1.05,-2.50,8.61,2.50,378.00
[16:25:44.202],-1.00,0.00,-0.00,0.00,-0.03,-0.01,1.01,3.78,-3.91,-0.67,620.00
[16:25:44.228],-1.00,0.00,-0.00,0.00,-0.03,-0.01,1.01,3.78,-3.91,-0.67,620.00
[16:25:44.254],-1.00,0.00,-0.00,0.00,0.05,-0.01,0.89,-5.74,-2.93,0.92,637.00
[16:25:44.274],-1.00,0.00,-0.00,0.00,-0.03,-0.01,1.20,2.62,3.78,2.56,637.00
[16:25:44.300],-1.00,-0.23,-0.00,0.00,0.05,0.01,1.15,0.73,-4.39,1.28,615.00
[16:25:44.327],-1.00,-0.23,-0.00,0.00,0.02,-0.01,1.01,-0.18,7.51,1.77,615.00
[16:25:44.353],-1.00,-0.23,-0.00,0.00,-0.20,0.00,1.16,3.78,3.30,-8.79,497.00
[16:25:44.379],-1.00,-0.23,-0.00,0.00,-0.04,-0.03,1.04,-2.93,0.49,-18.86,497.00
[16:25:44.405],-1.00,-0.23,-0.00,0.00,0.05,0.01,0.94,2.38,-4.33,-19.84,537.00
[16:25:44.431],-1.00,-0.20,-0.00,0.00,0.05,0.01,0.94,2.38,-4.33,-19.84,537.00
[16:25:44.457],-1.00,-0.15,-0.00,0.00,0.13,0.02,0.99,-2.38,8.97,-19.17,528.00
[16:25:44.477],-1.00,0.00,-0.00,0.00,-0.04,0.03,1.04,5.37,-5.31,-21.85,528.00
[16:25:44.503],-1.00,0.00,-0.00,0.00,0.12,0.00,0.95,-3.54,-1.34,-21.30,378.00
[16:25:44.529],-1.00,0.00,-0.00,0.00,0.13,0.04,1.08,4.46,1.77,-14.04,378.00
[16:25:44.555],-1.00,0.00,-0.00,0.00,0.20,-0.02,1.16,1.46,-0.06,-4.15,382.00
[16:25:44.581],-1.00,0.00,-0.00,0.00,0.03,0.04,0.93,0.37,5.80,2.99,382.00
[16:25:44.607],-1.00,0.00,-0.00,0.00,0.03,0.04,0.93,0.37,5.80,2.99,686.00
[16:25:44.628],-1.00,0.00,-0.00,0.00,-0.01,-0.01,1.16,0.49,0.92,0.31,686.00
[16:25:44.653],-1.00,0.00,-0.00,0.00,-0.02,-0.00,0.97,0.24,3.91,0.49,562.00
[16:25:44.679],-1.00,0.00,-0.00,0.00,0.12,0.02,1.25,1.65,3.72,1.59,562.00
[16:25:44.705],-1.00,0.00,-0.00,0.00,-0.07,0.04,0.84,-3.36,5.55,-0.18,407.00
[16:25:44.731],-1.00,0.00,-0.00,0.00,-0.04,-0.01,1.01,-0.06,4.27,-0.92,407.00
[16:25:44.752],-1.00,0.00,-0.00,0.00,0.01,-0.02,1.19,-1.10,-2.38,-0.43,814.00
[16:25:44.783],-1.00,0.00,-0.00,0.00,-0.09,0.06,0.80,4.64,-0.55,0.24,814.00
[16:25:44.804],-1.00,0.00,-0.00,0.00,-0.09,0.06,0.80,4.64,-0.55,0.24,438.00
[16:25:44.830],-1.00,0.00,-0.00,0.00,0.05,-0.03,1.21,-2.69,0.49,0.55,438.00
[16:25:44.856],-1.00,0.00,-0.00,0.00,-0.04,0.03,0.90,0.31,0.79,0.49,628.00
[16:25:44.882],-1.00,0.00,-0.00,0.00,-0.00,0.05,1.06,-0.61,-1.34,-0.06,628.00
[16:25:44.908],-1.00,0.00,-0.00,0.00,-0.03,-0.02,0.98,0.92,3.60,0.98,774.00
[16:25:44.929],-1.00,0.00,-0.00,0.00,0.00,-0.00,1.22,-2.08,8.67,1.53,774.00
[16:25:44.955],-1.00,0.00,-0.00,0.00,-0.07,0.01,0.92,2.99,-0.49,-1.89,709.00
[16:25:44.986],-1.00,0.00,-0.00,0.00,-0.01,-0.01,1.13,0.92,-5.55,-1.46,709.00
[16:25:45.007],-1.00,0.00,-0.00,0.00,-0.01,-0.01,1.13,0.92,-5.55,-1.46,986.00
[16:25:45.033],-1.00,0.00,-0.00,0.00,0.05,-0.03,0.87,2.08,-1.89,0.37,986.00
[16:25:45.059],-1.00,0.00,-0.00,0.00,-0.01,0.06,1.32,5.68,7.87,1.65,744.00
[16:25:45.085],-1.00,0.00,-0.00,0.00,-0.03,-0.01,0.93,-2.38,-1.40,0.55,744.00
[16:25:45.107],-1.00,0.00,-0.00,0.00,0.08,0.05,0.87,0.49,2.56,-0.12,838.00
[16:25:45.133],-1.00,0.00,-0.00,0.00,0.03,-0.01,1.14,0.85,-0.12,-0.31,838.00
[16:25:45.159],-1.00,0.00,-0.00,0.00,-0.01,-0.00,0.97,4.52,-1.53,1.28,754.00
[16:25:45.185],-1.00,0.00,-0.00,0.00,-0.01,-0.00,0.97,4.52,-1.53,1.28,754.00
[16:25:45.211],-1.00,0.00,-0.00,0.00,0.04,0.00,0.97,-0.24,7.32,0.79,749.00
[16:25:45.237],-1.00,0.00,-0.00,0.00,-0.02,-0.00,1.13,3.85,-5.25,-1.65,749.00
[16:25:45.258],-1.00,0.00,-0.00,0.00,0.06,-0.03,1.12,-2.69,-0.31,-0.31,869.00
[16:25:45.284],-1.00,0.00,-0.00,0.00,-0.03,-0.02,0.98,5.86,3.54,1.95,869.00
[16:25:45.310],-1.00,0.00,-0.00,0.00,0.03,0.03,1.21,1.22,-0.92,0.92,847.00
[16:25:45.336],-1.00,0.00,-0.00,0.00,-0.02,0.02,0.85,-3.17,0.43,0.92,847.00
[16:25:45.362],-1.00,0.00,-0.00,0.00,0.06,-0.04,1.13,-3.66,0.12,0.49,907.00
[16:25:45.388],-1.00,0.00,-0.00,0.00,0.06,-0.04,1.13,-3.66,0.12,0.49,907.00
[16:25:45.413],-1.00,0.00,-0.00,0.00,-0.03,0.02,1.04,6.59,2.62,1.04,1027.00
[16:25:45.434],-1.00,0.00,-0.00,0.00,-0.03,0.02,1.01,-0.37,8.24,2.14,1027.00
[16:25:45.460],-1.00,0.00,-0.00,0.00,0.01,-0.02,1.00,3.05,2.32,-1.53,1006.00
[16:25:45.486],-1.00,0.00,-0.00,0.00,-0.02,0.04,1.15,-0.24,-5.37,-1.10,1006.00
[16:25:45.512],-1.00,0.00,-0.00,0.00,0.09,-0.01,0.84,-0.12,-0.43,1.46,1008.00
[16:25:45.538],-1.00,0.00,-0.00,0.00,-0.02,-0.01,1.31,3.72,-0.06,0.85,1008.00
[16:25:45.564],-1.00,0.00,-0.00,0.00,0.04,0.02,1.12,-2.26,2.38,1.34,1023.00
[16:25:45.589],-1.00,0.00,-0.00,0.00,0.04,0.02,1.12,-2.26,2.38,1.34,1023.00
[16:25:45.615],-1.00,0.00,-0.00,0.00,0.02,-0.02,1.06,-1.59,2.50,0.61,1023.00
[16:25:45.641],-1.00,0.00,-0.00,0.00,-0.01,0.00,1.02,0.43,0.43,0.31,1038.00
[16:25:45.667],-1.00,0.00,-0.00,0.00,0.07,-0.04,1.17,6.77,-1.65,1.22,1038.00
[16:25:45.688],-1.00,0.00,-0.00,0.00,-0.06,0.04,1.05,0.12,12.82,0.73,1105.00
[16:25:45.715],-1.00,0.00,-0.00,0.00,-0.01,0.02,1.04,3.60,-7.08,-1.46,1105.00
[16:25:45.741],-1.00,0.00,-0.00,0.00,0.05,0.02,1.03,-4.27,-0.55,-0.79,1137.00
[16:25:45.767],-1.00,0.00,-0.00,0.00,-0.07,-0.00,1.09,6.16,1.89,1.10,1137.00
[16:25:45.793],-1.00,0.00,-0.00,0.00,-0.07,-0.00,1.09,6.16,1.89,1.10,1362.00
[16:25:45.819],-1.00,0.00,-0.00,0.00,-0.00,0.02,1.05,-0.18,0.37,0.49,1362.00
[16:25:45.845],-1.00,0.00,-0.00,0.00,0.00,0.01,0.80,-1.53,0.92,0.67,1231.00
[16:25:45.866],-1.00,0.00,-0.00,0.00,-0.02,-0.01,1.12,1.28,-1.83,0.06,1231.00
[16:25:45.892],-1.00,0.00,-0.00,0.00,-0.01,0.04,0.90,3.97,0.55,1.65,1332.00
[16:25:45.918],-1.00,0.00,-0.00,0.00,0.06,0.00,1.06,-0.92,7.51,0.92,1332.00
[16:25:45.944],-1.00,0.00,-0.00,0.00,-0.05,0.03,0.89,5.13,-4.03,-1.83,1367.00
[16:25:45.970],-1.00,0.00,-0.00,0.00,-0.05,0.03,0.89,5.13,-4.03,-1.83,1367.00
[16:25:45.990],-1.00,0.00,-0.00,0.00,-0.00,0.03,1.23,-3.23,-5.49,-1.40,1306.00
[16:25:46.017],-1.00,0.00,-0.00,0.00,0.02,0.01,0.96,-0.73,-0.67,1.95,1306.00
[16:25:46.043],-1.00,0.00,-0.00,0.00,0.00,-0.00,1.32,4.21,1.59,-0.12,1279.00
[16:25:46.069],-1.00,0.00,-0.00,0.00,-0.01,0.04,0.71,-2.81,-0.37,0.92,1279.00
[16:25:46.095],-1.00,0.00,-0.00,0.00,-0.01,0.03,1.00,-1.22,0.43,0.18,1353.00
[16:25:46.115],-1.00,0.00,-0.00,0.00,-0.01,-0.04,1.18,-0.31,3.48,1.04,1353.00
[16:25:46.147],-1.00,0.00,-0.00,0.00,-0.03,0.02,1.24,0.31,8.61,2.44,1365.00
[16:25:46.167],-1.00,0.00,-0.00,0.00,-0.03,0.02,1.24,0.31,8.61,2.44,1365.00
[16:25:46.193],-1.00,0.00,-0.00,0.00,-0.06,-0.02,0.92,3.54,2.50,-1.10,1355.00
[16:25:46.219],-1.00,0.00,-0.00,0.00,-0.00,0.00,1.28,-2.32,-5.49,-1.59,1355.00
[16:25:46.245],-1.00,0.00,-0.00,0.00,0.10,0.03,0.86,1.22,-0.49,1.04,1493.00
[16:25:46.271],-1.00,0.00,-0.00,0.00,0.02,-0.02,1.19,3.97,-1.28,0.67,1493.00
[16:25:46.292],-1.00,0.00,-0.00,0.00,0.01,0.03,0.91,1.53,0.12,0.55,1566.00
[16:25:46.318],-1.00,0.00,-0.00,0.00,0.02,0.00,1.11,3.42,9.03,1.10,1566.00
[16:25:46.344],-1.00,0.00,-0.00,0.00,0.02,0.00,1.11,3.42,9.03,1.10,1681.00
[16:25:46.370],-1.00,0.00,-0.00,0.00,0.01,-0.04,1.08,-0.92,-1.16,0.67,1681.00
[16:25:46.396],-1.00,0.00,-0.00,0.00,0.03,-0.04,1.30,4.27,3.48,1.83,1650.00
[16:25:46.422],-1.00,0.00,-0.00,0.00,0.01,0.01,0.88,2.26,7.20,-0.43,1650.00
[16:25:46.443],-1.00,0.00,-0.00,0.00,0.02,-0.00,1.15,2.32,-4.39,-1.10,1576.00
[16:25:46.469],-1.00,0.00,-0.00,0.00,-0.02,0.01,0.96,-1.34,-0.55,0.24,1576.00
[16:25:46.495],-1.00,0.00,-0.00,0.00,-0.03,0.05,1.01,5.37,0.12,0.92,1572.00
[16:25:46.521],-1.00,0.00,-0.00,0.00,0.06,-0.02,0.98,0.79,1.65,0.61,1572.00
[16:25:46.546],-1.00,0.00,-0.00,0.00,0.06,-0.02,0.98,0.79,1.65,0.61,1683.00
[16:25:46.573],-1.00,0.00,-0.00,0.00,-0.01,0.00,0.87,0.85,2.20,0.73,1683.00
[16:25:46.599],-1.00,0.00,-0.00,0.00,0.02,0.01,1.10,0.43,-0.92,-0.06,1614.00
[16:25:46.619],-1.00,0.00,-0.00,0.00,0.02,-0.02,1.03,3.17,-0.92,1.40,1614.00
[16:25:46.646],-1.00,0.00,-0.00,0.00,0.03,-0.02,1.01,-0.18,13.61,0.24,1782.00
[16:25:46.672],-1.00,0.00,-0.00,0.00,-0.03,0.02,1.10,7.26,-8.97,-1.83,1782.00
[16:25:46.698],-1.00,0.00,-0.00,0.00,0.04,-0.03,1.06,-5.43,-2.99,-0.55,1836.00
[16:25:46.724],-1.00,0.00,-0.00,0.00,0.02,0.03,0.93,2.32,2.99,1.53,1836.00
[16:25:46.750],-1.00,-0.16,-0.00,0.00,0.02,0.03,0.93,2.32,2.99,1.53,1868.00
[16:25:46.776],-1.00,-0.25,-0.00,0.00,-0.02,0.02,1.15,-2.32,0.49,0.79,1868.00
[16:25:46.802],-1.00,-0.52,-0.00,0.00,0.00,0.00,0.89,-1.95,2.38,0.85,1821.00
[16:25:46.822],-1.00,-0.56,-0.00,0.00,-0.10,0.00,1.23,-0.79,1.71,-0.98,1821.00
[16:25:46.848],-1.00,-0.64,-0.00,0.00,-0.23,-0.03,0.90,-0.31,3.54,-11.23,1867.00
[16:25:46.874],-1.00,-0.72,-0.00,0.00,-0.30,0.06,0.97,-3.60,9.22,-27.65,1867.00
[16:25:46.899],-1.00,-0.73,-0.00,0.00,-0.25,-0.04,0.87,2.99,-4.27,-47.36,2086.00
[16:25:46.925],-1.00,-0.73,-0.00,0.00,0.05,0.00,1.26,-0.61,-3.72,-61.83,2086.00
[16:25:46.951],-1.00,-0.73,-0.00,0.00,0.05,0.00,1.26,-0.61,-3.72,-61.83,1967.00
[16:25:46.977],-1.00,-0.73,-0.00,0.00,0.05,-0.03,1.02,-4.03,-1.28,-67.26,1967.00
[16:25:47.003],-1.00,-0.73,-0.00,0.00,0.07,0.04,1.15,-1.22,2.50,-69.03,1914.00
[16:25:47.029],-1.00,-0.73,-0.00,0.00,0.17,0.02,0.91,0.18,-2.14,-67.63,1914.00
[16:25:47.055],-1.00,-0.73,-0.00,0.00,0.15,0.01,0.97,-0.37,3.48,-68.66,1914.00
[16:25:47.075],-1.00,-0.73,-0.00,0.00,0.26,0.02,1.20,-2.62,6.90,-67.57,2318.00
[16:25:47.101],-1.00,-0.73,-0.00,0.00,0.04,-0.02,0.89,0.43,9.46,-66.35,2318.00
[16:25:47.127],-1.00,-0.73,-0.00,0.00,0.04,-0.02,0.89,0.43,9.46,-66.35,2687.00
[16:25:47.153],-1.00,-0.73,-0.00,0.00,0.12,0.01,1.10,0.31,0.00,-65.31,2687.00
[16:25:47.179],-1.00,-0.73,-0.00,0.00,0.09,0.02,1.03,2.32,3.30,-66.96,2914.00
[16:25:47.200],-1.00,-0.73,-0.00,0.00,0.22,-0.02,1.06,-1.65,-3.54,-66.53,2914.00
[16:25:47.226],-1.00,-0.73,-0.00,0.00,0.11,-0.00,0.89,-1.71,9.58,-60.97,2947.00
[16:25:47.251],-1.00,-0.73,-0.00,0.00,0.01,0.02,1.05,-4.46,-2.93,-61.40,2947.00
[16:25:47.277],-1.00,-0.73,-0.00,0.00,0.13,0.04,0.94,3.66,-0.18,-64.45,2807.00
[16:25:47.303],-1.00,-0.73,-0.00,0.00,0.20,0.01,1.18,-3.60,7.75,-64.70,2807.00
[16:25:47.329],-1.00,-0.73,-0.00,0.00,0.20,0.01,1.18,-3.60,7.75,-64.70,2537.00
[16:25:47.355],-1.00,-0.73,-0.00,0.00,0.17,-0.06,1.09,0.31,7.20,-63.48,2537.00
[16:25:47.381],-1.00,-0.74,-0.00,0.00,0.00,0.02,0.95,-0.24,2.62,-59.33,2376.00
[16:25:47.402],-1.00,-0.73,-0.00,0.00,0.08,0.00,1.09,0.73,1.71,-64.03,2376.00
[16:25:47.428],-1.00,-0.73,-0.00,0.00,0.16,-0.00,1.00,2.38,-0.18,-62.87,2229.00
[16:25:47.454],-1.00,-0.73,-0.00,0.00,0.08,0.03,1.11,-2.69,6.04,-63.23,2229.00
[16:25:47.480],-1.00,-0.79,-0.00,0.00,0.14,0.05,0.92,-0.73,3.17,-59.02,2140.00
[16:25:47.505],-1.00,-0.80,-0.00,0.00,0.04,-0.03,1.24,4.33,-1.71,-62.13,2140.00
[16:25:47.531],-1.00,-0.80,-0.00,0.00,0.04,-0.03,1.24,4.33,-1.71,-62.13,2140.00
[16:25:47.557],-1.00,-0.83,-0.00,0.00,0.08,0.03,1.18,0.31,-3.85,-62.68,2140.00
[16:25:47.583],-1.00,-0.83,-0.00,0.00,0.08,0.05,0.95,-0.98,9.58,-62.26,2051.00
[16:25:47.609],-1.00,-0.83,-0.00,0.00,0.08,0.01,0.98,-0.12,0.55,-64.76,2051.00
[16:25:47.635],-1.00,-0.82,-0.00,0.00,0.16,-0.04,1.06,-1.65,3.78,-63.23,1926.00
[16:25:47.656],-1.00,-0.75,-0.00,0.00,0.03,0.06,1.04,-3.60,-3.42,-61.52,1926.00
[16:25:47.682],-0.45,-0.30,-0.00,0.00,0.18,0.03,1.20,5.86,10.19,-66.28,1926.00
[16:25:47.708],0.00,0.00,-0.00,0.00,0.18,0.03,1.20,5.86,10.19,-66.28,1926.00
[16:25:47.734],0.00,0.00,-0.00,0.00,0.10,0.02,0.93,-5.31,4.21,-61.95,1833.00
[16:25:47.760],0.00,0.00,-0.00,0.00,0.21,-0.04,1.09,1.40,-3.42,-58.47,1833.00
[16:25:47.780],0.00,0.00,-0.00,0.00,0.32,-0.16,0.99,-1.83,1.77,-41.99,1833.00
[16:25:47.806],0.03,0.00,-0.00,0.00,0.45,-0.12,1.22,3.66,3.54,-27.53,1833.00
[16:25:47.832],0.33,0.00,-0.00,0.00,0.23,-0.12,1.04,-2.93,5.62,-12.08,1709.00
[16:25:47.858],0.47,0.18,-0.00,0.00,0.13,-0.04,0.84,3.91,-1.10,-0.85,1709.00
[16:25:47.884],0.60,0.31,-0.00,0.00,-0.10,-0.25,1.18,0.85,6.77,3.36,1709.00
[16:25:47.910],0.64,0.48,-0.00,0.00,-0.10,-0.25,1.18,0.85,6.77,3.36,1709.00
[16:25:47.936],0.79,0.63,-0.00,0.00,-0.02,-0.37,1.02,4.88,2.99,0.73,1768.00
[16:25:47.957],0.82,0.66,-0.00,0.00,0.04,-0.36,0.84,4.27,7.39,2.50,1768.00
[16:25:47.984],0.82,0.66,-0.00,0.00,0.01,-0.49,1.27,0.24,-0.79,0.73,1819.00
[16:25:48.010],0.93,0.74,-0.00,0.00,-0.00,-0.37,0.92,2.01,0.67,-0.06,1819.00
[16:25:48.035],0.93,0.74,-0.00,0.00,-0.01,-0.41,1.06,-0.06,0.12,0.43,1819.00
[16:25:48.061],0.93,0.74,-0.00,0.00,-0.04,-0.27,0.98,1.77,2.32,1.34,1819.00
[16:25:48.082],1.00,0.78,-0.00,0.00,-0.04,-0.27,0.98,1.77,2.32,1.34,1833.00
[16:25:48.108],1.00,0.93,-0.00,0.00,-0.06,-0.09,1.08,0.92,2.38,-3.23,1833.00
[16:25:48.134],1.00,0.93,-0.00,0.00,-0.08,-0.21,1.02,1.65,2.38,-4.94,1833.00
[16:25:48.159],1.00,0.93,-0.00,0.00,-0.09,-0.15,1.02,1.53,3.42,-8.06,1833.00
[16:25:48.185],1.00,0.93,-0.00,0.00,-0.11,-0.13,1.15,-2.62,-4.58,-13.18,1830.00
[16:25:48.211],1.00,0.93,-0.00,0.00,0.02,-0.13,0.96,0.31,-1.04,-17.52,1830.00
[16:25:48.232],1.00,0.93,-0.00,0.00,-0.08,-0.16,1.03,-0.98,1.83,-18.55,1830.00
[16:25:48.263],1.00,0.93,-0.00,0.00,-0.06,-0.12,0.99,-0.43,2.32,-23.01,1830.00
[16:25:48.284],1.00,0.93,-0.00,0.00,-0.06,-0.12,0.99,-0.43,2.32,-23.01,1787.00
[16:25:48.310],1.00,0.93,-0.00,0.00,-0.09,-0.14,1.05,-0.67,1.71,-26.73,1787.00
[16:25:48.336],1.00,0.93,-0.00,0.00,-0.09,-0.08,1.01,-1.53,-2.26,-30.58,1787.00
[16:25:48.362],1.00,0.93,-0.00,0.00,-0.01,-0.12,1.05,1.46,-2.32,-30.33,1787.00
[16:25:48.388],1.00,0.93,-0.00,0.00,-0.02,-0.11,0.97,0.98,8.36,-33.08,1737.00
[16:25:48.409],1.00,0.93,-0.00,0.00,-0.05,-0.07,1.07,3.05,2.87,-33.57,1737.00
[16:25:48.435],1.00,0.93,-0.00,0.00,-0.07,-0.09,1.05,-1.89,3.05,-35.64,1737.00
[16:25:48.465],1.00,0.93,-0.00,0.00,-0.05,-0.12,1.00,0.49,2.20,-38.51,1722.00
[16:25:48.491],1.00,0.93,-0.00,0.00,-0.05,-0.12,1.00,0.49,2.20,-38.51,1722.00
[16:25:48.512],1.00,0.93,-0.00,0.00,-0.10,-0.12,1.07,-1.77,3.60,-42.05,1722.00
[16:25:48.538],1.00,0.93,-0.00,0.00,-0.08,-0.03,1.08,-2.01,-2.87,-45.17,1791.00
[16:25:48.564],1.00,0.93,-0.00,0.00,-0.04,-0.05,0.98,2.26,2.87,-46.14,1791.00
[16:25:48.590],1.00,0.93,-0.00,0.00,-0.10,-0.09,1.07,0.00,4.09,-44.13,1791.00
[16:25:48.616],1.00,0.93,-0.00,0.00,-0.09,-0.05,1.05,-0.18,0.92,-47.36,1791.00
[16:25:48.641],1.00,0.93,-0.00,0.00,-0.08,-0.07,1.02,0.92,7.51,-49.19,1791.00
[16:25:48.662],1.00,0.93,-0.00,0.00,-0.08,-0.07,1.02,0.92,7.51,-49.19,1875.00
[16:25:48.688],1.00,0.93,-0.00,0.00,-0.02,-0.05,1.30,-1.04,12.39,-54.99,1875.00
[16:25:48.714],1.00,0.93,-0.00,0.00,-0.10,-0.01,0.96,11.90,-7.14,-47.24,1875.00
[16:25:48.740],1.00,0.93,-0.00,0.00,-0.12,-0.08,1.00,-2.32,-5.00,-52.92,1875.00
[16:25:48.766],1.00,0.93,-0.00,0.00,-0.13,-0.05,1.02,-2.38,6.41,-58.41,1787.00
[16:25:48.787],1.00,0.93,-0.00,0.00,-0.13,-0.00,1.09,0.79,5.31,-61.71,1787.00
[16:25:48.813],1.00,0.93,-0.00,0.00,-0.07,-0.09,0.90,-2.93,5.74,-60.55,1787.00
[16:25:48.840],1.00,0.93,-0.00,0.00,-0.14,0.01,1.00,-1.22,-2.99,-56.21,1787.00
[16:25:48.865],1.00,0.93,-0.00,0.00,-0.14,0.01,1.00,-1.22,-2.99,-56.21,1709.00
[16:25:48.891],1.00,0.93,-0.00,0.00,-0.06,-0.12,1.07,-1.10,-1.46,-59.57,1709.00
[16:25:48.917],1.00,0.93,-0.00,0.00,-0.24,-0.01,0.96,2.38,5.68,-64.15,646.00
[16:25:48.944],1.00,0.93,-0.00,0.00,-0.03,-0.09,0.75,-4.21,5.68,-66.47,646.00
[16:25:48.964],1.00,0.93,-0.00,0.00,-0.09,0.02,1.39,1.59,5.74,-62.62,3594.00
[16:25:48.990],1.00,0.93,-0.00,0.00,-0.21,-0.05,0.74,-3.30,-2.93,-64.09,3594.00
[16:25:49.016],1.00,0.93,-0.00,0.00,-0.09,-0.03,1.25,2.93,2.50,-68.66,3017.00
[16:25:49.042],1.00,0.93,-0.00,0.00,-0.09,-0.03,1.25,2.93,2.50,-68.66,3017.00
[16:25:49.068],1.00,0.93,-0.00,0.00,-0.02,-0.02,1.10,1.10,4.58,-72.88,1630.00
[16:25:49.089],1.00,0.93,-0.00,0.00,-0.11,-0.02,0.98,1.04,-0.98,-71.59,1630.00
[16:25:49.115],1.00,0.93,-0.00,0.00,-0.15,-0.07,0.85,1.28,-3.97,-71.47,1630.00
[16:25:49.141],1.00,0.93,-0.00,0.00,-0.11,0.00,1.31,-7.08,11.84,-73.18,1630.00
[16:25:49.167],1.00,0.93,-0.00,0.00,-0.14,0.10,1.03,6.35,2.69,-68.97,1457.00
[16:25:49.193],0.72,0.63,-0.00,0.00,-0.17,-0.01,0.99,-5.00,2.87,-70.98,1457.00
[16:25:49.219],0.08,0.00,-0.00,0.00,-0.13,-0.05,1.08,-2.20,-5.07,-73.85,1457.00
[16:25:49.245],-0.07,0.00,-0.00,0.00,-0.13,-0.05,1.08,-2.20,-5.07,-73.85,1457.00
[16:25:49.266],-0.52,0.00,-0.00,0.00,0.07,0.04,1.14,6.77,-6.65,-77.03,1336.00
[16:25:49.292],-0.89,0.00,-0.00,0.00,0.16,0.04,1.03,-4.39,-2.75,-61.10,1336.00
[16:25:49.317],-1.00,0.00,-0.00,0.00,0.17,0.20,0.80,5.43,5.74,-44.25,1585.00
[16:25:49.343],-1.00,0.00,-0.00,0.00,0.28,0.09,0.91,-8.67,-8.42,-23.44,1585.00
[16:25:49.369],-1.00,0.00,-0.00,0.00,0.31,0.08,1.25,8.97,9.16,-6.71,2275.00
[16:25:49.395],-1.00,0.00,-0.00,0.00,-0.01,0.12,0.88,-0.49,-0.43,4.03,2275.00
[16:25:49.421],-1.00,0.00,-0.00,0.00,0.05,0.12,0.94,2.56,14.47,2.14,2303.00
[16:25:49.447],-1.00,0.00,-0.00,0.00,0.05,0.12,0.94,2.56,14.47,2.14,2303.00
[16:25:49.473],-1.00,0.00,-0.00,0.00,-0.07,0.13,1.17,-3.85,-5.55,3.05,2267.00
[16:25:49.499],-1.00,0.00,-0.00,0.00,0.05,0.11,0.94,10.25,0.06,0.98,2267.00
[16:25:49.519],-1.00,0.00,-0.00,0.00,0.01,0.14,1.11,-3.23,2.14,1.59,2176.00
[16:25:49.545],-1.00,0.00,-0.00,0.00,0.03,0.11,1.20,2.87,-1.65,0.18,2176.00
[16:25:49.571],-1.00,0.00,-0.00,0.00,-0.02,0.11,0.81,5.55,0.49,1.65,2179.00
[16:25:49.597],-1.00,0.00,-0.00,0.00,0.01,0.10,1.17,-4.94,-0.79,1.77,2179.00
[16:25:49.623],-1.00,0.00,-0.00,0.00,0.01,0.10,1.17,-4.94,-0.79,1.77,2089.00
[16:25:49.648],-1.00,0.00,-0.00,0.00,0.05,0.09,1.01,0.98,-3.91,2.50,2089.00
[16:25:49.669],-1.00,0.00,-0.00,0.00,0.07,0.08,1.00,4.33,5.37,3.54,2094.00
[16:25:49.695],-1.00,0.00,-0.00,0.00,-0.05,0.10,1.05,-1.40,0.73,3.91,2094.00
[16:25:49.720],-1.00,0.00,-0.00,0.00,0.04,0.10,1.04,0.49,-2.50,2.01,2068.00
[16:25:49.746],-1.00,0.00,-0.00,0.00,-0.00,0.13,1.10,0.37,3.66,2.75,2068.00
[16:25:49.772],-1.00,0.00,-0.00,0.00,0.00,0.08,1.11,-0.06,0.43,2.20,2148.00
[16:25:49.798],-1.00,0.00,-0.00,0.00,0.00,0.10,1.02,-1.28,0.31,2.81,2148.00
[16:25:49.824],-1.00,0.00,-0.00,0.00,0.00,0.10,1.02,-1.28,0.31,2.81,2066.00
[16:25:49.850],-1.00,0.00,-0.00,0.00,0.01,0.04,1.01,-0.24,-2.01,2.50,2066.00
[16:25:49.876],-1.00,0.00,-0.00,0.00,0.02,0.09,1.00,2.20,-0.06,1.77,1981.00
[16:25:49.896],-1.00,0.00,-0.00,0.00,0.04,0.09,1.09,-1.83,2.32,1.59,1981.00
[16:25:49.922],-1.00,0.00,-0.00,0.00,0.01,0.09,1.08,1.34,1.89,1.40,1917.00
[16:25:49.948],-0.53,0.00,-0.00,0.00,0.01,0.09,0.95,1.83,0.67,0.67,1917.00
[16:25:49.974],-1.00,0.00,-0.00,0.00,0.01,0.10,1.08,-0.55,0.06,1.04,2030.00
[16:25:50.000],-1.00,0.00,-0.00,0.00,0.01,0.10,1.08,-0.55,0.06,1.04,2030.00
[16:25:50.021],-1.00,0.00,-0.00,0.00,0.02,0.09,1.05,1.40,1.04,1.71,2030.00
[16:25:50.047],-1.00,0.00,-0.00,0.00,-0.01,0.10,1.01,1.46,2.56,1.34,1901.00
[16:25:50.073],-1.00,0.00,-0.00,0.00,0.01,0.09,1.02,1.34,0.73,1.65,1901.00
[16:25:50.099],-1.00,0.00,-0.00,0.00,0.02,0.10,1.03,1.77,0.43,1.40,1951.00
[16:25:50.125],-1.00,0.00,-0.00,0.00,0.01,0.09,1.01,1.10,1.77,1.83,1951.00
[16:25:50.151],-1.00,0.00,-0.00,0.00,0.02,0.07,1.02,0.12,1.95,1.59,1951.00
[16:25:50.176],-1.00,0.00,-0.00,0.00,0.01,0.06,1.07,0.37,1.04,1.59,1951.00
[16:25:50.202],-1.00,0.00,-0.00,0.00,0.01,0.06,1.07,0.37,1.04,1.59,1984.00
[16:25:50.223],-1.00,0.00,-0.00,0.00,0.02,0.08,1.06,0.85,0.61,1.46,1984.00
[16:25:50.249],-1.00,0.00,-0.00,0.00,0.01,0.05,1.03,0.79,0.92,1.53,1927.00
[16:25:50.275],-1.00,0.00,-0.00,0.00,0.02,0.09,1.07,1.10,0.55,1.83,1927.00
[16:25:50.301],-1.00,0.00,-0.00,0.00,0.01,0.07,1.03,1.22,0.49,1.34,1880.00
[16:25:50.326],-1.00,0.00,-0.00,0.00,0.01,0.08,1.06,0.67,0.55,1.59,1880.00
[16:25:50.352],-1.00,0.00,-0.00,0.00,0.01,0.01,1.02,0.43,1.16,1.46,1880.00
[16:25:50.378],-1.00,0.00,-0.00,0.00,0.01,0.07,1.05,1.04,0.49,1.65,1880.00
[16:25:50.404],-1.00,0.00,-0.00,0.00,0.01,0.07,1.05,1.04,0.49,1.65,1897.00
[16:25:50.430],-1.00,0.00,-0.00,0.00,0.01,0.01,1.03,0.37,0.79,1.40,1897.00
[16:25:50.456],-1.00,-0.58,-0.00,0.00,0.01,-0.01,1.05,0.92,0.49,1.28,1828.00
[16:25:50.477],-1.00,-0.59,-0.00,0.00,-0.00,0.00,1.03,0.61,0.98,1.34,1828.00
[16:25:50.502],-1.00,-0.59,-0.00,0.00,0.02,0.01,1.04,1.04,0.67,2.01,1819.00
[16:25:50.528],-1.00,-0.59,-0.00,0.00,0.00,0.02,1.05,0.67,0.49,1.95,1819.00
[16:25:50.554],-1.00,-0.59,-0.00,0.00,-0.01,0.02,1.05,0.98,0.61,0.85,1867.00
[16:25:50.580],-1.00,-0.59,-0.00,0.00,-0.01,0.02,1.05,0.98,0.61,0.85,1867.00
[16:25:50.601],-1.00,-0.59,-0.00,0.00,0.00,-0.02,1.04,0.61,0.92,0.67,1931.00
[16:25:50.627],-1.00,-0.52,-0.00,0.00,0.00,-0.02,1.04,0.67,0.79,0.61,1931.00
[16:25:50.653],-1.00,-0.53,-0.00,0.00,0.02,-0.02,1.04,0.61,0.79,0.85,1858.00
[16:25:50.679],-1.00,-0.53,-0.00,0.00,0.02,-0.02,1.05,0.85,0.61,0.98,1858.00
[16:25:50.705],-1.00,-0.53,-0.00,0.00,0.02,-0.02,1.04,0.73,0.85,1.22,1782.00
[16:25:50.731],-1.00,-0.53,-0.00,0.00,0.02,-0.01,1.04,0.61,0.79,1.65,1782.00
[16:25:50.757],-1.00,-0.53,-0.00,0.00,0.01,-0.01,1.04,0.85,0.67,1.71,1782.00
[16:25:50.782],-1.00,-0.53,-0.00,0.00,0.01,-0.01,1.04,0.85,0.67,1.71,1782.00
[16:25:50.803],-1.00,-0.53,-0.00,0.00,0.01,-0.00,1.04,0.73,0.73,1.77,1926.00
[16:25:50.829],-1.00,-0.53,-0.00,0.00,0.01,0.00,1.04,0.79,0.73,1.65,1926.00
[16:25:50.855],-1.00,-0.53,-0.00,0.00,0.01,0.00,1.04,0.73,0.67,1.77,1887.00
[16:25:50.880],-1.00,-0.53,-0.00,0.00,0.01,0.00,1.04,0.73,0.67,1.53,1887.00
[16:25:50.906],-1.00,-0.53,-0.00,0.00,0.01,0.00,1.04,0.73,0.67,1.40,1866.00
[16:25:50.932],-1.00,-0.53,-0.00,0.00,0.01,-0.00,1.04,0.79,0.85,1.34,1866.00
[16:25:50.953],-1.00,-0.47,-0.00,0.00,0.01,-0.00,1.04,0.79,0.85,1.34,1834.00
[16:25:50.980],-1.00,-0.27,-0.00,0.00,0.01,-0.00,1.04,0.73,0.73,1.34,1834.00
[16:25:51.006],-1.00,0.00,-0.00,0.00,0.00,-0.01,1.04,0.67,0.73,1.46,1931.00
[16:25:51.031],-0.52,0.00,-0.00,0.00,0.03,-0.01,1.03,0.49,0.31,0.92,1931.00
[16:25:51.057],0.00,0.00,-0.00,0.00,-0.01,-0.00,1.04,0.73,1.10,0.98,1882.00
[16:25:51.079],0.00,0.00,-0.00,0.00,0.00,0.00,1.07,0.79,1.34,1.71,1882.00
[16:25:51.105],0.00,0.00,-0.00,0.00,-0.00,-0.01,1.04,0.73,1.10,1.22,1843.00
[16:25:51.130],0.00,0.00,-0.00,0.00,0.01,0.00,1.04,0.92,0.73,1.40,1843.00
[16:25:51.157],0.00,0.00,-0.00,0.00,0.01,0.00,1.04,0.92,0.73,1.40,1926.00
[16:25:51.183],0.00,0.00,-0.00,0.00,0.01,-0.00,1.04,0.79,0.85,1.40,1926.00
[16:25:51.209],0.00,0.00,-0.00,0.00,0.01,0.00,1.04,0.85,0.67,1.46,1921.00
[16:25:51.235],-0.95,0.00,-0.00,0.00,0.01,-0.00,1.04,0.79,0.73,1.53,1921.00
[16:25:51.255],-1.00,0.00,-0.00,0.00,0.01,-0.00,1.04,0.85,0.79,1.40,1887.00
[16:25:51.281],-1.00,0.00,-0.00,0.00,0.01,-0.00,1.04,0.85,1.04,1.53,1887.00
[16:25:51.307],-1.00,0.00,-0.00,0.00,0.01,0.11,1.00,1.22,1.28,2.20,1911.00
[16:25:51.333],-1.00,0.00,-0.00,0.00,0.01,0.11,1.00,1.22,1.28,2.20,1911.00
[16:25:51.359],-1.00,0.00,-0.00,0.00,0.04,0.04,1.06,-0.85,0.24,0.92,1911.00
[16:25:51.385],-1.00,0.00,-0.00,0.00,-0.01,0.11,1.03,1.16,1.46,1.59,1905.00
[16:25:51.405],-1.00,0.00,-0.00,0.00,0.01,0.10,1.02,0.73,0.55,1.46,1905.00
[16:25:51.432],-1.00,0.00,-0.00,0.00,0.01,0.05,1.02,0.00,0.49,1.34,2018.00
[16:25:51.457],-1.00,0.00,-0.00,0.00,0.01,0.06,1.03,0.24,-0.55,1.22,2018.00
[16:25:51.484],-1.00,0.00,-0.00,0.00,0.01,0.05,1.06,0.67,0.00,1.34,1821.00
[16:25:51.510],-1.00,0.00,-0.00,0.00,0.01,0.06,1.05,0.43,-0.24,1.34,1821.00
[16:25:51.536],-1.00,0.00,-0.00,0.00,0.01,0.06,1.05,0.43,-0.24,1.34,2014.00
[16:25:51.562],-1.00,-0.22,-0.00,0.00,-0.00,0.08,1.03,0.55,1.34,1.40,2014.00
[16:25:51.583],-1.00,-0.30,-0.00,0.00,0.04,0.06,1.03,-0.24,0.00,0.98,1961.00
[16:25:51.609],-1.00,-0.47,-0.00,0.00,0.01,0.06,1.04,0.49,-0.12,1.04,1961.00
[16:25:51.635],-1.00,-0.55,-0.00,0.00,-0.00,0.04,1.04,0.43,0.79,-0.55,1913.00
[16:25:51.661],-1.00,-0.63,-0.00,0.00,-0.08,0.05,1.04,1.65,1.71,-4.39,1913.00
[16:25:51.687],-1.00,-0.70,-0.00,0.00,-0.10,0.05,1.04,0.49,1.04,-9.40,1955.00
[16:25:51.707],-1.00,-0.72,-0.00,0.00,-0.10,0.05,1.04,0.49,1.04,-9.40,1955.00
[16:25:51.734],-1.00,-0.73,-0.00,0.00,-0.09,0.04,0.99,-0.18,2.38,-15.01,1910.00
[16:25:51.760],-1.00,-0.73,-0.00,0.00,-0.04,0.07,1.06,1.77,-1.40,-18.80,1910.00
[16:25:51.786],-1.00,-0.73,-0.00,0.00,0.02,0.06,1.03,0.55,-0.73,-20.63,1901.00
[16:25:51.807],-1.00,-0.73,-0.00,0.00,0.02,0.03,1.08,0.00,3.17,-21.79,1901.00
[16:25:51.833],-1.00,-0.73,-0.00,0.00,0.00,0.06,1.01,1.34,3.23,-23.19,1988.00
[16:25:51.859],-1.00,-0.73,-0.00,0.00,0.00,0.05,1.03,1.46,2.93,-24.35,1988.00
[16:25:51.885],-1.00,-0.73,-0.00,0.00,0.01,0.04,1.04,1.28,-0.49,-26.06,1825.00
[16:25:51.910],-1.00,-0.73,-0.00,0.00,0.01,0.04,1.04,1.28,-0.49,-26.06,1825.00
[16:25:51.936],-1.00,-0.73,-0.00,0.00,0.03,0.05,1.04,1.28,0.49,-25.94,1825.00
[16:25:51.962],-1.00,-0.73,-0.00,0.00,0.02,0.03,1.00,0.49,0.73,-26.37,1825.00
[16:25:51.988],-1.00,-0.73,-0.00,0.00,0.05,0.05,1.05,0.12,-0.61,-26.86,1744.00
[16:25:52.009],-1.00,-0.73,-0.00,0.00,0.03,0.02,1.06,1.53,2.81,-27.65,1744.00
[16:25:52.035],-1.00,-0.73,-0.00,0.00,0.01,0.04,0.99,0.18,0.24,-28.75,1744.00
[16:25:52.061],-1.00,-0.73,-0.00,0.00,0.05,0.03,1.11,-1.46,1.89,-29.30,1744.00
[16:25:52.092],-1.00,-0.73,-0.00,0.00,0.03,0.02,1.04,-1.34,0.67,-28.81,1709.00
[16:25:52.112],-1.00,-0.73,-0.00,0.00,0.03,0.02,1.04,-1.34,0.67,-28.81,1709.00
[16:25:52.138],-1.00,-0.73,-0.00,0.00,0.05,0.03,1.00,0.55,4.94,-28.93,1709.00
[16:25:52.164],-1.00,-0.73,-0.00,0.00,0.08,-0.02,1.07,1.22,4.46,-30.15,1709.00
[16:25:52.190],-1.00,-0.73,-0.00,0.00,-0.02,0.04,1.06,0.06,1.34,-28.08,1656.00
[16:25:52.216],-1.00,-0.73,-0.00,0.00,0.05,-0.02,1.08,0.37,-2.93,-29.42,1656.00
[16:25:52.237],-1.00,-0.73,-0.00,0.00,0.03,0.02,1.03,0.31,1.65,-30.15,1662.00
[16:25:52.263],-1.00,-0.73,-0.00,0.00,0.05,0.06,1.05,0.31,0.98,-32.17,1662.00
[16:25:52.289],-1.00,-0.73,-0.00,0.00,0.05,0.06,1.05,0.31,0.98,-32.17,1662.00
[16:25:52.315],-1.00,-0.73,-0.00,0.00,0.06,0.03,1.16,-1.10,6.23,-32.10,1662.00
[16:25:52.341],-1.00,-0.73,-0.00,0.00,0.02,0.01,0.94,-1.95,1.59,-32.23,1647.00
[16:25:52.367],-1.00,-0.73,-0.00,0.00,0.02,0.05,1.00,0.31,3.48,-33.57,1647.00
[16:25:52.387],-1.00,-0.73,-0.00,0.00,0.08,-0.00,1.09,-1.04,-1.16,-34.67,1647.00
[16:25:52.413],-1.00,-0.73,-0.00,0.00,0.02,0.01,1.01,2.08,1.59,-30.46,1647.00
[16:25:52.439],-1.00,-0.73,-0.00,0.00,-0.01,0.04,1.01,-2.87,-0.55,-32.35,1679.00
[16:25:52.465],-1.00,-0.73,-0.00,0.00,0.05,0.05,1.10,1.65,3.60,-35.28,1679.00
[16:25:52.491],-1.00,-0.73,-0.00,0.00,0.05,0.05,1.10,1.65,3.60,-35.28,1679.00
[16:25:52.517],-1.00,-0.73,-0.00,0.00,0.02,0.04,1.00,2.14,0.61,-34.97,1679.00
[16:25:52.543],-1.00,-0.73,-0.00,0.00,0.07,0.03,1.06,-0.18,3.11,-34.73,1726.00
[16:25:52.569],-1.00,-0.73,-0.00,0.00,0.03,0.05,1.03,0.18,5.49,-35.22,1726.00
[16:25:52.589],-1.00,-0.73,-0.00,0.00,0.06,-0.00,1.08,-1.22,3.30,-34.97,1806.00
[16:25:52.615],-1.00,-0.73,-0.00,0.00,0.03,-0.02,1.04,-1.71,-1.53,-33.20,1806.00
[16:25:52.641],-1.00,-0.73,-0.00,0.00,0.00,-0.01,1.03,-0.67,-1.40,-35.22,1957.00
[16:25:52.667],-1.00,-0.73,-0.00,0.00,0.00,-0.01,1.03,-0.67,-1.40,-35.22,1957.00
[16:25:52.693],-1.00,-0.73,-0.00,0.00,0.04,0.03,0.98,0.43,1.46,-34.55,1957.00
[16:25:52.719],-1.00,-0.73,-0.00,0.00,0.11,0.03,1.15,-2.32,-2.50,-36.99,2108.00
[16:25:52.740],-1.00,-0.73,-0.00,0.00,0.04,0.04,0.94,-3.48,4.76,-35.22,2108.00
[16:25:52.765],-1.00,-0.73,-0.00,0.00,0.03,0.02,0.94,-0.06,2.56,-35.64,2108.00
[16:25:52.791],-1.00,-0.73,-0.00,0.00,0.01,0.02,1.14,2.75,0.98,-37.60,2108.00
[16:25:52.817],-1.00,-0.73,-0.00,0.00,0.11,0.02,1.00,0.67,-1.22,-37.60,2456.00
[16:25:52.843],-1.00,-0.73,-0.00,0.00,-0.00,0.04,1.11,-1.65,3.17,-36.56,2456.00
[16:25:52.869],-1.00,-0.73,-0.00,0.00,-0.00,0.04,1.11,-1.65,3.17,-36.56,2656.00
[16:25:52.895],-1.00,-0.73,-0.00,0.00,0.04,-0.00,0.99,1.77,4.09,-37.35,2656.00
[16:25:52.916],-1.00,-0.73,-0.00,0.00,-0.00,0.07,1.09,1.89,4.94,-36.99,2741.00
[16:25:52.942],-1.00,-0.67,-0.00,0.00,0.05,0.02,1.04,-1.77,2.14,-38.94,2741.00
[16:25:52.968],-0.57,-0.44,-0.00,0.00,0.03,0.01,0.99,1.71,4.76,-37.90,2830.00
[16:25:52.994],-0.06,0.00,-0.00,0.00,0.05,0.02,1.02,0.24,3.60,-37.54,2830.00
[16:25:53.019],0.00,0.00,-0.00,0.00,0.13,0.01,1.07,1.16,-1.89,-36.62,2852.00
[16:25:53.045],0.00,0.00,-0.00,0.00,0.22,-0.05,1.06,-1.16,-0.06,-27.59,2852.00
[16:25:53.071],0.17,0.00,-0.00,0.00,0.22,-0.05,1.06,-1.16,-0.06,-27.59,2707.00
[16:25:53.097],0.54,0.00,-0.00,0.00,0.17,-0.12,1.00,-0.85,-1.71,-18.25,2707.00
[16:25:53.123],0.72,0.00,-0.00,0.00,0.23,-0.14,1.11,-0.79,3.97,-7.14,2796.00
[16:25:53.144],0.84,0.00,-0.00,0.00,-0.04,-0.12,0.96,3.66,4.52,-0.37,2796.00
[16:25:53.170],0.86,0.00,-0.00,0.00,0.10,-0.35,1.09,4.94,-0.06,-0.92,2893.00
[16:25:53.196],0.93,0.00,-0.00,0.00,0.02,-0.39,1.02,0.49,0.98,0.43,2893.00
[16:25:53.222],1.00,0.00,-0.00,0.00,0.02,-0.39,1.02,0.55,0.43,1.34,3003.00
[16:25:53.248],1.00,0.00,-0.00,0.00,0.02,-0.38,1.03,0.73,0.61,1.40,3003.00
[16:25:53.274],1.00,0.00,-0.00,0.00,0.02,-0.38,1.03,0.73,0.61,1.40,3055.00
[16:25:53.300],1.00,0.00,-0.00,0.00,0.02,-0.24,1.06,1.10,0.06,1.16,3055.00
[16:25:53.326],1.00,0.00,-0.00,0.00,0.01,-0.25,1.08,0.73,-0.55,1.34,2965.00
[16:25:53.347],1.00,0.00,-0.00,0.00,0.00,-0.21,1.04,1.34,-0.24,1.46,2965.00
[16:25:53.373],1.00,0.00,-0.00,0.00,0.04,-0.25,1.06,0.18,-0.18,1.10,2605.00
[16:25:53.399],1.00,0.00,-0.00,0.00,0.02,-0.22,1.06,1.40,-0.18,1.16,2605.00
[16:25:53.425],1.00,0.00,-0.00,0.00,0.04,-0.15,1.07,1.59,2.99,1.28,3067.00
[16:25:53.451],1.00,0.00,-0.00,0.00,0.01,-0.13,1.11,2.69,4.39,2.32,3067.00
[16:25:53.477],1.00,0.00,-0.00,0.00,0.01,-0.13,1.11,2.69,4.39,2.32,3643.00
[16:25:53.503],1.00,0.00,-0.00,0.00,0.00,-0.11,0.95,-0.61,1.46,2.26,3643.00
[16:25:53.529],1.00,0.00,-0.00,0.00,-0.02,-0.08,1.05,1.04,-0.73,2.08,2956.00
[16:25:53.555],1.00,0.00,-0.00,0.00,0.04,-0.12,1.03,0.37,1.34,1.95,2956.00
[16:25:53.575],1.00,0.00,-0.00,0.00,-0.01,-0.14,0.95,-0.73,-0.24,1.59,3133.00
[16:25:53.602],1.00,0.00,-0.00,0.00,0.04,-0.08,1.08,0.49,-1.10,1.65,3133.00
[16:25:53.628],1.00,0.00,-0.00,0.00,0.01,-0.07,1.01,0.98,-5.55,1.46,2837.00
[16:25:53.654],1.00,0.33,-0.00,0.00,0.05,-0.09,1.06,2.20,3.48,1.16,2837.00
[16:25:53.680],1.00,0.61,-0.00,0.00,0.05,-0.09,1.06,2.20,3.48,1.16,2872.00
[16:25:53.706],1.00,0.69,-0.00,0.00,-0.03,-0.10,1.06,-1.77,2.81,3.36,2872.00
[16:25:53.732],1.00,0.75,-0.00,0.00,-0.20,-0.12,1.12,3.72,1.71,-5.13,2891.00
[16:25:53.758],1.00,0.78,-0.00,0.00,-0.10,-0.10,1.02,-0.79,-0.79,-13.73,2891.00
[16:25:53.779],1.00,0.80,-0.00,0.00,-0.34,-0.07,0.96,6.84,3.85,-22.09,2826.00
[16:25:53.804],1.00,0.82,-0.00,0.00,-0.17,-0.08,1.11,-7.45,1.71,-38.76,2826.00
[16:25:53.831],1.00,0.92,-0.00,0.00,-0.17,-0.01,0.86,7.87,3.30,-47.06,2836.00
[16:25:53.858],1.00,0.92,-0.00,0.00,-0.18,-0.06,1.18,-4.46,5.74,-49.50,2836.00
[16:25:53.883],1.00,0.93,-0.00,0.00,-0.18,-0.06,1.18,-4.46,5.74,-49.50,3091.00
[16:25:53.910],1.00,0.93,-0.00,0.00,-0.15,0.02,1.10,4.52,-0.43,-54.20,3091.00
[16:25:53.931],1.00,0.93,-0.00,0.00,-0.14,-0.02,0.90,-3.17,1.46,-58.78,2679.00
[16:25:53.957],1.00,0.93,-0.00,0.00,-0.14,-0.03,1.07,-0.24,-0.79,-56.09,2679.00
[16:25:53.983],1.00,0.79,-0.00,0.00,-0.12,-0.06,1.01,2.38,4.03,-60.36,2448.00
[16:25:54.009],1.00,0.48,-0.00,0.00,-0.21,-0.00,0.93,0.67,3.54,-61.40,2448.00
[16:25:54.035],1.00,0.26,-0.00,0.00,-0.09,0.04,1.16,6.59,3.05,-63.54,2190.00
[16:25:54.061],1.00,0.25,-0.00,0.00,-0.09,0.04,1.16,6.59,3.05,-63.54,2190.00
[16:25:54.081],1.00,0.00,-0.00,0.00,0.16,-0.07,0.76,-4.88,6.96,-58.72,2194.00
[16:25:54.107],1.00,0.00,-0.00,0.00,0.06,-0.11,1.18,0.06,0.61,-41.26,2194.00
[16:25:54.133],1.00,0.00,-0.00,0.00,0.20,-0.11,1.07,2.32,-3.91,-30.27,2431.00
[16:25:54.159],1.00,0.00,-0.00,0.00,0.27,-0.07,0.93,-4.94,1.16,-13.24,2431.00
[16:25:54.185],1.00,0.00,-0.00,0.00,0.24,-0.09,1.07,2.08,1.65,1.46,2755.00
[16:25:54.211],1.00,0.00,-0.00,0.00,-0.01,-0.10,1.00,-0.12,1.28,4.70,2755.00
[16:25:54.237],1.00,0.00,-0.00,0.00,0.00,-0.07,1.09,0.06,2.69,5.25,2275.00
[16:25:54.262],1.00,0.00,-0.00,0.00,0.00,-0.07,1.09,0.06,2.69,5.25,2275.00
[16:25:54.283],1.00,0.00,-0.00,0.00,0.02,0.03,1.26,0.55,0.31,5.31,2594.00
[16:25:54.309],1.00,0.00,-0.00,0.00,-0.02,-0.08,0.73,-4.33,10.68,5.19,2594.00
[16:25:54.335],1.00,-0.23,-0.00,0.00,-0.04,-0.01,1.21,7.51,-7.14,2.38,2255.00
[16:25:54.362],1.00,-0.47,-0.00,0.00,0.05,-0.04,1.03,-3.11,0.79,2.01,2255.00
[16:25:54.388],1.00,-0.59,-0.00,0.00,0.12,-0.03,0.97,-2.01,-3.78,2.93,2571.00
[16:25:54.408],1.00,-0.73,-0.00,0.00,0.35,-0.08,0.91,2.32,-1.71,15.14,2571.00
[16:25:54.434],1.00,-0.84,-0.00,0.00,0.35,-0.08,0.91,2.32,-1.71,15.14,2263.00
[16:25:54.460],1.00,-0.92,-0.00,0.00,0.27,0.01,0.92,0.67,-3.48,36.32,2263.00
[16:25:54.486],1.00,-0.95,-0.00,0.00,0.22,-0.01,1.02,7.45,7.57,46.69,2028.00
[16:25:54.512],1.00,-0.95,-0.00,0.00,0.20,-0.05,0.70,-6.35,-1.83,58.53,2028.00
[16:25:54.537],1.00,-0.95,-0.00,0.00,0.37,0.03,1.60,10.50,0.55,69.40,2028.00
[16:25:54.558],1.00,-0.95,-0.00,0.00,0.14,0.08,0.76,0.12,-3.54,78.00,1800.00
[16:25:54.584],1.00,-0.96,-0.00,0.00,0.27,-0.01,1.00,1.16,-6.29,79.71,1800.00
[16:25:54.615],1.00,-0.96,-0.00,0.00,0.27,-0.00,1.26,5.68,7.08,83.68,2060.00
[16:25:54.636],1.00,-0.96,-0.00,0.00,0.27,-0.00,1.26,5.68,7.08,83.68,2060.00
[16:25:54.662],1.00,-0.96,-0.00,0.00,0.09,0.08,1.04,5.55,0.00,91.74,1885.00
[16:25:54.688],1.00,-0.96,-0.00,0.00,0.24,0.02,0.85,-3.66,-9.40,87.22,1885.00
[16:25:54.713],1.00,-0.96,-0.00,0.00,0.28,0.06,1.16,9.16,9.52,87.28,1981.00
[16:25:54.739],1.00,-0.96,-0.00,0.00,0.18,0.08,0.92,-0.37,-6.96,93.38,1981.00
[16:25:54.760],1.00,-0.96,-0.00,0.00,0.21,0.04,0.94,-0.24,-5.86,93.63,2164.00
[16:25:54.786],1.00,-0.96,-0.00,0.00,0.34,0.10,1.23,3.85,2.62,97.84,2164.00
[16:25:54.812],1.00,-0.96,-0.00,0.00,0.34,0.10,1.23,3.85,2.62,97.84,2574.00
[16:25:54.838],1.00,-0.96,-0.00,0.00,0.31,0.04,1.18,-5.80,-5.86,96.98,2574.00
[16:25:54.863],1.00,-0.96,-0.00,0.00,0.09,0.02,0.70,13.24,-2.99,95.70,2275.00
[16:25:54.889],1.00,-0.96,-0.00,0.00,0.34,0.08,1.30,-0.92,-1.22,99.06,2275.00
[16:25:54.910],1.00,-0.96,-0.00,0.00,0.16,0.02,1.13,3.30,-2.08,91.19,2017.00
[16:25:54.936],1.00,-0.96,-0.00,0.00,0.35,0.08,1.44,8.24,-8.48,94.60,2017.00
[16:25:54.962],1.00,0.60,-0.00,0.00,0.17,0.05,0.65,0.43,-1.77,96.25,2017.00
[16:25:54.988],1.00,0.78,-0.00,0.00,0.18,-0.00,1.06,-4.94,9.58,93.38,2017.00
[16:25:55.014],1.00,0.87,-0.00,0.00,0.18,-0.00,1.06,-4.94,9.58,93.38,1724.00
[16:25:55.039],1.00,0.93,-0.00,0.00,0.44,-0.00,1.03,17.09,-6.77,93.87,1724.00
[16:25:55.065],1.00,0.94,-0.00,0.00,0.30,-0.01,1.11,-5.13,-5.68,100.59,1724.00
[16:25:55.091],1.00,0.94,-0.00,0.00,-0.26,0.04,1.02,7.08,8.12,77.58,1724.00
[16:25:55.112],1.00,0.94,-0.00,0.00,-0.29,-0.06,1.02,-2.99,-1.16,53.53,1390.00
[16:25:55.138],1.00,0.94,-0.00,0.00,-0.34,-0.02,1.09,-3.11,-1.65,25.21,1390.00
[16:25:55.164],1.00,0.94,-0.00,0.00,-0.31,-0.05,0.75,-1.53,4.94,6.47,1105.00
[16:25:55.195],1.00,0.94,-0.00,0.00,-0.36,-0.02,1.24,8.48,3.66,-16.17,1105.00
[16:25:55.216],1.00,0.94,-0.00,0.00,-0.36,-0.02,1.24,8.48,3.66,-16.17,1105.00
[16:25:55.242],1.00,0.94,-0.00,0.00,-0.21,-0.02,1.00,-6.53,-3.60,-31.37,1105.00
[16:25:55.268],0.00,0.94,-0.00,0.00,-0.34,0.01,1.19,-0.12,11.66,-46.57,1008.00
[16:25:55.294],0.00,0.94,-0.00,0.00,-0.42,0.03,1.40,5.55,-7.51,-57.50,1008.00
[16:25:55.319],0.00,0.94,-0.00,0.00,-0.25,0.11,0.71,-5.37,9.28,-69.46,1008.00
[16:25:55.341],0.00,0.94,-0.00,0.00,-0.24,0.18,1.25,-1.53,5.43,-71.78,1008.00
[16:25:55.367],0.00,0.94,-0.00,0.00,-0.29,0.25,1.17,10.62,-6.71,-73.61,982.00
[16:25:55.393],0.00,0.94,-0.00,0.00,-0.29,0.25,1.17,10.62,-6.71,-73.61,982.00
[16:25:55.419],0.00,0.94,-0.00,0.00,-0.07,0.18,0.81,-5.43,14.59,-75.01,982.00
[16:25:55.445],0.00,0.94,-0.00,0.00,-0.30,0.17,1.21,-1.77,-0.67,-73.30,982.00
[16:25:55.465],0.00,0.94,-0.00,0.00,-0.25,0.16,1.06,4.76,-1.28,-80.81,1001.00
[16:25:55.491],0.00,0.94,-0.00,0.00,-0.06,0.21,0.82,-0.61,4.21,-79.04,1001.00
[16:25:55.517],0.00,0.94,-0.00,0.00,-0.16,0.23,1.24,-9.58,7.81,-77.82,1054.00
[16:25:55.543],0.00,0.94,-0.00,0.00,-0.31,0.19,0.93,11.05,10.25,-78.61,1054.00
[16:25:55.569],0.00,0.94,-0.00,0.00,0.00,0.12,0.87,1.40,-8.06,-74.52,1054.00
[16:25:55.595],0.00,0.94,-0.00,0.00,0.00,0.12,0.87,1.40,-8.06,-74.52,1054.00
[16:25:55.621],0.00,0.94,-0.00,0.00,-0.08,0.17,1.20,0.61,13.24,-73.49,1258.00
[16:25:55.646],0.00,0.94,-0.00,0.00,-0.17,0.16,1.06,-1.89,-0.92,-68.24,1258.00
[16:25:55.667],0.24,0.94,-0.00,0.00,-0.13,0.15,1.00,-0.85,3.36,-69.46,1258.00
[16:25:55.693],0.84,0.94,-0.00,0.00,0.01,0.18,1.15,6.04,-0.73,-63.90,1258.00
[16:25:55.719],1.00,0.94,-0.00,0.00,-0.12,0.09,0.93,-7.08,8.06,-60.79,2110.00
[16:25:55.745],1.00,0.94,-0.00,0.00,-0.16,-0.09,1.16,2.50,4.82,-66.47,2110.00
[16:25:55.770],1.00,0.94,-0.00,0.00,-0.19,-0.02,1.00,-1.16,-1.34,-65.43,2040.00
[16:25:55.796],1.00,0.94,-0.00,0.00,-0.19,-0.02,1.00,-1.16,-1.34,-65.43,2040.00
[16:25:55.822],1.00,0.94,-0.00,0.00,-0.11,-0.06,0.95,-0.85,7.02,-63.72,2229.00
[16:25:55.848],1.00,0.94,-0.00,0.00,-0.09,-0.01,1.10,5.80,0.00,-66.71,2229.00
[16:25:55.874],1.00,0.94,-0.00,0.00,-0.18,-0.02,0.93,-4.58,4.52,-71.96,1679.00
[16:25:55.900],1.00,0.94,-0.00,0.00,-0.12,0.05,1.08,-2.87,3.48,-74.10,1679.00
[16:25:55.920],1.00,0.94,-0.00,0.00,-0.12,0.00,1.06,0.61,-0.31,-68.18,1305.00
[16:25:55.947],1.00,0.94,-0.00,0.00,-0.12,-0.03,0.97,-3.66,1.04,-70.62,1305.00
[16:25:55.973],1.00,0.94,-0.00,0.00,-0.12,-0.03,0.97,-3.66,1.04,-70.62,1186.00
[16:25:55.999],1.00,0.94,-0.00,0.00,-0.19,-0.01,1.04,5.00,7.63,-74.34,1186.00
[16:25:56.025],1.00,0.94,-0.00,0.00,-0.04,0.00,1.04,-2.75,-2.20,-76.35,1186.00
[16:25:56.045],1.00,0.94,-0.00,0.00,-0.13,0.06,1.12,-4.64,9.22,-73.06,1241.00
[16:25:56.071],1.00,0.76,-0.00,0.00,-0.22,-0.04,0.89,2.93,-1.77,-74.65,1241.00
[16:25:56.097],1.00,0.28,-0.00,0.00,-0.09,-0.00,1.14,-5.92,6.47,-80.69,878.00
[16:25:56.123],1.00,0.16,-0.00,0.00,-0.04,0.01,1.27,0.37,-1.46,-79.35,878.00
[16:25:56.149],1.00,0.00,-0.00,0.00,0.04,-0.12,0.85,-8.54,0.55,-75.07,1004.00
[16:25:56.175],1.00,0.00,-0.00,0.00,0.04,-0.12,0.85,-8.54,0.55,-75.07,1004.00
[16:25:56.201],1.00,0.00,-0.00,0.00,0.20,0.01,1.33,10.19,-7.08,-58.59,1722.00
[16:25:56.222],1.00,0.00,-0.00,0.00,0.28,-0.10,0.98,0.43,13.79,-37.72,1722.00
[16:25:56.248],1.00,0.00,-0.00,0.00,0.27,-0.08,0.96,-8.85,-2.62,-13.00,2616.00
[16:25:56.274],1.00,-0.31,-0.00,0.00,0.16,-0.10,0.97,9.40,-1.40,1.04,2616.00
[16:25:56.301],1.00,-0.55,-0.00,0.00,0.11,-0.06,1.10,-1.16,-2.20,4.58,2151.00
[16:25:56.327],1.00,-0.80,-0.00,0.00,0.24,-0.06,0.88,1.89,1.65,15.01,2151.00
[16:25:56.347],1.00,-0.89,-0.00,0.00,0.24,-0.06,0.88,1.89,1.65,15.01,2484.00
[16:25:56.373],1.00,-0.99,-0.00,0.00,0.29,-0.07,1.06,6.96,-6.29,31.80,2484.00
[16:25:56.399],1.00,-0.99,-0.00,0.00,0.54,-0.02,1.12,0.61,-8.24,49.38,2539.00
[16:25:56.425],1.00,-0.99,-0.00,0.00,0.24,0.06,0.88,-0.37,8.48,64.58,2539.00
[16:25:56.451],1.00,-0.99,-0.00,0.00,0.40,-0.02,1.13,-1.10,-6.35,68.91,1950.00
[16:25:56.477],1.00,-0.99,-0.00,0.00,0.34,0.04,1.40,6.41,3.11,81.30,1950.00
[16:25:56.498],1.00,-0.99,-0.00,0.00,0.19,0.02,0.88,0.00,-2.87,84.96,1155.00
[16:25:56.529],1.00,-0.87,-0.00,0.00,0.29,0.01,1.10,3.85,-2.08,86.79,1155.00
[16:25:56.550],1.00,-0.65,-0.00,0.00,0.29,0.01,1.10,3.85,-2.08,86.79,933.00
[16:25:56.576],1.00,0.00,-0.00,0.00,0.23,0.05,0.73,4.70,2.50,97.53,933.00
[16:25:56.602],1.00,0.00,-0.00,0.00,0.21,0.11,1.11,-1.59,-6.35,101.20,705.00
[16:25:56.628],1.00,0.00,-0.00,0.00,0.23,0.04,0.78,8.24,-3.30,93.38,705.00
[16:25:56.649],1.00,0.00,-0.00,0.00,-0.06,-0.08,1.09,-2.62,0.06,95.64,468.00
[16:25:56.675],1.00,0.00,-0.00,0.00,-0.19,0.12,1.05,9.64,-2.32,69.52,468.00
[16:25:56.701],1.00,0.00,-0.00,0.00,-0.22,-0.09,1.13,-5.92,6.10,39.49,741.00
[16:25:56.727],1.00,0.00,-0.00,0.00,-0.22,-0.09,1.13,-5.92,6.10,39.49,741.00
[16:25:56.753],1.00,0.00,-0.00,0.00,-0.21,-0.02,1.04,5.74,-1.04,17.88,516.00
[16:25:56.779],1.00,0.00,-0.00,0.00,-0.03,-0.09,1.12,-4.09,-2.50,0.24,516.00
[16:25:56.799],1.00,0.00,-0.00,0.00,0.08,-0.01,1.32,7.93,0.18,-1.53,424.00
[16:25:56.825],1.00,0.00,-0.00,0.00,-0.03,-0.08,0.93,-0.73,0.24,2.93,424.00
[16:25:56.851],1.00,0.00,-0.00,0.00,0.06,-0.11,0.84,0.37,1.71,0.67,655.00
[16:25:56.877],1.00,0.00,-0.00,0.00,0.06,-0.01,1.35,-3.48,3.42,2.01,655.00
[16:25:56.903],1.00,0.00,-0.00,0.00,-0.09,-0.08,1.00,7.02,1.71,1.71,593.00
[16:25:56.929],1.00,0.00,-0.00,0.00,-0.09,-0.08,1.00,7.02,1.71,1.71,593.00
[16:25:56.955],1.00,0.00,-0.00,0.00,-0.06,-0.07,0.69,-2.69,11.11,0.18,439.00
[16:25:56.976],1.00,0.00,-0.00,0.00,0.06,-0.08,1.23,-1.83,-0.43,-1.89,439.00
[16:25:57.002],1.00,0.00,-0.00,0.00,-0.05,-0.05,1.02,-0.79,-6.04,0.67,265.00
[16:25:57.028],-1.00,0.00,-0.00,0.00,0.08,-0.13,0.97,2.32,-0.79,-0.67,265.00
[16:25:57.054],-1.00,0.00,-0.00,0.00,0.01,-0.09,1.03,-3.60,3.97,0.43,414.00
[16:25:57.080],-1.00,0.00,-0.00,0.00,0.02,0.03,1.04,3.17,2.56,0.67,414.00
[16:25:57.106],-1.00,0.00,-0.00,0.00,0.02,0.03,1.04,3.17,2.56,0.67,384.00
[16:25:57.126],-1.00,0.00,-0.00,0.00,0.00,0.19,1.13,9.40,0.12,0.18,384.00
[16:25:57.152],-1.00,0.00,-0.00,0.00,0.08,0.28,1.34,-4.88,1.59,-0.43,385.00
[16:25:57.178],-1.00,0.00,-0.00,0.00,0.01,0.05,0.80,2.50,-1.77,1.10,385.00
[16:25:57.204],-1.00,0.00,-0.00,0.00,0.02,0.22,1.31,1.34,3.78,2.87,4136.00
[16:25:57.230],-1.00,0.00,-0.00,0.00,0.03,0.06,1.01,4.76,0.85,0.85,4136.00
[16:25:57.255],-1.00,0.00,-0.00,0.00,0.08,0.14,0.93,0.12,4.70,1.22,4136.00
[16:25:57.281],-1.00,0.00,-0.00,0.00,0.07,0.14,0.97,6.16,-4.52,0.55,3759.00
[16:25:57.307],-1.00,0.00,-0.00,0.00,0.07,0.14,0.97,6.16,-4.52,0.55,3759.00
[16:25:57.333],-1.00,0.00,-0.00,0.00,0.04,0.11,1.00,-6.59,2.14,1.77,4646.00
[16:25:57.354],-1.00,0.00,-0.00,0.00,0.03,0.16,1.08,1.04,-5.25,0.98,4646.00
[16:25:57.380],-1.00,0.00,-0.00,0.00,0.03,0.10,0.99,5.37,0.73,1.77,4312.00
[16:25:57.405],-1.00,0.00,-0.00,0.00,0.07,0.09,1.05,-6.47,0.43,0.31,4312.00
[16:25:57.431],-1.00,0.00,-0.00,0.00,0.04,0.08,1.07,6.41,0.43,0.49,4383.00
[16:25:57.457],-1.00,0.00,-0.00,0.00,0.04,0.11,1.06,-5.43,-0.43,1.40,4383.00
[16:25:57.483],-1.00,0.00,-0.00,0.00,-0.05,0.13,0.87,6.53,5.13,1.53,4322.00
[16:25:57.509],-1.00,0.00,-0.00,0.00,-0.05,0.13,0.87,6.53,5.13,1.53,4322.00
[16:25:57.535],-1.00,0.00,-0.00,0.00,0.04,0.11,1.25,-7.45,-1.16,2.01,4475.00
[16:25:57.556],-1.00,0.00,-0.00,0.00,0.00,0.11,1.12,4.94,0.73,0.79,4475.00
[16:25:57.582],-1.00,0.00,-0.00,0.00,0.01,0.08,0.89,-5.55,-2.56,1.10,4265.00
[16:25:57.608],-1.00,0.00,-0.00,0.00,0.07,0.07,1.09,6.04,2.75,0.85,4265.00
[16:25:57.634],-1.00,0.00,-0.00,0.00,-0.01,0.16,1.07,2.44,0.61,2.20,4327.00
[16:25:57.660],-1.00,0.00,-0.00,0.00,0.01,0.11,0.81,-2.99,0.73,0.92,4327.00
[16:25:57.685],-1.00,0.00,-0.00,0.00,0.01,0.11,0.81,-2.99,0.73,0.92,4307.00
[16:25:57.706],-1.00,0.00,-0.00,0.00,0.03,0.14,1.02,3.42,1.40,0.12,4307.00
[16:25:57.732],-1.00,0.00,-0.00,0.00,0.02,0.10,1.15,-2.75,-1.53,0.73,4434.00
[16:25:57.758],-1.00,0.00,-0.00,0.00,0.03,0.09,0.97,3.85,2.32,1.83,4434.00
[16:25:57.784],-1.00,0.00,-0.00,0.00,0.01,0.08,0.91,2.14,4.33,1.40,4518.00
[16:25:57.809],-1.00,0.00,-0.00,0.00,0.04,0.07,1.31,0.92,-1.71,1.65,4518.00
[16:25:57.835],-1.00,0.00,-0.00,0.00,0.03,0.08,0.90,0.12,1.40,1.59,4423.00
[16:25:57.861],-1.00,0.00,-0.00,0.00,0.02,0.08,1.04,2.69,0.49,0.98,4423.00
[16:25:57.887],-1.00,0.00,-0.00,0.00,0.02,0.08,1.04,2.69,0.49,0.98,4407.00
[16:25:57.908],-1.00,0.00,-0.00,0.00,0.03,0.11,1.03,-0.31,-0.24,0.98,4407.00
[16:25:57.934],-1.00,0.00,-0.00,0.00,0.02,0.09,1.05,0.06,-2.14,1.71,4389.00
[16:25:57.960],-1.00,0.00,-0.00,0.00,0.04,0.12,1.02,3.05,1.16,1.34,4389.00
[16:25:57.985],-1.00,0.00,-0.00,0.00,0.01,0.09,1.05,1.59,0.67,1.28,4287.00
[16:25:58.011],-1.00,0.00,-0.00,0.00,0.02,0.12,1.08,1.83,-0.18,1.65,4287.00
[16:25:58.037],-1.00,0.00,-0.00,0.00,0.04,0.07,1.02,1.83,1.46,1.40,4276.00
[16:25:58.063],-1.00,0.00,-0.00,0.00,0.02,0.10,1.05,-0.12,2.14,0.79,4276.00
[16:25:58.089],-1.00,0.00,-0.00,0.00,0.02,0.10,1.05,-0.12,2.14,0.79,4267.00
[16:25:58.115],-1.00,0.00,-0.00,0.00,0.01,0.09,1.01,0.61,-0.24,0.73,4267.00
[16:25:58.141],-1.00,0.00,-0.00,0.00,0.02,0.08,1.05,1.46,0.43,1.40,4244.00
[16:25:58.161],-1.00,0.00,-0.00,0.00,0.03,0.07,0.99,0.67,0.79,1.04,4244.00
[16:25:58.187],-1.00,0.00,-0.00,0.00,0.01,0.10,1.03,0.67,2.01,1.53,4240.00
[16:25:58.213],-1.00,0.00,-0.00,0.00,0.01,0.08,1.02,-0.24,1.46,1.59,4240.00
[16:25:58.239],-1.00,0.00,-0.00,0.00,0.01,0.08,1.04,0.00,-0.06,1.59,4351.00
[16:25:58.265],-1.00,0.00,-0.00,0.00,0.01,0.08,1.04,0.00,-0.06,1.59,4351.00
[16:25:58.291],-1.00,0.00,-0.00,0.00,0.00,0.13,1.05,3.23,0.18,1.28,4243.00
[16:25:58.311],-1.00,0.00,-0.00,0.00,0.03,0.08,1.02,1.46,0.67,1.40,4243.00
[16:25:58.337],-1.00,0.00,-0.00,0.00,0.02,0.13,1.07,0.98,0.55,0.98,4293.00
[16:25:58.363],-1.00,0.00,-0.00,0.00,0.02,0.06,1.01,1.04,1.16,1.71,4293.00
[16:25:58.389],-1.00,0.00,-0.00,0.00,0.02,0.08,1.04,0.24,0.85,1.65,4303.00
[16:25:58.415],-1.00,0.00,-0.00,0.00,0.03,0.09,1.06,0.85,0.92,1.34,4303.00
[16:25:58.441],-1.00,0.00,-0.00,0.00,0.03,0.09,1.06,0.92,0.67,1.34,4184.00
[16:25:58.467],-1.00,0.00,-0.00,0.00,0.03,0.09,1.06,0.92,0.67,1.34,4184.00
[16:25:58.492],-1.00,0.00,-0.00,0.00,0.00,0.02,1.03,0.73,0.85,1.04,4341.00
[16:25:58.518],-1.00,0.00,-0.00,0.00,0.01,0.01,1.03,0.85,0.55,1.53,4341.00
[16:25:58.539],-1.00,0.00,-0.00,0.00,0.01,0.01,1.04,0.49,0.79,1.53,4319.00
[16:25:58.565],-1.00,0.00,-0.00,0.00,0.02,0.00,1.05,0.92,0.67,1.46,4319.00
[16:25:58.591],-1.00,0.00,-0.00,0.00,0.02,0.00,1.04,0.73,0.73,1.46,4254.00
[16:25:58.617],-1.00,0.00,-0.00,0.00,0.02,-0.00,1.04,0.79,0.85,1.65,4254.00
[16:25:58.643],-1.00,0.00,-0.00,0.00,0.02,0.00,1.04,0.55,0.79,1.59,4253.00
[16:25:58.669],-1.00,0.00,-0.00,0.00,0.02,0.00,1.04,0.55,0.79,1.59,4253.00
[16:25:58.695],-1.00,0.00,-0.00,0.00,0.02,-0.00,1.04,0.79,0.73,1.53,4284.00
[16:25:58.721],-1.00,0.00,-0.00,0.00,0.02,-0.01,1.04,0.61,0.67,1.46,4284.00
[16:25:58.747],-1.00,0.00,-0.00,0.00,0.02,-0.00,1.04,0.73,0.67,1.53,4380.00
[16:25:58.768],-1.00,0.00,-0.00,0.00,0.02,-0.01,1.04,0.67,0.67,1.53,4380.00
[16:25:58.794],-1.00,0.00,-0.00,0.00,0.02,-0.01,1.04,0.73,0.67,1.46,4314.00
[16:25:58.820],-1.00,0.00,-0.00,0.00,0.02,-0.00,1.04,0.85,0.67,1.34,4314.00
[16:25:58.845],-1.00,0.00,-0.00,0.00,0.02,-0.00,1.04,0.67,0.67,1.40,4275.00
[16:25:58.872],-1.00,0.00,-0.00,0.00,0.02,-0.00,1.04,0.67,0.67,1.40,4275.00
[16:25:58.897],-1.00,0.00,-0.00,0.00,0.02,-0.00,1.04,0.85,0.79,1.53,4375.00
[16:25:58.923],-1.00,0.00,-0.00,0.00,0.02,-0.00,1.04,0.73,0.67,1.40,4375.00
[16:25:58.949],-1.00,0.00,-0.00,0.00,0.02,-0.00,1.04,0.79,0.73,1.34,4311.00
[16:25:58.970],-1.00,0.00,-0.00,0.00,0.02,0.00,1.04,0.79,0.73,1.40,4311.00
[16:25:58.996],-1.00,0.00,-0.00,0.00,0.02,0.00,1.04,0.85,0.67,1.46,4166.00
[16:25:59.022],-1.00,0.00,-0.00,0.00,0.02,0.00,1.04,0.73,0.67,1.34,4166.00
[16:25:59.053],-0.21,0.00,-0.00,0.00,0.02,-0.00,1.04,0.79,0.79,1.53,4299.00
[16:25:59.079],0.00,0.00,-0.00,0.00,0.02,0.00,1.04,0.85,0.79,1.46,4299.00
[16:25:59.105],0.00,0.00,-0.00,0.00,0.02,0.00,1.04,0.85,0.79,1.46,4289.00
[16:25:59.131],0.00,0.00,-0.00,0.00,0.02,0.00,1.04,0.79,0.73,1.53,4289.00
[16:25:59.157],0.00,0.00,-0.00,0.00,0.02,0.00,1.04,0.85,0.73,1.40,4188.00
[16:25:59.177],0.00,0.00,-0.00,0.00,0.02,0.00,1.04,0.79,0.79,1.40,4188.00
[16:25:59.203],0.00,0.00,-0.00,0.00,0.02,0.00,1.04,0.79,0.73,1.40,4188.00
[16:25:59.229],-0.35,0.00,-0.00,0.00,0.02,0.00,1.04,0.85,0.79,1.46,4191.00
[16:25:59.255],-1.00,0.00,-0.00,0.00,0.02,0.00,1.04,0.73,0.79,1.40,4191.00
[16:25:59.281],-1.00,0.00,-0.00,0.00,0.02,0.01,1.03,0.92,0.79,1.46,4327.00
[16:25:59.307],-1.00,0.00,-0.00,0.00,0.02,0.01,1.03,0.92,0.79,1.46,4267.00
[16:25:59.333],-1.00,0.00,-0.00,0.00,-0.00,0.00,1.05,0.85,0.67,1.40,4267.00
[16:25:59.359],-1.00,0.00,-0.00,0.00,0.02,0.03,1.07,-0.55,0.31,1.22,4267.00
[16:25:59.380],-1.00,0.00,-0.00,0.00,0.02,0.19,1.05,1.95,2.75,1.95,4195.00
[16:25:59.406],-1.00,0.00,-0.00,0.00,0.02,0.06,0.98,-1.04,-0.06,0.85,4195.00
[16:25:59.432],-1.00,0.00,-0.00,0.00,0.01,0.14,1.08,-0.85,1.10,2.08,4282.00
[16:25:59.458],-1.00,0.00,-0.00,0.00,0.01,0.04,1.08,0.55,1.77,1.40,4282.00
[16:25:59.483],-1.00,0.00,-0.00,0.00,0.00,0.06,1.02,2.08,0.12,1.65,4252.00
[16:25:59.509],-1.00,0.00,-0.00,0.00,0.00,0.06,1.02,2.08,0.12,1.65,4252.00
[16:25:59.535],-1.00,0.00,-0.00,0.00,0.02,0.08,1.04,1.04,0.24,1.16,4201.00
[16:25:59.561],-1.00,0.00,-0.00,0.00,0.01,0.07,0.98,0.61,0.49,1.16,4201.00
[16:25:59.586],-1.00,0.00,-0.00,0.00,0.02,0.03,1.06,0.18,0.55,1.16,4288.00
[16:25:59.612],-1.00,0.00,-0.00,0.00,-0.01,0.04,1.05,0.79,1.22,1.34,4288.00
[16:25:59.638],-1.00,0.00,-0.00,0.00,0.01,0.07,1.04,0.43,1.28,1.53,4355.00
[16:25:59.658],-1.00,0.00,-0.00,0.00,0.01,0.04,1.02,1.04,1.83,1.89,4355.00
[16:25:59.689],-1.00,0.00,-0.00,0.00,0.03,0.07,1.05,0.61,-0.43,1.59,4287.00
[16:25:59.716],-1.00,0.00,-0.00,0.00,0.03,0.07,1.05,0.61,-0.43,1.59,4287.00
[16:25:59.736],-1.00,0.00,-0.00,0.00,0.04,0.04,1.07,0.67,-1.22,1.59,4253.00
[16:25:59.762],-1.00,0.00,-0.00,0.00,0.03,0.05,1.02,0.12,1.22,1.95,4253.00
[16:25:59.788],-1.00,0.00,-0.00,0.00,0.01,0.05,1.06,0.31,1.28,1.40,4380.00
[16:25:59.814],-1.00,0.00,-0.00,0.00,0.02,0.01,1.03,-0.73,-0.18,1.77,4380.00
[16:25:59.840],-1.00,0.00,-0.00,0.00,0.01,0.06,1.00,0.06,1.40,1.71,4339.00
[16:25:59.866],-1.00,0.00,-0.00,0.00,0.04,0.03,1.06,-0.06,1.65,1.95,4339.00
[16:25:59.887],-1.00,0.00,-0.00,0.00,0.04,0.03,1.06,-0.06,1.65,1.95,4342.00
[16:25:59.912],-1.00,0.00,-0.00,0.00,0.01,0.05,1.08,1.53,2.20,2.14,4342.00
[16:25:59.938],-1.00,0.00,-0.00,0.00,0.00,0.04,0.99,0.85,0.49,1.10,4404.00
[16:25:59.964],-1.00,0.00,-0.00,0.00,0.01,0.05,1.06,0.92,1.28,1.53,4404.00
[16:25:59.990],-1.00,0.00,-0.00,0.00,0.00,0.05,1.01,0.18,2.62,1.71,4298.00
[16:26:00.016],-1.00,0.00,-0.00,0.00,-0.02,0.01,1.07,1.40,-0.92,1.40,4298.00
[16:26:00.037],-1.00,0.00,-0.00,0.00,-0.00,0.01,1.10,-0.49,2.32,1.59,4429.00
[16:26:00.068],-1.00,0.00,-0.00,0.00,-0.02,-0.02,0.98,-1.71,0.43,1.53,4429.00
[16:26:00.089],-1.00,0.00,-0.00,0.00,-0.02,-0.02,0.98,-1.71,0.43,1.53,4441.00
[16:26:00.115],-1.00,0.00,-0.00,0.00,0.05,0.03,1.07,-0.55,-2.14,1.22,4441.00
[16:26:00.140],-1.00,0.00,-0.00,0.00,0.05,0.05,1.05,2.32,-0.37,1.46,4408.00
[16:26:00.166],-1.00,0.00,-0.00,0.00,0.03,0.01,1.03,0.12,2.08,1.89,4408.00
[16:26:00.192],-1.00,0.00,-0.00,0.00,0.00,0.03,1.11,1.04,0.18,0.73,4426.00
[16:26:00.218],-1.00,0.00,-0.00,0.00,0.04,0.06,0.99,0.37,-0.24,1.28,4426.00
[16:26:00.239],-1.00,0.00,-0.00,0.00,0.03,-0.02,1.03,-0.79,3.17,1.40,4376.00
[16:26:00.265],-1.00,0.00,-0.00,0.00,0.03,-0.02,1.03,-0.79,3.17,1.40,4376.00
[16:26:00.291],-1.00,0.00,-0.00,0.00,-0.00,0.05,1.02,2.50,0.24,1.89,4309.00
[16:26:00.317],-1.00,0.00,-0.00,0.00,0.01,0.05,1.27,6.41,-2.14,1.71,4309.00
[16:26:00.343],-1.00,0.00,-0.00,0.00,0.01,-0.01,0.89,-2.69,0.79,1.65,4292.00
[16:26:00.364],-1.00,0.00,-0.00,0.00,0.01,0.03,0.96,-0.43,0.85,2.14,4292.00
[16:26:00.390],-1.00,0.00,-0.00,0.00,0.09,0.01,1.19,3.11,3.23,2.14,4328.00
[16:26:00.416],-1.00,0.00,-0.00,0.00,-0.01,0.05,0.92,2.75,0.49,1.16,4328.00
[16:26:00.442],-1.00,0.00,-0.00,0.00,0.02,0.01,1.08,0.85,-0.06,1.16,4536.00
[16:26:00.468],-1.00,0.00,-0.00,0.00,0.02,0.01,1.08,0.85,-0.06,1.16,4536.00
[16:26:00.494],-1.00,0.00,-0.00,0.00,-0.01,0.04,1.04,3.17,0.43,1.83,4462.00
[16:26:00.519],-1.00,0.00,-0.00,0.00,0.04,0.03,1.09,0.37,4.27,2.08,4462.00
[16:26:00.540],-1.00,0.00,-0.00,0.00,0.02,-0.01,1.10,-0.24,-2.75,0.85,4405.00
[16:26:00.566],-1.00,0.00,-0.00,0.00,0.00,-0.00,0.86,0.79,-1.77,0.79,4405.00
[16:26:00.592],-1.00,0.00,-0.00,0.00,0.05,0.02,1.06,1.22,3.05,1.65,4485.00
[16:26:00.618],-1.00,0.00,-0.00,0.00,0.02,-0.01,1.19,1.59,-0.92,0.37,4485.00
[16:26:00.644],-1.00,0.00,-0.00,0.00,0.05,0.00,0.95,0.43,0.12,1.22,4562.00
[16:26:00.670],-1.00,0.00,-0.00,0.00,0.05,0.00,0.95,0.43,0.12,1.22,4562.00
[16:26:00.696],-1.00,0.00,-0.00,0.00,0.04,0.02,1.04,1.46,0.49,1.71,4528.00
[16:26:00.722],-1.00,0.00,-0.00,0.00,0.04,0.02,1.15,1.77,-0.61,2.14,4528.00
[16:26:00.748],-1.00,0.00,-0.00,0.00,0.02,0.02,1.01,0.12,1.04,1.89,4341.00
[16:26:00.768],-1.00,0.00,-0.00,0.00,-0.00,0.02,0.98,0.43,2.01,2.20,4341.00
[16:26:00.794],-1.00,0.00,-0.00,0.00,0.00,0.05,1.12,2.87,2.93,1.95,4284.00
[16:26:00.820],-1.00,0.00,-0.00,0.00,0.02,-0.00,0.94,-2.38,1.46,0.98,4284.00
[16:26:00.846],-1.00,0.00,-0.00,0.00,0.02,-0.00,0.94,-2.38,1.46,0.98,4372.00
[16:26:00.872],-1.00,0.00,-0.00,0.00,0.02,-0.02,1.08,4.58,0.12,1.59,4372.00
[16:26:00.898],-1.00,0.00,-0.00,0.00,0.02,0.04,1.10,1.40,4.46,1.95,4389.00
[16:26:00.919],-1.00,0.00,-0.00,0.00,-0.02,0.04,0.94,-0.06,-3.23,0.98,4389.00
[16:26:00.944],-1.00,0.00,-0.00,0.00,0.03,0.07,0.93,2.20,-0.85,0.61,4389.00
[16:26:00.970],-1.00,0.00,-0.00,0.00,-0.02,0.04,1.10,0.24,2.56,0.79,4283.00
[16:26:00.996],-1.00,0.00,-0.00,0.00,0.02,0.04,1.04,-0.31,-0.92,0.55,4283.00
[16:26:01.022],-1.00,0.00,-0.00,0.00,-0.01,0.02,0.85,0.31,3.42,1.83,4245.00
[16:26:01.048],-1.00,0.00,-0.00,0.00,-0.01,0.02,0.85,0.31,3.42,1.83,4245.00
[16:26:01.074],-1.00,0.00,-0.00,0.00,0.01,-0.02,1.26,0.43,-1.59,1.77,510.00
[16:26:01.100],-1.00,0.00,-0.00,0.00,0.00,0.01,0.91,-0.31,1.34,1.65,510.00
[16:26:01.120],-1.00,0.00,-0.00,0.00,0.01,0.02,0.87,-0.31,1.53,2.44,806.00
[16:26:01.146],-1.00,0.00,-0.00,0.00,0.03,-0.03,1.21,2.14,1.16,1.34,806.00
[16:26:01.172],-1.00,0.00,-0.00,0.00,0.04,0.03,0.88,1.46,-0.61,1.10,499.00
[16:26:01.198],-1.00,0.00,-0.00,0.00,0.01,-0.00,1.09,1.83,0.18,2.14,499.00
[16:26:01.224],-1.00,0.00,-0.00,0.00,0.01,-0.00,1.09,1.83,0.18,2.14,721.00
[16:26:01.245],-1.00,0.00,-0.00,0.00,-0.01,-0.00,1.15,-2.01,3.66,1.59,721.00
[16:26:01.271],-1.00,0.00,-0.00,0.00,0.02,-0.02,1.17,1.10,-2.75,0.43,379.00
[16:26:01.297],-1.00,0.00,-0.00,0.00,0.03,0.05,1.05,0.73,3.36,1.28,379.00
[16:26:01.323],-1.00,0.00,-0.00,0.00,0.04,-0.01,1.15,-0.43,-0.55,0.43,506.00
[16:26:01.349],-1.00,0.00,-0.00,0.00,0.00,0.02,0.86,1.10,2.87,1.22,506.00
[16:26:01.375],-1.00,0.00,-0.00,0.00,0.03,-0.01,1.12,2.62,-3.54,1.77,761.00
[16:26:01.396],-1.00,0.00,-0.00,0.00,0.03,-0.01,1.12,2.62,-3.54,1.77,761.00
[16:26:01.422],-1.00,0.00,-0.00,0.00,0.01,0.00,1.06,0.49,2.14,1.77,389.00
[16:26:01.449],-1.00,0.00,-0.00,0.00,0.01,0.01,0.81,1.10,0.67,2.44,389.00
[16:26:01.475],-1.00,0.00,-0.00,0.00,-0.01,0.01,1.24,4.27,2.93,1.46,551.00
[16:26:01.495],-1.00,0.00,-0.00,0.00,0.02,0.05,1.00,0.98,1.28,1.40,551.00
[16:26:01.521],-1.00,0.00,-0.00,0.00,0.03,0.01,1.05,3.78,0.31,1.34,433.00
[16:26:01.547],-1.00,0.00,-0.00,0.00,-0.04,0.01,1.03,-2.32,-0.12,1.04,433.00
[16:26:01.573],-1.00,0.00,-0.00,0.00,0.04,0.02,0.84,3.30,-3.48,0.43,509.00
[16:26:01.599],-1.00,0.00,-0.00,0.00,0.04,0.02,0.84,3.30,-3.48,0.43,509.00
[16:26:01.625],-1.00,0.00,-0.00,0.00,0.01,0.01,1.11,0.92,4.94,1.22,409.00
[16:26:01.651],-1.00,0.00,-0.00,0.00,0.03,-0.01,1.16,-1.77,-0.67,0.73,409.00
[16:26:01.672],-1.00,0.00,-0.00,0.00,-0.01,0.04,0.81,-0.31,2.75,1.59,685.00
[16:26:01.698],-1.00,0.00,-0.00,0.00,0.01,-0.05,1.42,6.71,1.46,1.83,685.00
[16:26:01.724],-1.00,0.00,-0.00,0.00,-0.01,0.00,0.87,-1.71,-1.22,1.40,529.00
[16:26:01.749],-1.00,0.00,-0.00,0.00,0.03,0.02,1.02,3.23,4.76,2.20,529.00
[16:26:01.775],-1.00,0.00,-0.00,0.00,0.03,0.02,1.02,3.23,4.76,2.20,401.00
[16:26:01.801],-1.00,0.00,-0.00,0.00,0.04,0.03,1.11,1.59,-0.18,0.98,401.00
[16:26:01.825],-1.00,0.00,-0.00,0.00,0.04,0.04,0.78,-0.73,-0.24,1.28,392.00
[16:26:01.851],-1.00,0.00,-0.00,0.00,-0.01,0.03,1.34,-2.93,5.31,1.77,392.00
[16:26:01.877],-1.00,0.00,-0.00,0.00,-0.03,0.01,0.86,-0.37,-5.07,0.31,575.00
[16:26:01.897],-1.00,0.00,-0.00,0.00,0.02,0.02,0.97,1.59,4.52,1.40,575.00
[16:26:01.923],-1.00,0.00,-0.00,0.00,-0.01,-0.01,1.28,-0.67,0.24,0.43,621.00
[16:26:01.954],-1.00,0.00,-0.00,0.00,-0.01,0.01,0.79,1.34,2.50,1.46,621.00
[16:26:01.975],-1.00,0.00,-0.00,0.00,-0.01,0.01,0.79,1.34,2.50,1.46,767.00
[16:26:02.001],-1.00,0.00,-0.00,0.00,0.05,-0.02,1.33,0.79,-0.49,1.59,767.00
[16:26:02.026],-1.00,0.00,-0.00,0.00,0.04,-0.00,1.13,1.22,0.55,1.46,553.00
[16:26:02.052],-1.00,0.00,-0.00,0.00,0.14,0.05,1.09,4.46,8.79,3.30,553.00
[16:26:02.078],-1.00,0.00,-0.00,0.00,0.01,-0.01,0.98,-2.50,1.40,1.16,553.00
[16:26:02.099],-1.00,0.00,-0.00,0.00,0.02,-0.03,0.87,0.37,-1.16,0.85,547.00
[16:26:02.125],-1.00,0.00,-0.00,0.00,-0.02,-0.00,1.48,-0.61,4.82,1.16,547.00
[16:26:02.156],-1.00,0.00,-0.00,0.00,-0.02,-0.01,0.86,0.55,-5.37,-0.18,645.00
[16:26:02.182],-1.00,0.00,-0.00,0.00,-0.02,-0.01,0.86,0.55,-5.37,-0.18,620.00
[16:26:02.203],-1.00,0.00,-0.00,0.00,0.02,0.04,0.99,3.72,5.13,1.40,620.00
[16:26:02.228],-1.00,0.00,-0.00,0.00,-0.02,0.01,1.27,-0.12,0.49,0.55,620.00
[16:26:02.254],-1.00,0.00,-0.00,0.00,-0.01,0.04,0.78,1.83,2.69,1.28,661.00
[16:26:02.280],-1.00,0.00,-0.00,0.00,0.03,-0.02,1.21,0.00,0.79,2.14,661.00
[16:26:02.306],-1.00,0.00,-0.00,0.00,0.05,-0.05,1.10,-0.24,-0.61,1.16,840.00
[16:26:02.328],-1.00,0.00,-0.00,0.00,-0.02,0.01,0.93,5.92,4.09,2.56,840.00
[16:26:02.354],-1.00,0.00,-0.00,0.00,-0.02,0.01,0.93,5.92,4.09,2.56,595.00
[16:26:02.380],-1.00,0.00,-0.00,0.00,-0.01,0.00,1.12,-0.31,0.79,0.92,595.00
[16:26:02.406],-1.00,0.00,-0.00,0.00,0.02,0.03,1.01,3.72,-0.67,1.40,923.00
[16:26:02.432],-1.00,0.00,-0.00,0.00,-0.06,-0.01,1.11,-4.94,1.65,0.92,923.00
[16:26:02.453],-1.00,0.00,-0.00,0.00,0.02,-0.06,0.73,-0.67,-6.16,-0.06,747.00
[16:26:02.479],-1.00,0.00,-0.00,0.00,0.00,0.03,1.13,2.20,5.07,1.28,747.00
[16:26:02.505],-1.00,0.00,-0.00,0.00,0.03,0.03,1.08,-2.69,-0.18,0.55,980.00
[16:26:02.531],-1.00,0.00,-0.00,0.00,-0.01,0.02,0.95,2.38,-2.56,1.28,980.00
[16:26:02.557],-1.00,0.00,-0.00,0.00,-0.01,0.02,0.95,2.38,-2.56,1.28,845.00
[16:26:02.582],-1.00,0.00,-0.00,0.00,0.04,0.00,1.15,-3.66,2.75,1.59,845.00
[16:26:02.608],-1.00,0.00,-0.00,0.00,0.02,0.00,0.83,-0.43,-0.73,1.95,918.00
[16:26:02.629],-1.00,0.00,-0.00,0.00,0.00,0.00,1.26,3.42,2.99,1.34,918.00
[16:26:02.655],-1.00,0.00,-0.00,0.00,-0.03,0.01,0.98,-1.46,1.04,1.71,822.00
[16:26:02.681],-1.00,0.00,-0.00,0.00,-0.00,0.00,1.27,1.83,5.68,2.26,822.00
[16:26:02.706],-1.00,0.00,-0.00,0.00,-0.02,0.02,0.92,-1.71,-5.25,0.18,921.00
[16:26:02.732],-1.00,0.00,-0.00,0.00,0.09,0.03,0.89,2.56,1.10,0.92,921.00
[16:26:02.758],-1.00,0.00,-0.00,0.00,0.09,0.03,0.89,2.56,1.10,0.92,1136.00
[16:26:02.784],-1.00,0.00,-0.00,0.00,0.06,-0.02,1.36,0.73,0.79,0.49,1136.00
[16:26:02.810],-1.00,0.00,-0.00,0.00,0.01,0.01,1.14,1.16,2.38,0.98,1006.00
[16:26:02.836],-1.00,0.00,-0.00,0.00,0.05,-0.01,1.15,1.53,-1.46,1.77,1006.00
[16:26:02.857],-1.00,0.00,-0.00,0.00,0.02,0.02,1.02,-2.01,0.98,1.22,1018.00
[16:26:02.883],-1.00,0.00,-0.00,0.00,-0.02,0.02,1.09,6.90,3.72,2.56,1018.00
[16:26:02.909],-1.00,0.00,-0.00,0.00,0.02,0.02,1.01,2.01,1.04,1.16,1067.00
[16:26:02.935],-1.00,0.00,-0.00,0.00,0.02,0.02,1.01,2.01,1.04,1.16,1067.00
[16:26:02.961],-1.00,0.00,-0.00,0.00,0.05,-0.01,1.02,3.11,0.43,1.28,1169.00
[16:26:02.987],-1.00,0.00,-0.00,0.00,-0.02,-0.01,1.06,-2.32,-1.04,0.85,1169.00
[16:26:03.007],-1.00,0.00,-0.00,0.00,0.03,0.05,0.84,2.08,-3.97,0.06,1138.00
[16:26:03.033],-1.00,0.00,-0.00,0.00,0.01,-0.02,1.26,2.81,2.69,0.37,1138.00
[16:26:03.059],-1.00,0.00,-0.00,0.00,-0.01,0.03,0.90,-1.77,2.26,0.67,1001.00
[16:26:03.085],-1.00,0.00,-0.00,0.00,0.11,0.03,1.00,4.33,-3.30,0.85,1001.00
[16:26:03.111],-1.00,0.00,-0.00,0.00,0.00,0.04,1.07,-3.30,1.46,1.28,1281.00
[16:26:03.136],-1.00,0.00,-0.00,0.00,0.00,0.04,1.07,-3.30,1.46,1.28,1281.00
[16:26:03.162],-1.00,0.00,-0.00,0.00,0.10,0.02,0.92,0.43,2.56,2.44,1124.00
[16:26:03.188],-1.00,0.00,-0.00,0.00,0.01,-0.02,1.29,5.43,2.14,1.22,1124.00
[16:26:03.209],-1.00,0.00,-0.00,0.00,0.03,0.02,0.78,0.43,-2.56,1.22,1122.00
[16:26:03.235],-1.00,0.00,-0.00,0.00,-0.01,-0.02,1.26,-3.17,2.44,1.34,1122.00
[16:26:03.261],-1.00,0.19,-0.00,0.00,0.02,0.02,0.86,2.26,-5.37,-0.12,1195.00
[16:26:03.287],-1.00,0.44,-0.00,0.00,-0.01,0.01,1.02,2.38,5.19,0.85,1195.00
[16:26:03.313],-1.00,0.44,-0.00,0.00,0.17,-0.01,1.17,-3.97,-0.79,3.36,1304.00
[16:26:03.339],-1.00,0.44,-0.00,0.00,0.17,-0.01,1.17,-3.97,-0.79,3.36,1304.00
[16:26:03.365],-1.00,0.67,-0.00,0.00,0.24,-0.02,0.91,4.39,-4.21,17.21,1318.00
[16:26:03.391],-1.00,0.72,-0.00,0.00,0.13,0.01,1.11,-3.05,4.82,30.40,1318.00
[16:26:03.412],-1.00,0.72,-0.00,0.00,0.03,-0.02,0.90,2.93,-0.12,34.79,1472.00
[16:26:03.439],-1.00,0.72,-0.00,0.00,0.19,0.02,1.06,4.21,-1.16,41.93,1472.00
[16:26:03.465],-1.00,0.72,-0.00,0.00,0.01,0.02,0.92,2.75,-0.61,51.64,1555.00
[16:26:03.490],-1.00,0.72,-0.00,0.00,-0.03,0.01,1.29,0.98,1.59,54.44,1555.00
[16:26:03.516],-1.00,0.72,-0.00,0.00,-0.10,0.01,0.74,-1.40,-2.32,49.26,1751.00
[16:26:03.542],-1.00,0.72,-0.00,0.00,-0.10,0.01,0.74,-1.40,-2.32,49.26,1751.00
[16:26:03.568],-1.00,0.72,-0.00,0.00,-0.03,0.00,1.21,1.40,-4.58,50.84,2021.00
[16:26:03.594],-1.00,0.72,-0.00,0.00,-0.08,-0.02,1.02,-1.95,0.12,52.19,2021.00
[16:26:03.615],-1.00,0.72,-0.00,0.00,-0.07,0.05,0.99,3.60,-6.53,51.15,2636.00
[16:26:03.641],-1.00,0.72,-0.00,0.00,-0.04,-0.01,1.07,-3.11,-0.67,53.28,2636.00
[16:26:03.667],-1.00,0.72,-0.00,0.00,-0.09,0.03,1.11,6.04,-0.98,52.80,2304.00
[16:26:03.693],-1.00,0.77,-0.00,0.00,-0.05,-0.01,0.94,-2.87,-0.85,51.64,2304.00
[16:26:03.720],-1.00,0.77,-0.00,0.00,-0.05,-0.01,0.94,-2.87,-0.85,51.64,2142.00
[16:26:03.740],-1.00,0.77,-0.00,0.00,-0.08,0.01,1.22,6.04,-0.98,53.77,2142.00
[16:26:03.766],-1.00,0.77,-0.00,0.00,-0.02,-0.02,1.02,0.00,-9.95,49.87,1918.00
[16:26:03.792],-1.00,0.77,-0.00,0.00,-0.08,0.02,0.80,-0.12,13.12,53.16,1918.00
[16:26:03.818],-1.00,0.77,-0.00,0.00,-0.10,0.02,1.19,-0.49,-2.14,50.29,1918.00
[16:26:03.844],-1.00,0.77,-0.00,0.00,-0.09,-0.02,0.96,7.81,-7.20,51.76,1718.00
[16:26:03.865],-1.00,0.77,-0.00,0.00,-0.04,0.04,1.04,2.08,0.31,51.45,1718.00
[16:26:03.896],-1.00,0.77,-0.00,0.00,-0.05,0.04,0.89,0.43,0.18,51.33,1718.00
[16:26:03.917],-1.00,0.77,-0.00,0.00,-0.05,0.04,0.89,0.43,0.18,51.33,1718.00
[16:26:03.943],-1.00,0.77,-0.00,0.00,-0.04,0.02,1.21,3.17,3.85,53.28,1581.00
[16:26:03.969],-1.00,0.77,-0.00,0.00,-0.09,0.02,0.81,-0.06,1.83,50.35,1581.00
[16:26:03.995],-1.00,0.77,-0.00,0.00,-0.10,-0.02,1.02,1.40,-2.69,51.27,1520.00
[16:26:04.021],-1.00,0.77,-0.00,0.00,0.01,-0.04,1.07,1.53,-3.60,49.87,1520.00
[16:26:04.042],-1.00,0.77,-0.00,0.00,-0.04,0.03,0.94,1.53,1.16,50.17,1520.00
[16:26:04.068],-1.00,0.77,-0.00,0.00,-0.17,0.01,1.10,-5.37,4.64,53.28,1520.00
[16:26:04.099],-1.00,0.77,-0.00,0.00,-0.07,-0.01,0.89,6.71,-4.39,49.93,1464.00
[16:26:04.125],-1.00,0.77,-0.00,0.00,-0.07,-0.01,0.89,6.71,-4.39,49.93,1464.00
[16:26:04.146],-1.00,0.77,-0.00,0.00,-0.10,0.02,1.23,-0.55,-5.68,50.23,1464.00
[16:26:04.172],-1.00,0.78,-0.00,0.00,-0.12,0.00,0.88,2.50,2.87,50.42,1464.00
[16:26:04.198],-1.00,0.77,-0.00,0.00,-0.08,0.06,0.97,3.42,-2.38,50.66,1403.00
[16:26:04.224],-1.00,0.76,-0.00,0.00,-0.09,0.04,1.01,-0.12,3.17,52.98,1403.00
[16:26:04.245],-1.00,0.76,-0.00,0.00,-0.11,0.01,1.14,3.85,-4.27,49.62,1403.00
[16:26:04.271],-1.00,0.77,-0.00,0.00,-0.07,0.01,0.87,-2.93,-0.24,50.17,1403.00
[16:26:04.302],-1.00,0.75,-0.00,0.00,-0.05,-0.02,1.13,5.55,5.13,48.89,1361.00
[16:26:04.323],-1.00,0.75,-0.00,0.00,-0.05,-0.02,1.13,5.55,5.13,48.89,1361.00
[16:26:04.349],-1.00,0.76,-0.00,0.00,-0.13,0.04,1.08,-2.20,-4.03,50.66,1310.00
[16:26:04.375],-1.00,0.75,-0.00,0.00,-0.06,-0.01,1.06,1.40,4.03,52.19,1310.00
[16:26:04.401],-1.00,0.75,-0.00,0.00,-0.07,-0.00,1.10,1.65,-4.27,48.77,1310.00
[16:26:04.427],-1.00,0.76,-0.00,0.00,-0.04,0.04,0.93,3.97,-1.10,50.66,1310.00
[16:26:04.453],-1.00,0.76,-0.00,0.00,-0.02,0.00,1.27,4.09,-1.71,50.11,1280.00
[16:26:04.474],-1.00,0.76,-0.00,0.00,-0.05,0.02,0.88,1.04,1.22,49.99,1280.00
[16:26:04.505],-1.00,0.76,-0.00,0.00,-0.06,0.01,1.22,1.22,-5.62,48.40,1280.00
[16:26:04.526],-1.00,0.76,-0.00,0.00,-0.06,0.01,1.22,1.22,-5.62,48.40,1280.00
[16:26:04.552],-1.00,0.76,-0.00,0.00,-0.06,0.03,0.91,3.66,1.16,49.56,1296.00
[16:26:04.578],-1.00,0.77,-0.00,0.00,-0.07,0.05,0.86,5.07,10.13,49.01,1296.00
[16:26:04.605],-1.00,0.80,-0.00,0.00,-0.13,0.03,1.19,-2.20,-3.05,49.07,1296.00
[16:26:04.630],-1.00,0.83,-0.00,0.00,-0.10,0.01,0.94,2.44,-2.14,49.13,1296.00
[16:26:04.651],-1.00,0.84,-0.00,0.00,-0.00,0.00,1.19,0.79,-3.91,49.38,1366.00
[16:26:04.677],-1.00,0.82,-0.00,0.00,-0.06,-0.01,0.85,2.20,5.31,51.64,1366.00
[16:26:04.709],-0.72,0.57,-0.00,0.00,-0.01,0.03,1.04,5.00,-2.87,50.90,1366.00
[16:26:04.729],-0.72,0.57,-0.00,0.00,-0.01,0.03,1.04,5.00,-2.87,50.90,1366.00
[16:26:04.755],-0.72,0.57,-0.00,0.00,-0.05,0.01,1.07,-1.34,-0.31,53.41,1466.00
[16:26:04.781],-0.72,0.57,-0.00,0.00,-0.23,0.01,1.21,3.66,-0.24,46.57,1466.00
[16:26:04.807],-0.72,0.57,-0.00,0.00,-0.12,-0.00,0.88,-0.67,-7.20,36.07,1754.00
[16:26:04.833],-0.72,0.57,-0.00,0.00,-0.00,0.03,1.18,2.87,4.27,39.73,1754.00
[16:26:04.859],-0.72,0.57,-0.00,0.00,-0.07,-0.03,1.06,-3.54,-0.73,36.93,1794.00
[16:26:04.880],-0.72,0.57,-0.00,0.00,-0.03,0.01,0.89,1.46,2.01,36.13,1794.00
[16:26:04.911],-0.72,0.57,-0.00,0.00,-0.10,-0.01,1.11,3.30,-1.53,35.71,1908.00
[16:26:04.937],-0.72,0.57,-0.00,0.00,-0.10,-0.01,1.11,3.30,-1.53,35.71,1908.00
[16:26:04.958],-0.72,0.57,-0.00,0.00,-0.06,-0.01,0.92,-1.10,-3.11,35.77,2434.00
[16:26:04.984],-0.72,0.57,-0.00,0.00,0.07,0.01,1.25,0.79,-0.24,37.66,2434.00
[16:26:05.010],0.67,-0.56,-0.00,0.00,-0.09,-0.03,1.00,2.69,4.33,37.84,1904.00
[16:26:05.036],0.70,-0.61,-0.00,0.00,-0.03,0.09,0.83,-0.92,5.13,35.46,1904.00
[16:26:05.062],0.71,-0.62,-0.00,0.00,-0.24,-0.14,1.36,4.09,-5.43,32.29,957.00
[16:26:05.082],0.73,-0.65,-0.00,0.00,-0.03,-0.42,0.98,-1.28,-6.29,23.38,957.00
[16:26:05.114],0.78,-0.77,-0.00,0.00,-0.11,-0.26,0.99,4.64,3.54,19.29,1135.00
[16:26:05.140],0.81,-0.85,-0.00,0.00,-0.11,-0.26,0.99,4.64,3.54,19.29,1135.00
[16:26:05.161],0.81,-0.85,-0.00,0.00,-0.09,-0.53,1.14,2.62,2.75,12.15,3563.00
[16:26:05.187],0.86,-0.85,-0.00,0.00,-0.06,-0.43,0.92,0.18,0.98,7.20,3563.00
[16:26:05.213],0.89,-0.85,-0.00,0.00,-0.08,-0.48,1.08,1.04,1.83,4.27,4703.00
[16:26:05.238],0.91,-0.85,-0.00,0.00,-0.03,-0.44,0.99,1.04,0.73,2.08,4703.00
[16:26:05.264],0.91,-0.85,-0.00,0.00,0.07,-0.28,0.97,2.26,-1.16,3.11,4018.00
[16:26:05.285],0.92,-0.85,-0.00,0.00,0.12,-0.17,1.06,0.37,-1.95,10.19,4018.00
[16:26:05.311],1.00,-0.84,-0.00,0.00,0.12,-0.17,1.06,0.37,-1.95,10.19,3023.00
[16:26:05.337],1.00,-0.85,-0.00,0.00,0.09,-0.15,1.01,0.49,0.24,13.06,3023.00
[16:26:05.364],1.00,-0.85,-0.00,0.00,0.08,-0.14,1.06,1.22,0.49,16.91,3920.00
[16:26:05.390],1.00,-0.85,-0.00,0.00,0.05,-0.16,1.03,1.16,2.69,22.22,3920.00
[16:26:05.411],1.00,-0.85,-0.00,0.00,0.10,-0.15,1.06,0.73,2.93,23.68,1109.00
[16:26:05.437],1.00,-0.85,-0.00,0.00,0.03,-0.15,1.01,0.67,1.71,28.32,1109.00
[16:26:05.463],1.00,-0.85,-0.00,0.00,0.10,-0.11,1.02,1.59,-0.67,30.15,3916.00
[16:26:05.488],1.00,-0.83,-0.00,0.00,0.06,-0.11,1.07,2.20,-4.15,33.08,3916.00
[16:26:05.514],1.00,-0.83,-0.00,0.00,0.06,-0.11,1.07,2.20,-4.15,33.08,2254.00
[16:26:05.541],1.00,-0.84,-0.00,0.00,0.10,-0.10,1.12,2.62,-0.85,35.83,2254.00
[16:26:05.567],1.00,-0.79,-0.00,0.00,0.11,-0.15,1.02,-0.31,3.48,39.67,3484.00
[16:26:05.587],1.00,-0.57,-0.00,0.00,0.05,-0.08,1.02,0.55,1.28,41.32,3484.00
[16:26:05.613],1.00,-0.22,-0.00,0.00,0.09,-0.10,1.04,-1.04,-2.81,44.98,1064.00
[16:26:05.639],1.00,0.00,-0.00,0.00,-0.00,-0.03,1.15,9.22,-1.16,43.58,1064.00
[16:26:05.665],1.00,0.00,-0.00,0.00,-0.07,-0.17,0.92,-3.36,1.22,39.00,1064.00
[16:26:05.692],1.00,0.00,-0.00,0.00,-0.14,-0.12,1.07,4.15,4.09,28.87,3545.00
[16:26:05.718],1.00,0.00,-0.00,0.00,-0.14,-0.12,1.07,4.15,4.09,28.87,2169.00
[16:26:05.744],1.00,0.00,-0.00,0.00,-0.17,-0.11,1.07,0.00,-2.56,21.91,2169.00
[16:26:05.770],1.00,0.00,-0.00,0.00,-0.13,-0.14,0.96,4.70,5.86,8.24,2169.00
[16:26:05.790],1.00,0.00,-0.00,0.00,-0.08,-0.09,1.19,-0.67,-6.90,1.40,4205.00
[16:26:05.816],1.00,0.45,-0.00,0.00,0.08,-0.12,0.89,-0.92,2.62,2.20,4205.00
[16:26:05.842],1.00,0.51,-0.00,0.00,-0.01,-0.14,0.98,2.69,10.50,2.56,4205.00
[16:26:05.869],1.00,0.57,-0.00,0.00,-0.20,-0.07,0.98,1.65,-6.23,-3.97,4205.00
[16:26:05.895],1.00,0.63,-0.00,0.00,-0.20,-0.07,0.98,1.65,-6.23,-3.97,1321.00
[16:26:05.916],1.00,0.62,-0.00,0.00,-0.18,-0.08,1.06,0.73,6.41,-16.42,1321.00
[16:26:05.942],1.00,0.54,-0.00,0.00,-0.19,-0.05,1.12,-1.40,-0.61,-29.48,1667.00
[16:26:05.968],1.00,0.42,-0.00,0.00,-0.29,-0.10,0.90,1.53,-0.49,-39.49,1667.00
[16:26:05.994],1.00,0.00,-0.00,0.00,-0.15,-0.07,0.96,-0.98,1.34,-43.15,3542.00
[16:26:06.020],1.00,0.00,-0.00,0.00,0.14,-0.06,1.17,5.31,-0.79,-41.69,3542.00
[16:26:06.042],1.00,0.00,-0.00,0.00,0.22,-0.07,1.10,-0.85,-6.90,-27.47,4001.00
[16:26:06.068],1.00,0.00,-0.00,0.00,0.31,-0.08,0.86,-5.13,3.91,-11.29,4001.00
[16:26:06.094],1.00,0.00,-0.00,0.00,0.31,-0.08,0.86,-5.13,3.91,-11.29,675.00
[16:26:06.120],1.00,-0.19,-0.00,0.00,0.12,-0.10,1.05,1.10,7.32,1.34,675.00
[16:26:06.146],1.00,-0.28,-0.00,0.00,-0.10,-0.16,0.93,5.13,-8.61,1.77,675.00
[16:26:06.172],1.00,-0.52,-0.00,0.00,0.18,-0.08,1.10,-3.60,7.08,1.04,675.00
[16:26:06.192],1.00,-0.73,-0.00,0.00,0.25,-0.07,1.15,0.67,-4.27,12.39,4142.00
[16:26:06.218],1.00,-0.77,-0.00,0.00,0.20,-0.07,0.81,0.61,2.93,25.51,4142.00
[16:26:06.244],1.00,-0.86,-0.00,0.00,0.43,-0.09,1.27,4.64,-5.92,38.88,1359.00
[16:26:06.275],1.00,-0.87,-0.00,0.00,0.26,0.01,0.87,7.63,4.03,54.26,1359.00
[16:26:06.296],1.00,-0.86,-0.00,0.00,0.26,0.01,0.87,7.63,4.03,54.26,1359.00
[16:26:06.322],1.00,-0.72,-0.00,0.00,0.36,0.06,1.13,-8.12,-3.60,69.15,1359.00
[16:26:06.348],1.00,-0.16,-0.00,0.00,0.27,-0.02,0.90,15.14,3.85,69.46,3808.00
[16:26:06.374],1.00,0.00,-0.00,0.00,0.25,0.01,1.05,-3.54,-4.76,87.28,3808.00
[16:26:06.400],1.00,0.00,-0.00,0.00,0.05,0.04,0.86,1.95,0.98,81.30,3826.00
[16:26:06.420],1.00,0.00,-0.00,0.00,-0.11,-0.08,1.05,1.34,0.00,73.00,3826.00
[16:26:06.446],1.00,0.00,-0.00,0.00,-0.22,-0.01,1.04,-2.14,4.46,52.98,369.00
[16:26:06.472],1.00,0.00,-0.00,0.00,-0.22,-0.01,1.04,-2.14,4.46,52.98,369.00
[16:26:06.498],1.00,0.00,-0.00,0.00,-0.25,-0.07,1.00,6.16,-0.43,33.51,3554.00
[16:26:06.525],1.00,0.00,-0.00,0.00,-0.33,-0.08,1.00,-3.97,4.27,10.31,3554.00
[16:26:06.546],1.00,0.00,-0.00,0.00,0.00,-0.04,0.86,5.98,-1.53,-3.17,2753.00
[16:26:06.572],1.00,0.00,-0.00,0.00,-0.02,-0.12,1.02,-4.88,0.73,-0.55,2753.00
[16:26:06.598],1.00,0.00,-0.00,0.00,0.04,-0.06,1.00,-3.48,-9.09,-1.34,1206.00
[16:26:06.624],1.00,0.00,-0.00,0.00,0.04,-0.08,1.12,6.65,4.09,-1.16,1206.00
[16:26:06.650],1.00,0.00,-0.00,0.00,0.04,-0.08,0.97,-2.75,-0.85,-0.79,3746.00
[16:26:06.676],1.00,0.00,-0.00,0.00,0.04,-0.08,0.97,-2.75,-0.85,-0.79,3746.00
[16:26:06.702],1.00,0.00,-0.00,0.00,-0.08,0.00,0.99,3.85,-3.17,-1.46,3377.00
[16:26:06.723],1.00,0.00,-0.00,0.00,-0.02,-0.06,0.88,0.61,5.62,-0.92,3377.00
[16:26:06.748],1.00,0.00,-0.00,0.00,-0.03,-0.05,1.22,-2.56,2.38,0.49,2676.00
[16:26:06.774],1.00,0.00,-0.00,0.00,-0.08,0.02,0.99,1.77,-3.66,-0.37,2676.00
[16:26:06.800],1.00,0.00,-0.00,0.00,0.02,-0.05,1.07,6.53,0.31,-0.06,3777.00
[16:26:06.826],1.00,0.00,-0.00,0.00,0.02,-0.07,1.20,-4.52,-2.20,0.37,3777.00
[16:26:06.852],1.00,0.00,-0.00,0.00,0.02,-0.07,1.20,-4.52,-2.20,0.37,1848.00
[16:26:06.873],1.00,0.00,-0.00,0.00,-0.06,-0.00,1.12,5.55,-0.24,-0.85,1848.00
[16:26:06.899],1.00,0.00,-0.00,0.00,-0.02,-0.09,0.65,3.54,6.59,-0.37,2412.00
[16:26:06.926],1.00,0.00,-0.00,0.00,0.02,-0.03,1.41,-7.02,3.36,-0.18,2412.00
[16:26:06.947],0.98,0.00,-0.00,0.00,-0.05,-0.02,0.99,0.31,-7.69,-1.16,3324.00
[16:26:06.973],0.69,0.00,-0.00,0.00,0.06,-0.08,0.94,2.99,2.01,-0.79,3324.00
[16:26:06.999],0.04,0.00,-0.00,0.00,0.06,-0.11,1.24,2.75,1.22,0.18,2714.00
[16:26:07.025],0.00,0.00,-0.00,0.00,0.01,-0.04,1.09,-2.14,-0.18,-0.98,2714.00
[16:26:07.051],0.00,0.51,-0.00,0.00,0.01,-0.04,1.09,-2.14,-0.18,-0.98,2657.00
[16:26:07.077],0.00,0.74,-0.00,0.00,0.10,0.05,0.96,11.41,-6.65,-1.53,2657.00
[16:26:07.103],0.00,1.00,-0.00,0.00,-0.19,0.22,1.07,-4.52,9.09,-0.43,3797.00
[16:26:07.128],0.00,1.00,-0.00,0.00,-0.30,0.22,0.83,-3.42,-4.82,-6.35,3797.00
[16:26:07.154],0.00,1.00,-0.00,0.00,-0.31,0.14,1.13,3.97,8.42,-24.72,2971.00
[16:26:07.176],0.00,1.00,-0.00,0.00,-0.27,0.09,0.94,3.42,2.08,-41.81,2971.00
[16:26:07.202],0.00,1.00,-0.00,0.00,-0.20,0.16,0.99,-3.17,3.30,-52.55,2971.00
[16:26:07.228],0.00,0.89,-0.00,0.00,-0.20,0.16,0.99,-3.17,3.30,-52.55,2793.00
[16:26:07.254],0.00,0.35,-0.00,0.00,-0.28,0.17,1.12,-1.77,5.55,-61.04,2793.00
[16:26:07.275],0.00,0.00,-0.00,0.00,-0.28,0.15,1.11,2.08,-5.13,-65.86,2916.00
[16:26:07.300],0.00,0.00,-0.00,0.00,-0.17,0.13,1.02,-7.26,4.33,-74.83,2916.00
[16:26:07.326],0.00,0.00,-0.00,0.00,0.06,0.16,1.05,1.46,1.77,-65.98,2959.00
[16:26:07.352],0.00,0.00,-0.00,0.00,0.20,0.07,1.09,-0.49,-5.07,-48.46,2959.00
[16:26:07.378],0.00,0.00,-0.00,0.00,0.26,0.05,0.83,2.26,5.31,-33.75,2959.00
[16:26:07.404],0.00,0.00,-0.00,0.00,0.31,0.13,1.25,0.12,-4.88,-11.96,2959.00
[16:26:07.430],0.00,0.00,-0.00,0.00,0.31,0.13,1.25,0.12,-4.88,-11.96,2721.00
[16:26:07.456],0.00,0.00,-0.00,0.00,0.09,0.09,0.95,-0.55,13.43,2.50,2721.00
[16:26:07.477],0.00,0.00,-0.00,0.00,-0.08,0.09,0.96,2.38,-5.19,2.75,2721.00
[16:26:07.503],0.03,0.00,-0.00,0.00,0.06,0.12,1.28,1.34,2.81,0.55,2721.00
[16:26:07.529],0.32,0.00,-0.00,0.00,-0.01,0.08,0.90,-0.67,0.06,1.77,2166.00
[16:26:07.555],0.59,0.00,-0.00,0.00,0.00,0.06,0.93,-0.73,0.92,2.20,2166.00
[16:26:07.581],0.60,0.00,-0.00,0.00,-0.04,0.01,0.99,0.73,1.77,2.38,2288.00
[16:26:07.607],0.69,0.00,-0.00,0.00,0.09,-0.27,1.11,2.50,-1.65,2.99,2288.00
[16:26:07.633],0.72,0.00,-0.00,0.00,0.09,-0.27,1.11,2.50,-1.65,2.99,2288.00
[16:26:07.654],0.75,0.00,-0.00,0.00,0.02,0.02,0.83,6.77,6.04,2.62,2288.00
[16:26:07.680],0.78,0.00,-0.00,0.00,0.07,-0.07,1.40,-2.87,-5.19,2.44,2063.00
[16:26:07.706],0.80,0.00,-0.00,0.00,0.09,-0.05,0.89,2.75,9.34,2.01,2063.00
[16:26:07.732],0.81,0.00,-0.00,0.00,-0.04,-0.04,1.11,0.18,0.24,3.30,1888.00
[16:26:07.758],0.82,0.00,-0.00,0.00,0.18,-0.06,1.42,4.52,-2.32,1.04,1888.00
[16:26:07.779],0.82,0.00,-0.00,0.00,0.06,-0.06,1.14,-0.85,-2.14,2.08,1888.00
[16:26:07.805],0.82,0.00,-0.00,0.00,0.06,-0.06,1.14,-0.85,-2.14,2.08,1888.00
[16:26:07.831],0.82,0.00,-0.00,0.00,0.07,-0.07,1.07,-2.20,0.49,1.46,1893.00
[16:26:07.857],0.83,0.00,-0.00,0.00,0.05,-0.15,1.08,1.22,1.59,1.71,1893.00
[16:26:07.883],0.83,0.00,-0.00,0.00,0.03,-0.06,1.11,2.44,0.18,1.77,1893.00
[16:26:07.909],0.83,0.00,-0.00,0.00,-0.03,-0.02,1.16,5.07,-1.40,3.11,1893.00
[16:26:07.929],0.84,0.00,-0.00,0.00,-0.03,-0.13,0.68,-4.76,6.90,2.50,1569.00
[16:26:07.956],0.84,0.00,-0.00,0.00,-0.12,-0.06,1.08,2.32,6.16,2.99,1569.00
[16:26:07.982],0.84,0.00,-0.00,0.00,-0.03,-0.04,1.21,9.70,-6.90,1.59,1569.00
[16:26:08.008],0.83,0.00,-0.00,0.00,-0.03,-0.04,1.21,9.70,-6.90,1.59,1569.00
[16:26:08.034],0.82,0.00,-0.00,0.00,0.05,-0.03,0.83,-5.62,1.40,3.36,1354.00
[16:26:08.060],0.68,0.00,-0.00,0.00,0.02,-0.05,1.08,0.43,1.83,1.95,1354.00
[16:26:08.081],0.16,0.00,-0.00,0.00,0.01,-0.11,1.16,4.21,-4.58,1.59,1354.00
[16:26:08.107],0.00,0.00,-0.00,0.00,0.06,-0.02,0.87,0.98,1.46,2.44,1354.00
[16:26:08.133],0.00,0.00,-0.00,0.00,0.01,0.01,1.22,-3.42,0.55,3.72,1246.00
[16:26:08.159],0.00,0.00,-0.00,0.00,-0.00,0.02,1.00,3.23,10.19,3.42,1246.00
[16:26:08.185],0.00,0.00,-0.00,0.00,-0.00,0.02,1.00,3.23,10.19,3.42,1101.00
[16:26:08.206],0.00,0.00,-0.00,0.00,0.03,0.11,1.00,5.25,-11.29,2.50,1101.00
[16:26:08.232],0.00,0.00,-0.00,0.00,0.04,0.15,0.93,-5.37,7.45,1.34,1101.00
[16:26:08.258],0.00,0.00,-0.00,0.00,-0.04,0.15,1.12,2.50,-4.09,2.44,1101.00
[16:26:08.284],0.00,0.00,-0.00,0.00,-0.01,0.10,0.78,-3.36,3.42,3.11,984.00
[16:26:08.310],0.00,0.00,-0.00,0.00,0.04,0.11,1.15,2.44,-2.50,2.81,984.00
[16:26:08.336],0.00,0.00,-0.00,0.00,0.01,0.14,1.03,5.25,6.47,2.69,984.00
[16:26:08.362],0.00,0.00,-0.00,0.00,0.03,0.08,0.95,-6.84,-2.93,2.62,984.00
[16:26:08.383],0.00,0.00,-0.00,0.00,0.03,0.08,0.95,-6.84,-2.93,2.62,885.00
[16:26:08.409],0.00,0.00,-0.00,0.00,0.04,0.12,1.03,1.53,11.66,3.23,885.00
[16:26:08.435],0.00,0.00,-0.00,0.00,-0.08,0.10,1.04,0.85,-3.11,3.85,885.00
[16:26:08.461],0.00,0.00,-0.00,0.00,0.08,0.11,1.17,2.38,-0.67,1.71,885.00
[16:26:08.487],0.00,0.00,-0.00,0.00,-0.03,0.11,0.94,-1.10,3.91,2.14,796.00
[16:26:08.513],0.00,0.00,-0.00,0.00,0.01,0.09,1.02,-3.72,-0.98,1.77,796.00
[16:26:08.539],0.00,0.00,-0.00,0.00,0.01,0.10,1.03,1.46,1.04,2.44,726.00
[16:26:08.565],0.00,0.00,-0.00,0.00,0.01,0.10,1.01,1.34,0.18,1.95,726.00
[16:26:08.591],0.00,0.00,-0.00,0.00,0.01,0.10,1.01,1.34,0.18,1.95,726.00
[16:26:08.612],0.00,0.00,-0.00,0.00,-0.01,0.08,1.01,-0.12,-1.77,2.14,726.00
[16:26:08.638],0.00,0.00,-0.00,0.00,0.02,0.13,1.16,7.81,4.46,2.44,657.00
[16:26:08.664],0.00,0.00,-0.00,0.00,-0.02,0.09,1.02,2.75,3.05,2.50,657.00
[16:26:08.690],0.00,0.00,-0.00,0.00,0.02,0.08,1.10,-3.17,-2.99,1.95,657.00
[16:26:08.716],0.00,0.00,-0.00,0.00,0.00,0.12,1.04,1.46,3.85,2.69,657.00
[16:26:08.736],0.00,0.00,-0.00,0.00,-0.01,0.06,1.04,-0.06,6.23,3.17,657.00
[16:26:08.762],0.00,0.00,-0.00,0.00,-0.01,0.06,1.04,-0.06,6.23,3.17,593.00
[16:26:08.788],0.00,0.00,-0.00,0.00,-0.01,0.14,1.06,1.95,-1.22,2.75,593.00
[16:26:08.814],0.00,0.00,-0.00,0.00,0.00,0.07,0.98,1.83,-4.21,2.08,593.00
[16:26:08.840],0.00,0.00,-0.00,0.00,0.05,0.12,1.18,2.87,-0.61,1.71,593.00
[16:26:08.866],0.00,0.00,-0.00,0.00,-0.00,0.07,0.98,-0.31,2.75,2.20,549.00
[16:26:08.886],0.00,0.00,-0.00,0.00,0.03,0.08,1.05,0.92,1.04,1.34,549.00
[16:26:08.912],0.00,0.00,-0.00,0.00,0.01,0.09,1.06,0.18,0.43,1.28,549.00
[16:26:08.943],0.00,0.00,-0.00,0.00,0.02,0.10,1.02,0.24,-0.49,1.53,549.00
[16:26:08.964],0.00,0.00,-0.00,0.00,0.02,0.10,1.02,0.24,-0.49,1.53,513.00
[16:26:08.990],0.00,0.00,-0.00,0.00,0.01,0.09,1.00,-0.61,0.37,1.59,513.00
[16:26:09.017],0.00,0.00,-0.00,0.00,0.00,0.06,1.07,1.65,0.85,1.83,481.00
[16:26:09.043],0.00,0.00,-0.00,0.00,0.03,0.08,1.04,-0.06,0.98,2.56,481.00
[16:26:09.063],0.00,0.00,-0.00,0.00,0.00,0.09,1.05,0.92,0.43,2.08,481.00
[16:26:09.089],0.00,0.00,-0.00,0.00,0.02,0.07,1.02,0.92,1.46,1.59,481.00
[16:26:09.115],0.00,0.00,-0.00,0.00,0.01,0.05,1.05,1.16,0.73,1.34,462.00
[16:26:09.141],0.00,0.00,-0.00,0.00,0.01,0.05,1.05,1.16,0.73,1.34,462.00
[16:26:09.167],0.00,0.00,-0.00,0.00,0.02,0.07,1.04,1.22,0.55,1.53,462.00
[16:26:09.188],0.00,0.00,-0.00,0.00,0.00,0.10,1.05,1.40,0.43,0.98,462.00
[16:26:09.214],0.00,0.00,-0.00,0.00,-0.00,0.06,1.02,0.79,0.24,1.95,441.00
[16:26:09.240],0.00,0.00,-0.00,0.00,0.02,0.11,1.06,1.34,0.18,1.10,441.00
[16:26:09.266],0.00,0.00,-0.00,0.00,-0.01,0.06,1.02,0.67,0.24,1.89,441.00
[16:26:09.292],0.00,0.00,-0.00,0.00,0.00,0.11,1.04,0.85,0.73,1.46,441.00
[16:26:09.318],0.00,0.00,-0.00,0.00,0.02,0.06,1.06,0.24,0.92,1.77,433.00
[16:26:09.344],0.00,0.00,-0.00,0.00,0.02,0.06,1.06,0.24,0.92,1.77,433.00
[16:26:09.370],0.00,0.00,-0.00,0.00,0.02,0.02,1.04,1.04,0.73,1.22,433.00
[16:26:09.390],0.00,0.00,-0.00,0.00,0.00,0.01,1.04,0.61,1.04,1.40,433.00
[16:26:09.416],0.00,0.00,-0.00,0.00,0.01,0.00,1.03,0.67,0.85,1.59,428.00
[16:26:09.443],0.00,0.00,-0.00,0.00,0.01,-0.00,1.04,0.55,1.04,1.46,428.00
[16:26:09.468],0.00,0.00,-0.00,0.00,0.01,-0.00,1.04,0.73,0.79,1.53,432.00
[16:26:09.495],0.00,0.00,-0.00,0.00,0.01,-0.01,1.04,0.55,0.92,1.53,432.00
[16:26:09.516],0.00,0.00,-0.00,0.00,0.01,-0.01,1.04,0.55,0.92,1.53,432.00
[16:26:09.542],0.00,0.00,-0.00,0.00,0.01,-0.01,1.04,0.67,0.73,1.53,432.00
[16:26:09.568],0.00,0.00,-0.00,0.00,0.01,-0.02,1.04,0.67,0.92,1.40,433.00
[16:26:09.596],0.00,0.00,-0.00,0.00,0.00,-0.02,1.04,0.67,0.92,1.40,433.00
[16:26:09.617],0.00,0.00,-0.00,0.00,0.01,-0.02,1.04,0.79,0.79,1.46,433.00
[16:26:09.643],0.00,0.00,-0.00,0.00,0.01,-0.02,1.04,0.67,0.67,1.46,433.00
[16:26:09.669],0.00,0.00,-0.00,0.00,0.01,-0.01,1.04,0.73,0.73,1.53,435.00
[16:26:09.695],0.00,0.00,-0.00,0.00,0.01,-0.01,1.04,0.79,0.79,1.40,435.00
[16:26:09.720],0.00,0.00,-0.00,0.00,0.01,-0.01,1.04,0.79,0.79,1.40,435.00
[16:26:09.746],0.00,0.00,-0.00,0.00,0.01,-0.00,1.04,0.73,0.67,1.40,435.00
[16:26:09.767],0.00,0.00,-0.00,0.00,0.01,-0.00,1.04,0.85,0.67,1.40,434.00
[16:26:09.793],0.00,0.00,-0.00,0.00,0.01,-0.00,1.04,0.79,0.73,1.46,434.00
[16:26:09.819],0.00,0.00,-0.00,0.00,0.01,-0.00,1.04,0.73,0.79,1.46,432.00
[16:26:09.845],0.00,0.00,-0.00,0.00,0.01,-0.00,1.04,0.73,0.79,1.40,432.00
[16:26:09.871],0.00,0.00,-0.00,0.00,0.01,-0.01,1.04,0.73,0.73,1.40,432.00
[16:26:09.897],0.00,0.00,-0.00,0.00,0.01,-0.01,1.04,0.79,0.79,1.53,432.00
[16:26:09.923],0.00,0.00,-0.00,0.00,0.01,-0.01,1.04,0.79,0.79,1.53,436.00
[16:26:09.949],0.00,0.00,-0.00,0.00,0.01,-0.00,1.04,0.79,0.73,1.40,436.00
[16:26:09.970],0.00,0.00,-0.00,0.00,0.01,-0.00,1.04,0.73,0.79,1.40,436.00
[16:26:09.996],0.00,0.00,-0.00,0.00,0.01,-0.00,1.04,0.73,0.79,1.53,436.00
[16:26:10.022],0.00,0.00,-0.00,0.00,0.01,-0.00,1.04,0.79,0.79,1.46,432.00
[16:26:10.048],0.00,0.00,-0.00,0.00,0.01,-0.01,1.04,0.73,0.73,1.53,432.00
[16:26:10.074],0.00,0.00,-0.00,0.00,0.01,-0.01,1.04,0.67,0.73,1.46,432.00
[16:26:10.100],0.00,0.00,-0.00,0.00,0.01,-0.01,1.04,0.67,0.73,1.46,432.00
[16:26:10.121],0.00,0.00,-0.00,0.00,0.01,-0.00,1.04,0.79,0.79,1.40,432.00
[16:26:10.147],0.00,0.00,-0.00,0.00,0.01,-0.00,1.04,0.79,0.79,1.40,434.00
[16:26:10.173],0.00,0.00,-0.00,0.00,0.01,-0.00,1.04,0.73,0.73,1.40,434.00
[16:26:10.199],0.00,0.00,-0.00,0.00,0.01,-0.01,1.04,0.79,0.85,1.46,434.00
[16:26:10.225],0.00,0.00,-0.00,0.00,0.01,-0.00,1.04,0.85,0.67,1.53,434.00
[16:26:10.246],0.00,0.00,-0.00,0.00,0.01,-0.00,1.04,0.79,0.73,1.46,433.00
[16:26:10.277],0.00,0.00,-0.00,0.00,0.01,-0.00,1.04,0.73,0.79,1.40,433.00
[16:26:10.298],0.00,0.00,-0.00,0.00,0.01,-0.00,1.04,0.73,0.79,1.40,433.00
[16:26:10.324],0.00,0.00,-0.00,0.00,0.01,-0.00,1.04,0.73,0.67,1.40,433.00
[16:26:10.350],0.00,0.00,-0.00,0.00,0.01,-0.01,1.04,0.73,0.79,1.53,433.00
[16:26:10.376],0.00,0.00,-0.00,0.00,0.01,-0.00,1.04,0.79,0.73,1.46,433.00
[16:26:10.402],0.00,0.00,-0.00,0.00,0.01,-0.00,1.04,0.67,0.79,1.34,435.00
[16:26:10.422],0.00,0.00,-0.00,0.00,0.01,-0.00,1.04,0.79,0.79,1.46,435.00
[16:26:10.448],0.00,0.00,-0.00,0.00,0.01,-0.00,1.04,0.61,0.73,1.40,435.00
[16:26:10.479],0.00,0.00,-0.00,0.00,0.01,-0.00,1.04,0.73,0.67,1.34,435.00
[16:26:10.500],0.00,0.00,-0.00,0.00,0.01,-0.00,1.04,0.73,0.67,1.34,435.00
[16:26:10.526],0.00,0.00,-0.00,0.00,0.01,-0.00,1.04,0.79,0.79,1.53,435.00
[16:26:10.552],0.00,0.00,-0.00,0.00,0.01,-0.00,1.04,0.79,0.67,1.46,435.00
[16:26:10.578],0.00,0.00,-0.00,0.00,0.01,-0.00,1.04,0.73,0.73,1.46,435.00
[16:26:10.604],0.00,0.00,-0.00,0.00,0.01,-0.00,1.04,0.73,0.67,1.53,432.00
[16:26:10.629],0.00,0.00,-0.00,0.00,0.01,-0.00,1.04,0.73,0.67,1.46,432.00
[16:26:10.650],0.00,0.00,-0.00,0.00,0.01,-0.00,1.04,0.85,0.73,1.46,432.00
[16:26:10.676],0.00,0.00,-0.00,0.00,0.01,-0.00,1.04,0.85,0.73,1.46,432.00
[16:26:10.702],0.00,0.00,-0.00,0.00,0.01,-0.01,1.04,0.79,0.73,1.40,433.00
[16:26:10.728],0.00,0.00,-0.00,0.00,0.01,-0.00,1.04,0.73,0.67,1.46,433.00
[16:26:10.754],0.00,0.00,-0.00,0.00,0.01,-0.00,1.04,0.79,0.73,1.46,434.00
[16:26:10.775],0.00,0.00,-0.00,0.00,0.01,-0.01,1.04,0.73,0.73,1.46,434.00
[16:26:10.801],0.00,0.00,-0.00,0.00,0.01,-0.00,1.04,0.73,0.67,1.53,434.00
[16:26:10.828],0.00,0.00,-0.00,0.00,0.01,-0.00,1.04,0.73,0.67,1.40,434.00
[16:26:10.854],0.00,0.00,-0.00,0.00,0.01,-0.01,1.04,0.73,0.67,1.40,436.00
[16:26:10.879],0.00,0.00,-0.00,0.00,0.01,-0.01,1.04,0.73,0.67,1.40,436.00
[16:26:10.905],0.00,0.00,-0.00,0.00,0.01,-0.00,1.04,0.73,0.79,1.34,436.00
[16:26:10.931],0.00,0.00,-0.00,0.00,0.01,-0.00,1.04,0.73,0.67,1.40,436.00
[16:26:10.952],0.00,0.00,-0.00,0.00,0.01,-0.00,1.04,0.79,0.73,1.46,436.00
[16:26:10.978],0.00,0.00,-0.00,0.00,0.01,-0.00,1.04,0.73,0.73,1.40,436.00
[16:26:11.004],0.00,0.00,-0.00,0.00,0.01,-0.00,1.04,0.73,0.67,1.40,436.00
[16:26:11.030],0.00,0.00,-0.00,0.00,0.01,-0.00,1.04,0.79,0.73,1.53,436.00
[16:26:11.057],0.00,0.00,-0.00,0.00,0.01,-0.00,1.04,0.79,0.73,1.53,434.00
[16:26:11.078],0.00,0.00,-0.00,0.00,0.01,-0.00,1.04,0.79,0.73,1.40,434.00
[16:26:11.103],0.00,0.00,-0.00,0.00,0.01,-0.00,1.04,0.67,0.73,1.40,435.00
[16:26:11.129],0.00,0.00,-0.00,0.00,0.01,-0.00,1.04,0.79,0.73,1.53,435.00
[16:26:11.155],0.00,0.00,-0.00,0.00,0.01,-0.00,1.04,0.79,0.73,1.53,435.00
[16:26:11.181],0.00,0.00,-0.00,0.00,0.01,-0.01,1.04,0.67,0.85,1.53,435.00
[16:26:11.202],0.00,0.00,-0.00,0.00,0.01,-0.00,1.05,0.73,0.79,1.40,435.00
[16:26:11.233],0.00,0.00,-0.00,0.00,0.01,-0.00,1.04,0.73,0.79,1.46,435.00
[16:26:11.254],0.00,0.00,-0.00,0.00,0.01,-0.00,1.04,0.73,0.79,1.46,435.00
[16:26:11.280],0.00,0.00,-0.00,0.00,0.01,-0.00,1.04,0.73,0.79,1.40,435.00
[16:26:11.306],0.00,0.00,-0.00,0.00,0.01,-0.00,1.04,0.85,0.85,1.46,435.00
[16:26:11.332],0.00,0.00,-0.00,0.00,0.01,-0.01,1.04,0.85,0.73,1.46,435.00
[16:26:11.358],0.00,0.00,-0.00,0.00,0.01,-0.00,1.04,0.67,0.73,1.46,435.00
[16:26:11.384],0.00,0.00,-0.00,0.00,0.01,-0.01,1.04,0.73,0.73,1.46,435.00
[16:26:11.405],0.00,0.00,-0.00,0.00,0.01,-0.00,1.04,0.73,0.67,1.46,434.00
[16:26:11.430],0.00,0.00,-0.00,0.00,0.01,-0.00,1.04,0.73,0.67,1.46,434.00
[16:26:11.456],0.00,0.00,-0.00,0.00,0.01,-0.00,1.04,0.79,0.79,1.46,434.00
[16:26:11.482],0.00,0.00,-0.00,0.00,0.01,-0.00,1.04,0.79,0.79,1.59,434.00
[16:26:11.508],0.00,0.00,-0.00,0.00,0.01,-0.00,1.04,0.79,0.73,1.40,434.00
[16:26:11.529],0.00,0.00,-0.00,0.00,0.01,-0.00,1.04,0.73,0.67,1.46,433.00
[16:26:11.555],0.00,0.00,-0.00,0.00,0.01,-0.00,1.04,0.73,0.79,1.46,433.00
[16:26:11.581],0.00,0.00,-0.00,0.00,0.01,-0.00,1.04,0.85,0.85,1.40,436.00
[16:26:11.607],0.00,0.00,-0.00,0.00,0.01,-0.00,1.04,0.73,0.67,1.46,436.00
[16:26:11.633],0.00,0.00,-0.00,0.00,0.01,-0.00,1.04,0.73,0.67,1.46,436.00
[16:26:11.659],0.00,0.00,-0.00,0.00,0.01,-0.00,1.04,0.79,0.79,1.40,436.00
[16:26:11.685],0.00,0.00,-0.00,0.00,0.01,-0.01,1.04,0.79,0.73,1.40,435.00
[16:26:11.706],0.00,0.00,-0.00,0.00,0.01,-0.00,1.04,0.67,0.79,1.46,435.00
[16:26:11.732],0.00,0.00,-0.00,0.00,0.01,-0.00,1.04,0.85,0.73,1.40,435.00
[16:26:11.759],0.00,0.00,-0.00,0.00,0.01,-0.01,1.04,0.79,0.79,1.40,435.00
[16:26:11.785],0.00,0.00,-0.00,0.00,0.01,-0.00,1.04,0.73,0.67,1.46,435.00
[16:26:11.811],0.00,0.00,-0.00,0.00,0.01,-0.00,1.04,0.73,0.73,1.40,435.00
[16:26:11.837],0.00,0.00,-0.00,0.00,0.01,-0.00,1.04,0.73,0.73,1.40,435.00
[16:26:11.863],0.00,0.00,-0.00,0.00,0.01,-0.00,1.04,0.73,0.73,1.40,435.00
[16:26:11.884],0.00,0.00,-0.00,0.00,0.01,-0.00,1.04,0.79,0.79,1.46,437.00
[16:26:11.910],0.00,0.00,-0.00,0.00,0.01,-0.00,1.04,0.67,0.79,1.40,437.00
[16:26:11.936],0.00,0.00,-0.00,0.00,0.01,-0.00,1.04,0.73,0.73,1.46,434.00
[16:26:11.962],0.00,0.00,-0.00,0.00,0.01,-0.01,1.05,0.67,0.79,1.53,434.00
[16:26:11.988],0.00,0.00,-0.00,0.00,0.01,-0.00,1.04,0.79,0.67,1.40,434.00
[16:26:12.016],0.00,0.00,-0.00,0.00,0.01,-0.00,1.04,0.73,0.67,1.40,434.00
[16:26:12.037],0.00,0.00,-0.00,0.00,0.01,-0.00,1.04,0.73,0.67,1.40,436.00
[16:26:12.063],0.00,0.00,-0.00,0.00,0.01,-0.01,1.04,0.67,0.73,1.46,436.00
[16:26:12.089],0.00,0.00,-0.00,0.00,0.01,-0.00,1.04,0.79,0.73,1.46,436.00
[16:26:12.115],0.00,0.00,-0.00,0.00,0.01,-0.00,1.04,0.79,0.85,1.53,436.00
[16:26:12.141],0.00,0.00,-0.00,0.00,0.01,-0.00,1.04,0.73,0.61,1.46,435.00
[16:26:12.166],0.00,0.00,-0.00,0.00,0.01,-0.00,1.04,0.73,0.79,1.46,435.00
[16:26:12.188],0.00,0.00,-0.00,0.00,0.01,-0.01,1.04,0.79,0.79,1.40,435.00
[16:26:12.214],0.00,0.00,-0.00,0.00,0.01,-0.01,1.04,0.79,0.79,1.40,435.00
[16:26:12.240],0.00,0.00,-0.00,0.00,0.01,-0.00,1.04,0.73,0.61,1.46,433.00
[16:26:12.266],0.00,0.00,-0.00,0.00,0.01,-0.01,1.04,0.85,0.73,1.40,433.00
[16:26:12.292],0.00,0.00,-0.00,0.00,0.01,-0.00,1.04,0.79,0.79,1.34,433.00
[16:26:12.313],0.00,0.00,-0.00,0.00,0.01,-0.00,1.04,0.85,0.67,1.40,433.00
[16:26:12.339],0.00,0.00,-0.00,0.00,0.01,-0.00,1.04,0.73,0.67,1.53,435.00
[16:26:12.365],0.00,0.00,-0.00,0.00,0.01,-0.01,1.04,0.79,0.85,1.46,435.00
[16:26:12.391],0.00,0.00,-0.00,0.00,0.01,-0.00,1.04,0.67,0.73,1.46,435.00
[16:26:12.417],0.00,0.00,-0.00,0.00,0.01,-0.00,1.04,0.67,0.73,1.46,435.00
[16:26:12.443],0.00,0.00,-0.00,0.00,0.01,-0.00,1.04,0.79,0.73,1.34,435.00
[16:26:12.469],0.00,0.00,-0.00,0.00,0.01,-0.01,1.04,0.85,0.67,1.53,435.00
[16:26:12.490],0.00,0.00,-0.00,0.00,0.01,-0.00,1.04,0.73,0.73,1.46,433.00
[16:26:12.516],0.00,0.00,-0.00,0.00,0.01,-0.00,1.04,0.79,0.67,1.46,433.00
[16:26:12.542],0.00,0.00,-0.00,0.00,0.01,-0.00,1.04,0.67,0.79,1.46,433.00
[16:26:12.568],0.00,0.00,-0.00,0.00,0.01,-0.01,1.04,0.73,0.79,1.40,433.00
[16:26:12.594],0.00,0.00,-0.00,0.00,0.01,-0.00,1.04,0.79,0.79,1.46,435.00
[16:26:12.620],0.00,0.00,-0.00,0.00,0.01,-0.00,1.04,0.79,0.79,1.46,435.00
[16:26:12.646],0.00,0.00,-0.00,0.00,0.01,-0.00,1.04,0.85,0.73,1.59,435.00
[16:26:12.668],0.00,0.00,-0.00,0.00,0.01,-0.00,1.04,0.79,0.73,1.40,435.00
[16:26:12.694],0.00,0.00,-0.00,0.00,0.01,-0.00,1.04,0.85,0.79,1.40,435.00
[16:26:12.720],0.00,0.00,-0.00,0.00,0.01,-0.00,1.04,0.73,0.73,1.46,435.00
[16:26:12.746],0.00,0.00,-0.00,0.00,0.01,-0.00,1.04,0.79,0.67,1.53,435.00
[16:26:12.767],0.00,0.00,-0.00,0.00,0.01,-0.00,1.04,0.73,0.79,1.46,435.00
[16:26:12.798],0.00,0.00,-0.00,0.00,0.01,-0.00,1.04,0.85,0.67,1.46,434.00
[16:26:12.824],0.00,0.00,-0.00,0.00,0.01,-0.00,1.04,0.85,0.67,1.46,434.00
[16:26:12.849],0.00,0.00,-0.00,0.00,0.01,-0.00,1.04,0.67,0.61,1.34,435.00
[16:26:12.870],0.00,0.00,-0.00,0.00,0.01,-0.00,1.04,0.85,0.67,1.34,435.00
[16:26:12.896],0.00,0.00,-0.00,0.00,0.01,-0.01,1.04,0.73,0.73,1.53,435.00
[16:26:12.922],0.00,0.00,-0.00,0.00,0.01,-0.00,1.04,0.73,0.73,1.46,435.00
[16:26:12.948],0.00,0.00,-0.00,0.00,0.01,-0.00,1.04,0.79,0.67,1.40,435.00
[16:26:12.974],0.00,0.00,-0.00,0.00,0.01,-0.00,1.04,0.79,0.73,1.40,435.00
[16:26:13.000],0.00,0.00,-0.00,0.00,0.01,-0.00,1.04,0.79,0.73,1.46,435.00
[16:26:13.026],0.00,0.00,-0.00,0.00,0.01,-0.00,1.04,0.79,0.73,1.46,435.00
[16:26:13.052],0.00,0.00,-0.00,0.00,0.01,-0.01,1.04,0.67,0.73,1.40,435.00
[16:26:13.077],0.00,0.00,-0.00,0.00,0.01,-0.01,1.04,0.73,0.73,1.46,435.00
[16:26:13.099],0.00,0.00,-0.00,0.00,0.01,-0.00,1.04,0.73,0.73,1.40,435.00
[16:26:13.125],0.00,0.00,-0.00,0.00,0.01,-0.01,1.04,0.73,0.73,1.40,435.00
[16:26:13.151],0.00,0.00,-0.00,0.00,0.01,-0.00,1.04,0.79,0.73,1.46,435.00
[16:26:13.178],0.00,0.00,-0.00,0.00,0.01,-0.00,1.04,0.79,0.79,1.40,435.00
[16:26:13.199],0.00,0.00,-0.00,0.00,0.01,-0.00,1.04,0.79,0.79,1.40,435.00
[16:26:13.225],0.00,0.00,-0.00,0.00,0.01,-0.00,1.04,0.85,0.73,1.46,435.00
[16:26:13.251],0.00,0.00,-0.00,0.00,0.01,-0.00,1.04,0.73,0.73,1.40,435.00
[16:26:13.277],0.00,0.00,-0.00,0.00,0.01,-0.01,1.04,0.73,0.67,1.46,435.00
[16:26:13.303],0.00,0.00,-0.00,0.00,0.01,-0.01,1.04,0.79,0.73,1.40,434.00
[16:26:13.324],0.00,0.00,-0.00,0.00,0.01,-0.01,1.04,0.79,0.79,1.53,434.00
[16:26:13.350],0.00,0.00,-0.00,0.00,0.01,-0.00,1.04,0.79,0.67,1.46,434.00
[16:26:13.376],0.00,0.00,-0.00,0.00,0.01,-0.00,1.04,0.73,0.67,1.46,434.00
[16:26:13.402],0.00,0.00,-0.00,0.00,0.01,-0.00,1.04,0.73,0.67,1.46,430.00
[16:26:13.427],0.00,0.00,-0.00,0.00,0.01,-0.00,1.04,0.73,0.85,1.46,430.00
[16:26:13.453],0.00,0.00,-0.00,0.00,0.01,-0.00,1.04,0.73,0.67,1.46,430.00
[16:26:13.479],0.00,0.00,-0.00,0.00,0.01,-0.00,1.04,0.67,0.73,1.40,430.00
[16:26:13.500],0.00,0.00,-0.00,0.00,0.01,-0.00,1.04,0.79,0.67,1.53,430.00
[16:26:13.526],0.00,0.00,-0.00,0.00,0.01,-0.00,1.04,0.67,0.67,1.53,432.00
[16:26:13.553],0.00,0.00,-0.00,0.00,0.01,-0.00,1.04,0.85,0.67,1.53,432.00
[16:26:13.579],0.00,0.00,-0.00,0.00,0.01,-0.00,1.04,0.85,0.67,1.53,432.00
[16:26:13.605],0.00,0.00,-0.00,0.00,0.01,-0.00,1.04,0.79,0.73,1.46,432.00
[16:26:13.626],0.00,0.00,-0.00,0.00,0.01,-0.01,1.04,0.73,0.67,1.53,437.00
[16:26:13.652],0.00,0.00,-0.00,0.00,0.01,-0.00,1.04,0.73,0.67,1.46,437.00
[16:26:13.678],0.00,0.00,-0.00,0.00,0.01,-0.01,1.04,0.73,0.73,1.46,432.00
[16:26:13.704],0.00,0.00,-0.00,0.00,0.01,-0.00,1.04,0.67,0.67,1.46,432.00
[16:26:13.725],0.00,0.00,-0.00,0.00,0.01,-0.00,1.04,0.73,0.61,1.40,432.00
[16:26:13.757],0.00,0.00,-0.00,0.00,0.01,-0.00,1.04,0.79,0.79,1.40,432.00
[16:26:13.777],0.00,0.00,-0.00,0.00,0.01,-0.00,1.04,0.79,0.79,1.40,435.00
[16:26:13.803],0.00,0.00,-0.00,0.00,0.01,-0.00,1.04,0.79,0.67,1.40,435.00
[16:26:13.829],0.00,0.00,-0.00,0.00,0.01,-0.00,1.04,0.79,0.73,1.53,435.00
[16:26:13.855],0.00,0.00,-0.00,0.00,0.01,-0.01,1.04,0.73,0.79,1.40,435.00
[16:26:13.881],0.00,0.00,-0.00,0.00,0.01,-0.01,1.04,0.79,0.79,1.46,433.00
[16:26:13.902],0.00,0.00,-0.00,0.00,0.01,-0.00,1.04,0.73,0.67,1.53,433.00
[16:26:13.928],0.00,0.00,-0.00,0.00,0.01,-0.00,1.04,0.67,0.73,1.40,433.00
[16:26:13.954],0.00,0.00,-0.00,0.00,0.01,-0.00,1.04,0.67,0.73,1.40,433.00
[16:26:13.980],0.00,0.00,-0.00,0.00,0.01,-0.01,1.04,0.79,0.67,1.34,434.00
[16:26:14.007],0.00,0.00,-0.00,0.00,0.01,-0.00,1.04,0.73,0.79,1.40,434.00
[16:26:14.027],0.00,0.00,-0.00,0.00,0.01,-0.00,1.04,0.73,0.67,1.53,434.00
[16:26:14.053],0.00,0.00,-0.00,0.00,0.01,-0.00,1.04,0.79,0.79,1.40,434.00
[16:26:14.079],0.00,0.00,-0.00,0.00,0.01,-0.01,1.04,0.73,0.67,1.40,434.00
[16:26:14.105],0.00,0.00,-0.00,0.00,0.01,-0.00,1.04,0.79,0.73,1.46,434.00
[16:26:14.131],0.00,0.00,-0.00,0.00,0.01,-0.00,1.04,0.73,0.73,1.40,433.00
[16:26:14.157],0.00,0.00,-0.00,0.00,0.01,-0.00,1.04,0.73,0.73,1.40,433.00
[16:26:14.183],0.00,0.00,-0.00,0.00,0.01,-0.00,1.04,0.73,0.67,1.40,433.00
[16:26:14.204],0.00,0.00,-0.00,0.00,0.01,-0.01,1.04,0.73,0.73,1.46,433.00
[16:26:14.230],0.00,0.00,-0.00,0.00,0.01,-0.00,1.04,0.79,0.79,1.46,435.00
[16:26:14.256],0.00,0.00,-0.00,0.00,0.01,-0.01,1.04,0.73,0.85,1.53,435.00
[16:26:14.282],0.00,0.00,-0.00,0.00,0.01,-0.00,1.04,0.73,0.79,1.46,435.00
[16:26:14.308],0.00,0.00,-0.00,0.00,0.01,-0.00,1.04,0.73,0.79,1.40,435.00
[16:26:14.334],0.00,0.00,-0.00,0.00,0.01,-0.01,1.04,0.73,0.73,1.53,433.00
[16:26:14.361],0.00,0.00,-0.00,0.00,0.01,-0.01,1.04,0.73,0.73,1.53,433.00
[16:26:14.387],0.00,0.00,-0.00,0.00,0.01,-0.00,1.04,0.73,0.67,1.46,433.00
[16:26:14.408],0.00,0.00,-0.00,0.00,0.01,-0.01,1.04,0.79,0.73,1.46,433.00
[16:26:14.434],0.00,0.00,-0.00,0.00,0.01,-0.00,1.04,0.67,0.73,1.40,434.00
[16:26:14.460],0.00,0.00,-0.00,0.00,0.01,-0.01,1.04,0.79,0.73,1.53,434.00
[16:26:14.486],0.00,0.00,-0.00,0.00,0.01,-0.00,1.04,0.67,0.67,1.53,435.00
[16:26:14.512],0.00,0.00,-0.00,0.00,0.01,-0.01,1.04,0.73,0.79,1.34,435.00
[16:26:14.538],0.00,0.00,-0.00,0.00,0.01,-0.01,1.04,0.79,0.73,1.40,435.00
[16:26:14.564],0.00,0.00,-0.00,0.00,0.01,-0.01,1.04,0.79,0.73,1.40,435.00
[16:26:14.590],0.00,0.00,-0.00,0.00,0.01,-0.01,1.04,0.73,0.67,1.46,435.00
[16:26:14.611],0.00,0.00,-0.00,0.00,0.01,-0.00,1.04,0.79,0.73,1.40,435.00
[16:26:14.637],0.00,0.00,-0.00,0.00,0.01,-0.00,1.04,0.73,0.79,1.40,435.00
[16:26:14.663],0.00,0.00,-0.00,0.00,0.01,-0.00,1.04,0.79,0.73,1.40,435.00
[16:26:14.689],0.00,0.00,-0.00,0.00,0.01,-0.00,1.04,0.73,0.73,1.40,434.00
[16:26:14.715],0.00,0.00,-0.00,0.00,0.01,-0.00,1.04,0.73,0.79,1.40,434.00
[16:26:14.736],0.00,0.00,-0.00,0.00,0.01,-0.00,1.04,0.73,0.79,1.40,434.00
[16:26:14.762],0.00,0.00,-0.00,0.00,0.01,-0.00,1.04,0.79,0.67,1.46,434.00
[16:26:14.788],0.00,0.00,-0.00,0.00,0.01,-0.00,1.04,0.67,0.67,1.46,432.00
[16:26:14.814],0.00,0.00,-0.00,0.00,0.01,-0.01,1.04,0.79,0.73,1.40,432.00
[16:26:14.840],0.00,0.00,-0.00,0.00,0.01,-0.00,1.04,0.79,0.73,1.40,432.00
[16:26:14.861],0.00,0.00,-0.00,0.00,0.01,-0.01,1.04,0.73,0.73,1.40,432.00
[16:26:14.887],0.00,0.00,-0.00,0.00,0.01,-0.00,1.04,0.79,0.67,1.46,432.00
[16:26:14.913],0.00,0.00,-0.00,0.00,0.01,-0.00,1.04,0.73,0.79,1.40,433.00
[16:26:14.939],0.00,0.00,-0.00,0.00,0.01,-0.00,1.04,0.73,0.79,1.40,433.00
[16:26:14.965],0.00,0.00,-0.00,0.00,0.01,-0.00,1.04,0.79,0.79,1.53,433.00
[16:26:14.991],0.00,0.00,-0.00,0.00,0.01,-0.00,1.04,0.79,0.85,1.40,433.00
[16:26:15.017],0.00,0.00,-0.00,0.00,0.01,-0.00,1.04,0.67,0.67,1.53,433.00
[16:26:15.037],0.00,0.00,-0.00,0.00,0.01,-0.00,1.04,0.67,0.73,1.46,433.00
[16:26:15.063],0.00,0.00,-0.00,0.00,0.01,-0.01,1.04,0.79,0.79,1.46,434.00
[16:26:15.089],0.00,0.00,-0.00,0.00,0.01,-0.00,1.04,0.73,0.73,1.46,434.00
[16:26:15.115],0.00,0.00,-0.00,0.00,0.01,-0.00,1.04,0.73,0.73,1.46,434.00
[16:26:15.141],0.00,0.00,-0.00,0.00,0.01,-0.00,1.04,0.67,0.73,1.40,434.00
[16:26:15.162],0.00,0.00,-0.00,0.00,0.01,-0.00,1.04,0.73,0.85,1.40,434.00
[16:26:15.188],0.00,0.00,-0.00,0.00,0.01,-0.00,1.04,0.67,0.73,1.46,434.00
[16:26:15.214],0.00,0.00,-0.00,0.00,0.01,-0.00,1.04,0.79,0.67,1.46,434.00
[16:26:15.240],0.00,0.00,-0.00,0.00,0.01,-0.01,1.04,0.79,0.73,1.40,434.00
[16:26:15.266],0.00,0.00,-0.00,0.00,0.01,-0.01,1.04,0.73,0.79,1.40,433.00
[16:26:15.292],0.00,0.00,-0.00,0.00,0.01,-0.00,1.04,0.73,0.79,1.40,433.00
[16:26:15.318],0.00,0.00,-0.00,0.00,0.01,-0.00,1.04,0.73,0.79,1.40,433.00
[16:26:15.344],0.00,0.00,-0.00,0.00,0.01,-0.00,1.04,0.79,0.73,1.40,433.00
[16:26:15.365],0.00,0.00,-0.00,0.00,0.01,-0.01,1.04,0.85,0.73,1.40,433.00
[16:26:15.391],0.00,0.00,-0.00,0.00,0.01,-0.00,1.04,0.73,0.73,1.40,433.00
[16:26:15.417],0.00,0.00,-0.00,0.00,0.01,-0.00,1.04,0.73,0.79,1.40,440.00
[16:26:15.443],0.00,0.00,-0.00,0.00,0.01,-0.00,1.04,0.73,0.73,1.46,440.00
[16:26:15.469],0.00,0.00,-0.00,0.00,0.01,-0.00,1.04,0.79,0.73,1.46,440.00
[16:26:15.495],0.00,0.00,-0.00,0.00,0.01,-0.01,1.04,0.79,0.73,1.46,440.00
[16:26:15.520],0.00,0.00,-0.00,0.00,0.01,-0.01,1.04,0.79,0.73,1.46,435.00
[16:26:15.546],0.00,0.00,-0.00,0.00,0.01,-0.00,1.04,0.79,0.73,1.40,435.00
[16:26:15.567],0.00,0.00,-0.00,0.00,0.01,-0.00,1.04,0.73,0.73,1.46,435.00
[16:26:15.593],0.00,0.00,-0.00,0.00,0.01,-0.00,1.04,0.79,0.79,1.40,435.00
[16:26:15.619],0.00,0.00,-0.00,0.00,0.01,-0.00,1.04,0.79,0.85,1.46,434.00
[16:26:15.645],0.00,0.00,-0.00,0.00,0.01,-0.01,1.04,0.79,0.79,1.46,434.00
[16:26:15.671],0.00,0.00,-0.00,0.00,0.01,-0.01,1.04,0.73,0.67,1.40,434.00
[16:26:15.697],0.00,0.00,-0.00,0.00,0.01,-0.01,1.04,0.73,0.79,1.59,434.00
[16:26:15.723],0.00,0.00,-0.00,0.00,0.01,-0.01,1.04,0.73,0.79,1.59,434.00
[16:26:15.749],0.00,0.00,-0.00,0.00,0.01,-0.00,1.04,0.73,0.79,1.34,434.00
[16:26:15.774],0.00,0.00,-0.00,0.00,0.01,-0.00,1.04,0.79,0.73,1.40,432.00
[16:26:15.800],0.00,0.00,-0.00,0.00,0.01,-0.00,1.04,0.73,0.79,1.46,432.00
[16:26:15.821],0.00,0.00,-0.00,0.00,0.01,-0.00,1.04,0.73,0.67,1.53,432.00
[16:26:15.847],0.00,0.00,-0.00,0.00,0.01,-0.00,1.04,0.73,0.67,1.46,432.00
[16:26:15.873],0.00,0.00,-0.00,0.00,0.01,-0.00,1.04,0.92,0.73,1.34,436.00
[16:26:15.899],0.00,0.00,-0.00,0.00,0.01,-0.00,1.04,0.79,0.73,1.46,436.00
[16:26:15.925],0.00,0.00,-0.00,0.00,0.01,-0.00,1.04,0.79,0.73,1.46,436.00
[16:26:15.950],0.00,0.00,-0.00,0.00,0.01,-0.00,1.04,0.67,0.79,1.46,436.00
[16:26:15.977],0.00,0.00,-0.00,0.00,0.01,-0.00,1.04,0.67,0.85,1.40,437.00
[16:26:16.002],0.00,0.00,-0.00,0.00,0.01,-0.01,1.04,0.79,0.79,1.53,437.00
[16:26:16.024],0.00,0.00,-0.00,0.00,0.01,-0.00,1.04,0.79,0.73,1.46,437.00
[16:26:16.050],0.00,0.00,-0.00,0.00,0.01,-0.00,1.04,0.79,0.61,1.40,437.00
[16:26:16.076],0.00,0.00,-0.00,0.00,0.01,-0.01,1.04,0.73,0.79,1.46,430.00
[16:26:16.102],0.00,0.00,-0.00,0.00,0.01,-0.01,1.04,0.73,0.79,1.46,430.00
[16:26:16.123],0.00,0.00,-0.00,0.00,0.01,-0.01,1.04,0.79,0.73,1.53,435.00
[16:26:16.151],0.00,0.00,-0.00,0.00,0.01,-0.01,1.04,0.79,0.73,1.46,435.00
[16:26:16.174],0.00,0.00,-0.00,0.00,0.01,-0.01,1.04,0.79,0.79,1.40,435.00
[16:26:16.200],0.00,0.00,-0.00,0.00,0.01,-0.01,1.04,0.73,0.67,1.46,435.00
[16:26:16.226],0.00,0.00,-0.00,0.00,0.01,-0.01,1.04,0.73,0.79,1.40,433.00
[16:26:16.252],0.00,0.00,-0.00,0.00,0.01,-0.00,1.04,0.79,0.79,1.34,433.00
[16:26:16.278],0.00,0.00,-0.00,0.00,0.01,-0.01,1.04,0.79,0.67,1.46,433.00
[16:26:16.304],0.00,0.00,-0.00,0.00,0.01,-0.01,1.04,0.79,0.67,1.46,433.00
[16:26:16.325],0.00,0.00,-0.00,0.00,0.01,-0.00,1.04,0.67,0.73,1.46,434.00
[16:26:16.351],0.00,0.00,-0.00,0.00,0.01,-0.00,1.04,0.67,0.79,1.34,434.00
[16:26:16.377],0.00,0.00,-0.00,0.00,0.01,-0.00,1.04,0.67,0.73,1.46,434.00
[16:26:16.403],0.00,0.00,-0.00,0.00,0.01,-0.00,1.04,0.73,0.73,1.46,434.00
[16:26:16.429],0.00,0.00,-0.00,0.00,0.01,-0.00,1.04,0.79,0.73,1.46,436.00
[16:26:16.450],0.00,0.00,-0.00,0.00,0.01,-0.00,1.04,0.79,0.73,1.46,436.00
[16:26:16.481],0.00,0.00,-0.00,0.00,0.01,-0.01,1.04,0.73,0.73,1.53,436.00
[16:26:16.507],0.00,0.00,-0.00,0.00,0.01,-0.01,1.04,0.73,0.73,1.53,436.00
[16:26:16.533],0.00,0.00,-0.00,0.00,0.01,-0.00,1.04,0.79,0.73,1.46,438.00
[16:26:16.554],0.00,0.00,-0.00,0.00,0.01,-0.01,1.04,0.79,0.79,1.53,438.00
[16:26:16.581],0.00,0.00,-0.00,0.00,0.01,-0.00,1.04,0.79,0.79,1.40,432.00
[16:26:16.606],0.00,0.00,-0.00,0.00,0.01,-0.01,1.04,0.79,0.79,1.46,432.00
[16:26:16.633],0.00,0.00,-0.00,0.00,0.01,-0.01,1.04,0.73,0.79,1.40,432.00
[16:26:16.653],0.00,0.00,-0.00,0.00,0.01,-0.00,1.04,0.79,0.67,1.40,432.00
[16:26:16.685],0.00,0.00,-0.00,0.00,0.01,-0.00,1.04,0.85,0.79,1.46,436.00
[16:26:16.711],0.00,0.00,-0.00,0.00,0.01,-0.00,1.04,0.85,0.79,1.46,436.00
[16:26:16.737],0.00,0.00,-0.00,0.00,0.01,-0.01,1.04,0.85,0.73,1.40,436.00
[16:26:16.757],0.00,0.00,-0.00,0.00,0.01,-0.01,1.04,0.79,0.73,1.40,436.00
[16:26:16.783],0.00,0.00,-0.00,0.00,0.01,-0.00,1.04,0.79,0.85,1.40,436.00
[16:26:16.809],0.00,0.00,-0.00,0.00,0.01,-0.00,1.04,0.73,0.67,1.46,431.00
[16:26:16.836],0.00,0.00,-0.00,0.00,0.01,-0.00,1.04,0.79,0.79,1.40,431.00
[16:26:16.857],0.00,0.00,-0.00,0.00,0.01,-0.00,1.04,0.73,0.73,1.46,431.00
[16:26:16.889],0.00,0.00,-0.00,0.00,0.01,-0.00,1.04,0.79,0.73,1.53,431.00
[16:26:16.909],0.00,0.00,-0.00,0.00,0.01,-0.00,1.04,0.79,0.73,1.53,433.00
[16:26:16.936],0.00,0.00,-0.00,0.00,0.01,-0.01,1.04,0.79,0.79,1.40,433.00
[16:26:16.962],0.00,0.00,-0.00,0.00,0.01,-0.00,1.04,0.67,0.79,1.53,433.00
[16:26:16.988],0.00,0.00,-0.00,0.00,0.01,-0.00,1.04,0.79,0.79,1.46,433.00
[16:26:17.010],0.00,0.00,-0.00,0.00,0.01,-0.00,1.04,0.73,0.73,1.46,433.00
[16:26:17.036],0.00,0.00,-0.00,0.00,0.01,-0.00,1.04,0.73,0.67,1.46,433.00
[16:26:17.062],0.00,0.00,-0.00,0.00,0.01,-0.00,1.04,0.79,0.73,1.46,435.00
[16:26:17.088],0.00,0.00,-0.00,0.00,0.01,-0.00,1.04,0.79,0.61,1.40,435.00
[16:26:17.114],0.00,0.00,-0.00,0.00,0.01,-0.00,1.04,0.79,0.61,1.40,435.00
[16:26:17.140],0.00,0.00,-0.00,0.00,0.01,-0.00,1.04,0.85,0.73,1.46,435.00
[16:26:17.165],0.00,0.00,-0.00,0.00,0.01,-0.01,1.04,0.79,0.73,1.40,433.00
[16:26:17.191],0.00,0.00,-0.00,0.00,0.01,-0.00,1.04,0.67,0.79,1.46,433.00
[16:26:17.217],0.00,0.00,-0.00,0.00,0.01,-0.01,1.04,0.73,0.67,1.40,433.00
[16:26:17.238],0.00,0.00,-0.00,0.00,0.01,-0.00,1.04,0.79,0.79,1.46,433.00
[16:26:17.264],0.00,0.00,-0.00,0.00,0.01,-0.01,1.04,0.79,0.73,1.40,433.00
[16:26:17.290],0.00,0.00,-0.00,0.00,0.01,-0.01,1.04,0.79,0.73,1.40,433.00
[16:26:17.316],0.00,0.00,-0.00,0.00,0.01,-0.01,1.04,0.79,0.73,1.40,433.00
[16:26:17.342],0.00,0.00,-0.00,0.00,0.01,-0.00,1.04,0.67,0.67,1.53,433.00
[16:26:17.363],0.00,0.00,-0.00,0.00,0.01,-0.00,1.04,0.67,0.73,1.40,434.00
[16:26:17.389],0.00,0.00,-0.00,0.00,0.01,-0.00,1.04,0.67,0.79,1.40,434.00
[16:26:17.414],0.00,0.00,-0.00,0.00,0.01,-0.00,1.04,0.79,0.67,1.46,436.00
[16:26:17.440],0.00,0.00,-0.00,0.00,0.01,-0.00,1.04,0.85,0.73,1.53,436.00
[16:26:17.466],0.00,0.00,-0.00,0.00,0.01,-0.00,1.04,0.79,0.73,1.46,436.00
[16:26:17.492],0.00,0.00,-0.00,0.00,0.01,-0.00,1.04,0.79,0.73,1.46,436.00
[16:26:17.518],0.00,0.00,-0.00,0.00,0.01,-0.01,1.04,0.79,0.67,1.40,434.00
[16:26:17.544],0.00,0.00,-0.00,0.00,0.01,-0.00,1.04,0.85,0.79,1.46,434.00
[16:26:17.565],0.00,0.00,-0.00,0.00,0.01,-0.00,1.04,0.67,0.73,1.40,434.00
[16:26:17.591],0.00,0.00,-0.00,0.00,0.01,-0.00,1.04,0.79,0.85,1.40,434.00
[16:26:17.617],0.00,0.00,-0.00,0.00,0.01,-0.00,1.04,0.73,0.67,1.40,434.00
[16:26:17.644],0.00,0.00,-0.00,0.00,0.01,-0.00,1.04,0.85,0.73,1.40,434.00
[16:26:17.665],0.00,0.00,-0.00,0.00,0.01,-0.00,1.04,0.85,0.73,1.40,434.00
[16:26:17.690],0.00,0.00,-0.00,0.00,0.01,-0.01,1.04,0.73,0.85,1.40,434.00
[16:26:17.716],0.00,0.00,-0.00,0.00,0.01,-0.00,1.04,0.61,0.67,1.40,435.00
[16:26:17.742],0.00,0.00,-0.00,0.00,0.01,-0.00,1.04,0.79,0.73,1.46,435.00
[16:26:17.768],0.00,0.00,-0.00,0.00,0.01,-0.00,1.04,0.67,0.67,1.40,435.00
[16:26:17.794],0.00,0.00,-0.00,0.00,0.01,-0.00,1.04,0.67,0.73,1.40,435.00
[16:26:17.815],0.00,0.00,-0.00,0.00,0.01,-0.01,1.04,0.67,0.85,1.40,435.00
[16:26:17.845],0.00,0.00,-0.00,0.00,0.01,-0.00,1.04,0.79,0.73,1.40,435.00
[16:26:17.866],0.00,0.00,-0.00,0.00,0.01,-0.00,1.04,0.79,0.73,1.40,436.00
[16:26:17.892],0.00,0.00,-0.00,0.00,0.01,-0.00,1.04,0.85,0.79,1.46,436.00
[16:26:17.918],0.00,0.00,-0.00,0.00,0.01,-0.00,1.04,0.73,0.73,1.46,436.00
[16:26:17.944],0.00,0.00,-0.00,0.00,0.01,-0.00,1.04,0.73,0.73,1.34,436.00
[16:26:17.970],0.00,0.00,-0.00,0.00,0.01,-0.01,1.04,0.79,0.73,1.40,435.00
[16:26:17.996],0.00,0.00,-0.00,0.00,0.01,-0.00,1.04,0.79,0.79,1.46,435.00
[16:26:18.017],0.00,0.00,-0.00,0.00,0.01,-0.01,1.04,0.73,0.73,1.46,435.00
[16:26:18.048],0.00,0.00,-0.00,0.00,0.01,-0.00,1.04,0.79,0.79,1.40,435.00
[16:26:18.073],0.00,0.00,-0.00,0.00,0.01,-0.00,1.04,0.79,0.79,1.40,435.00
[16:26:18.094],0.00,0.00,-0.00,0.00,0.01,-0.00,1.04,0.67,0.79,1.40,435.00
[16:26:18.120],0.00,0.00,-0.00,0.00,0.01,-0.00,1.04,0.79,0.73,1.46,435.00
[16:26:18.146],0.00,0.00,-0.00,0.00,0.01,-0.00,1.04,0.79,0.85,1.34,435.00
[16:26:18.173],0.00,0.00,-0.00,0.00,0.01,-0.00,1.04,0.79,0.73,1.40,434.00
[16:26:18.194],0.00,0.00,-0.00,0.00,0.01,-0.00,1.04,0.79,0.73,1.46,434.00
[16:26:18.220],0.00,0.00,-0.00,0.00,0.01,-0.01,1.04,0.79,0.73,1.46,434.00
[16:26:18.246],0.00,0.00,-0.00,0.00,0.01,-0.01,1.04,0.79,0.73,1.46,436.00
[16:26:18.272],0.00,0.00,-0.00,0.00,0.01,-0.00,1.04,0.85,0.67,1.46,436.00
[16:26:18.298],0.00,0.00,-0.00,0.00,0.01,-0.00,1.04,0.79,0.73,1.53,436.00
[16:26:18.319],0.00,0.00,-0.00,0.00,0.01,-0.00,1.04,0.73,0.73,1.46,436.00
[16:26:18.345],0.00,0.00,-0.00,0.00,0.01,-0.00,1.04,0.79,0.73,1.53,437.00
[16:26:18.371],0.00,0.00,-0.00,0.00,0.01,-0.00,1.04,0.67,0.67,1.40,437.00
[16:26:18.397],0.00,0.00,-0.00,0.00,0.01,-0.01,1.04,0.73,0.79,1.53,437.00
[16:26:18.423],0.00,0.00,-0.00,0.00,0.01,-0.00,1.04,0.73,0.67,1.53,437.00
[16:26:18.449],0.00,0.00,-0.00,0.00,0.01,-0.00,1.04,0.73,0.67,1.53,434.00
[16:26:18.475],0.00,0.00,-0.00,0.00,0.01,-0.00,1.04,0.73,0.67,1.40,434.00
[16:26:18.501],0.00,0.00,-0.00,0.00,0.01,-0.00,1.04,0.73,0.79,1.46,434.00
[16:26:18.522],0.00,0.00,-0.00,0.00,0.01,-0.00,1.04,0.73,0.73,1.53,434.00
[16:26:18.547],0.00,0.00,-0.00,0.00,0.01,-0.00,1.04,0.79,0.73,1.40,434.00
[16:26:18.574],0.00,0.00,-0.00,0.00,0.01,-0.00,1.04,0.98,0.79,1.40,434.00
[16:26:18.600],0.00,0.00,-0.00,0.00,0.01,-0.01,1.04,0.73,0.67,1.53,434.00
[16:26:18.626],0.00,0.00,-0.00,0.00,0.01,-0.00,1.04,0.73,0.73,1.46,434.00
[16:26:18.652],0.00,0.00,-0.00,0.00,0.01,-0.00,1.04,0.73,0.73,1.46,435.00
[16:26:18.677],0.00,0.00,-0.00,0.00,0.01,-0.01,1.04,0.79,0.79,1.40,435.00
[16:26:18.703],0.00,0.00,-0.00,0.00,0.01,-0.00,1.04,0.73,0.67,1.40,437.00
[16:26:18.724],0.00,0.00,-0.00,0.00,0.01,-0.00,1.04,0.73,0.73,1.46,437.00
[16:26:18.750],0.00,0.00,-0.00,0.00,0.01,-0.00,1.04,0.73,0.79,1.40,437.00
[16:26:18.776],0.00,0.00,-0.00,0.00,0.01,-0.01,1.04,0.73,0.73,1.40,437.00
[16:26:18.802],0.00,0.00,-0.00,0.00,0.01,-0.00,1.04,0.73,0.73,1.40,433.00
[16:26:18.828],0.00,0.00,-0.00,0.00,0.01,-0.00,1.04,0.73,0.73,1.40,433.00
[16:26:18.854],0.00,0.00,-0.00,0.00,0.01,-0.00,1.04,0.79,0.61,1.40,433.00
[16:26:18.875],0.00,0.00,-0.00,0.00,0.01,-0.01,1.04,0.73,0.73,1.46,433.00
[16:26:18.900],0.00,0.00,-0.00,0.00,0.01,-0.00,1.04,0.79,0.73,1.46,437.00
[16:26:18.926],0.00,0.00,-0.00,0.00,0.01,-0.00,1.04,0.73,0.61,1.34,437.00
[16:26:18.952],0.00,0.00,-0.00,0.00,0.01,-0.00,1.04,0.79,0.73,1.46,437.00
[16:26:18.978],0.00,0.00,-0.00,0.00,0.01,-0.00,1.04,0.73,0.73,1.40,437.00
[16:26:19.004],0.00,0.00,-0.00,0.00,0.01,-0.00,1.04,0.73,0.73,1.46,432.00
[16:26:19.030],0.00,0.00,-0.00,0.00,0.01,-0.00,1.04,0.73,0.73,1.46,432.00
[16:26:19.056],0.00,0.00,-0.00,0.00,0.01,-0.00,1.04,0.67,0.73,1.53,432.00
[16:26:19.077],0.00,0.00,-0.00,0.00,0.01,-0.00,1.04,0.73,0.79,1.46,432.00
[16:26:19.103],0.00,0.00,-0.00,0.00,0.01,-0.00,1.04,0.73,0.79,1.40,435.00
[16:26:19.129],0.00,0.00,-0.00,0.00,0.01,-0.00,1.04,0.85,0.73,1.46,435.00
[16:26:19.155],0.00,0.00,-0.00,0.00,0.01,-0.00,1.04,0.73,0.73,1.46,434.00
[16:26:19.181],0.00,0.00,-0.00,0.00,0.01,-0.00,1.04,0.73,0.73,1.40,434.00
[16:26:19.202],0.00,0.00,-0.00,0.00,0.01,-0.00,1.04,0.73,0.73,1.40,434.00
[16:26:19.228],0.00,0.00,-0.00,0.00,0.01,-0.00,1.04,0.79,0.61,1.46,434.00
[16:26:19.254],0.00,0.00,-0.00,0.00,0.01,-0.01,1.04,0.79,0.79,1.34,436.00
[16:26:19.280],0.00,0.00,-0.00,0.00,0.01,-0.00,1.04,0.85,0.79,1.46,436.00
[16:26:19.306],0.00,0.00,-0.00,0.00,0.01,-0.00,1.04,0.67,0.85,1.46,436.00
[16:26:19.327],0.00,0.00,-0.00,0.00,0.01,-0.00,1.04,0.79,0.67,1.40,436.00
[16:26:19.353],0.00,0.00,-0.00,0.00,0.01,-0.00,1.04,0.73,0.61,1.40,434.00
[16:26:19.379],0.00,0.00,-0.00,0.00,0.01,-0.00,1.04,0.79,0.79,1.40,434.00
[16:26:19.405],0.00,0.00,-0.00,0.00,0.01,-0.00,1.04,0.79,0.79,1.40,434.00
[16:26:19.431],0.00,0.00,-0.00,0.00,0.01,-0.01,1.04,0.73,0.73,1.40,434.00
[16:26:19.457],0.00,0.00,-0.00,0.00,0.01,-0.00,1.04,0.67,0.61,1.40,435.00
[16:26:19.478],0.00,0.00,-0.00,0.00,0.01,-0.00,1.04,0.85,0.73,1.46,435.00
[16:26:19.504],0.00,0.00,-0.00,0.00,0.01,-0.00,1.04,0.73,0.73,1.40,433.00
[16:26:19.530],0.00,0.00,-0.00,0.00,0.01,-0.00,1.04,0.79,0.67,1.40,433.00
[16:26:19.556],0.00,0.00,-0.00,0.00,0.01,-0.00,1.04,0.79,0.67,1.34,433.00
[16:26:19.582],0.00,0.00,-0.00,0.00,0.01,-0.00,1.04,0.79,0.67,1.34,433.00
[16:26:19.603],0.00,0.00,-0.00,0.00,0.01,-0.00,1.04,0.79,0.73,1.46,433.00
[16:26:19.629],0.00,0.00,-0.00,0.00,0.01,-0.01,1.04,0.73,0.73,1.53,435.00
[16:26:19.656],0.00,0.00,-0.00,0.00,0.01,-0.00,1.04,0.85,0.73,1.46,435.00
[16:26:19.682],0.00,0.00,-0.00,0.00,0.01,-0.00,1.04,0.79,0.85,1.40,435.00
[16:26:19.708],0.00,0.00,-0.00,0.00,0.01,-0.00,1.04,0.73,0.79,1.40,435.00
[16:26:19.729],0.00,0.00,-0.00,0.00,0.01,-0.00,1.04,0.73,0.79,1.40,433.00
[16:26:19.760],0.00,0.00,-0.00,0.00,0.01,-0.00,1.04,0.73,0.73,1.40,433.00
[16:26:19.781],0.00,0.00,-0.00,0.00,0.01,-0.00,1.04,0.73,0.73,1.40,433.00
[16:26:19.807],0.00,0.00,-0.00,0.00,0.01,-0.01,1.04,0.79,0.67,1.46,433.00
[16:26:19.833],0.00,0.00,-0.00,0.00,0.01,-0.00,1.04,0.73,0.73,1.46,437.00
[16:26:19.859],0.00,0.00,-0.00,0.00,0.01,-0.00,1.04,0.79,0.73,1.40,437.00
[16:26:19.885],0.00,0.00,-0.00,0.00,0.01,-0.00,1.04,0.67,0.73,1.34,437.00
[16:26:19.905],0.00,0.00,-0.00,0.00,0.01,-0.00,1.04,0.79,0.67,1.46,437.00
[16:26:19.931],0.00,0.00,-0.00,0.00,0.01,-0.01,1.04,0.67,0.79,1.46,435.00
[16:26:19.962],0.00,0.00,-0.00,0.00,0.01,-0.00,1.04,0.79,0.79,1.46,435.00
[16:26:19.983],0.00,0.00,-0.00,0.00,0.01,-0.00,1.04,0.79,0.79,1.46,433.00
[16:26:20.009],0.00,0.00,-0.00,0.00,0.01,-0.00,1.04,0.79,0.79,1.46,433.00
[16:26:20.035],0.00,0.00,-0.00,0.00,0.01,-0.00,1.04,0.73,0.79,1.53,433.00
[16:26:20.061],0.00,0.00,-0.00,0.00,0.01,-0.00,1.04,0.67,0.79,1.40,433.00
[16:26:20.087],0.00,0.00,-0.00,0.00,0.01,-0.00,1.04,0.79,0.79,1.40,435.00
[16:26:20.108],0.00,0.00,-0.00,0.00,0.01,-0.00,1.04,0.79,0.73,1.46,435.00
[16:26:20.135],0.00,0.00,-0.00,0.00,0.01,-0.00,1.04,0.79,0.67,1.53,435.00
[16:26:20.161],0.00,0.00,-0.00,0.00,0.01,-0.00,1.04,0.79,0.67,1.53,435.00
[16:26:20.186],0.00,0.00,-0.00,0.00,0.01,-0.00,1.04,0.61,0.73,1.46,432.00
[16:26:20.212],0.00,0.00,-0.00,0.00,0.01,-0.00,1.04,0.85,0.67,1.53,432.00
[16:26:20.233],0.00,0.00,-0.00,0.00,0.01,-0.01,1.04,0.73,0.67,1.40,432.00
[16:26:20.259],0.00,0.00,-0.00,0.00,0.01,-0.00,1.04,0.73,0.85,1.40,432.00
[16:26:20.285],0.00,0.00,-0.00,0.00,0.01,-0.00,1.04,0.79,0.73,1.46,437.00
[16:26:20.311],0.00,0.00,-0.00,0.00,0.01,-0.00,1.04,0.61,0.73,1.40,437.00
[16:26:20.337],0.00,0.00,-0.00,0.00,0.01,-0.00,1.04,0.79,0.73,1.46,437.00
[16:26:20.362],0.00,0.00,-0.00,0.00,0.01,-0.00,1.04,0.79,0.73,1.46,437.00
[16:26:20.388],0.00,0.00,-0.00,0.00,0.01,-0.01,1.04,0.79,0.73,1.46,432.00
[16:26:20.414],0.00,0.00,-0.00,0.00,0.01,-0.00,1.04,0.73,0.79,1.46,432.00
[16:26:20.440],0.00,0.00,-0.00,0.00,0.01,-0.00,1.04,0.73,0.79,1.46,431.00
[16:26:20.461],0.00,0.00,-0.00,0.00,0.01,-0.00,1.04,0.79,0.67,1.46,431.00
[16:26:20.487],0.00,0.00,-0.00,0.00,0.01,-0.00,1.04,0.67,0.73,1.46,431.00
[16:26:20.513],0.00,0.00,-0.00,0.00,0.01,-0.00,1.04,0.85,0.73,1.34,431.00
[16:26:20.539],0.00,0.00,-0.00,0.00,0.01,-0.00,1.04,0.85,0.73,1.34,432.00
[16:26:20.564],0.00,0.00,-0.00,0.00,0.01,-0.01,1.04,0.85,0.67,1.46,432.00
[16:26:20.585],0.00,0.00,-0.00,0.00,0.01,-0.00,1.04,0.85,0.67,1.46,432.00
[16:26:20.611],0.00,0.00,-0.00,0.00,0.01,-0.01,1.04,0.85,0.73,1.46,432.00
[16:26:20.637],0.00,0.00,-0.00,0.00,0.01,-0.00,1.04,0.73,0.67,1.53,434.00
[16:26:20.663],0.00,0.00,-0.00,0.00,0.01,-0.00,1.04,0.79,0.61,1.40,434.00
[16:26:20.689],0.00,0.00,-0.00,0.00,0.01,-0.00,1.04,0.79,0.73,1.46,434.00
[16:26:20.715],0.00,0.00,-0.00,0.00,0.01,-0.01,1.04,0.73,0.73,1.53,434.00
[16:26:20.740],0.00,0.00,-0.00,0.00,0.01,-0.01,1.04,0.73,0.73,1.53,434.00
[16:26:20.766],0.00,0.00,-0.00,0.00,0.01,-0.01,1.04,0.79,0.73,1.40,434.00
[16:26:20.792],0.00,0.00,-0.00,0.00,0.01,-0.00,1.04,0.79,0.79,1.40,433.00
[16:26:20.813],0.00,0.00,-0.00,0.00,0.01,-0.00,1.04,0.73,0.73,1.46,433.00
[16:26:20.839],0.00,0.00,-0.00,0.00,0.01,-0.01,1.04,0.79,0.73,1.34,433.00
[16:26:20.865],0.00,0.00,-0.00,0.00,0.01,-0.01,1.04,0.79,0.85,1.46,433.00
[16:26:20.891],0.00,0.00,-0.00,0.00,0.01,-0.01,1.04,0.79,0.73,1.40,438.00
[16:26:20.917],0.00,0.00,-0.00,0.00,0.01,-0.00,1.04,0.79,0.79,1.46,438.00
[16:26:20.943],0.00,0.00,-0.00,0.00,0.01,-0.00,1.04,0.79,0.79,1.46,438.00
[16:26:20.969],0.00,0.00,-0.00,0.00,0.01,-0.01,1.04,0.73,0.73,1.53,438.00
[16:26:20.995],0.00,0.00,-0.00,0.00,0.01,-0.00,1.04,0.73,0.79,1.40,435.00
[16:26:21.016],0.00,0.00,-0.00,0.00,0.01,-0.00,1.04,0.79,0.67,1.40,435.00
[16:26:21.041],0.00,0.00,-0.00,0.00,0.01,-0.01,1.04,0.73,0.73,1.46,435.00
[16:26:21.067],0.00,0.00,-0.00,0.00,0.01,-0.00,1.04,0.79,0.85,1.40,435.00
[16:26:21.093],0.00,0.00,-0.00,0.00,0.01,-0.00,1.04,0.67,0.85,1.40,436.00
[16:26:21.119],0.00,0.00,-0.00,0.00,0.01,-0.00,1.04,0.79,0.73,1.40,436.00
[16:26:21.146],0.00,0.00,-0.00,0.00,0.01,-0.00,1.04,0.79,0.73,1.40,436.00
[16:26:21.171],0.00,0.00,-0.00,0.00,0.01,-0.00,1.04,0.73,0.67,1.40,436.00
[16:26:21.198],0.00,0.00,-0.00,0.00,0.01,-0.01,1.04,0.73,0.79,1.40,432.00
[16:26:21.219],0.00,0.00,-0.00,0.00,0.01,-0.00,1.04,0.79,0.67,1.46,432.00
[16:26:21.245],0.00,0.00,-0.00,0.00,0.01,-0.01,1.04,0.67,0.73,1.34,435.00
[16:26:21.271],0.00,0.00,-0.00,0.00,0.01,-0.00,1.04,0.73,0.73,1.40,435.00
[16:26:21.298],0.00,0.00,-0.00,0.00,0.01,-0.01,1.04,0.73,0.85,1.40,435.00
[16:26:21.319],0.00,0.00,-0.00,0.00,0.01,-0.01,1.04,0.73,0.85,1.40,435.00
[16:26:21.345],0.00,0.00,-0.00,0.00,0.01,-0.00,1.04,0.79,0.67,1.46,435.00
[16:26:21.371],0.00,0.00,-0.00,0.00,0.01,-0.00,1.04,0.73,0.67,1.40,433.00
[16:26:21.397],0.00,0.00,-0.00,0.00,0.01,-0.00,1.04,0.79,0.67,1.40,433.00
[16:26:21.423],0.00,0.00,-0.00,0.00,0.01,-0.00,1.04,0.79,0.73,1.46,433.00
[16:26:21.444],0.00,0.00,-0.00,0.00,0.01,-0.01,1.04,0.79,0.79,1.34,433.00
[16:26:21.470],0.00,0.00,-0.00,0.00,0.01,-0.00,1.04,0.73,0.61,1.46,433.00
[16:26:21.496],0.00,0.00,-0.00,0.00,0.01,-0.00,1.04,0.67,0.73,1.46,433.00
[16:26:21.522],0.00,0.00,-0.00,0.00,0.01,-0.00,1.04,0.67,0.73,1.46,433.00
[16:26:21.548],0.00,0.00,-0.00,0.00,0.01,-0.00,1.04,0.79,0.85,1.34,433.00
[16:26:21.574],0.00,0.00,-0.00,0.00,0.01,-0.01,1.04,0.79,0.67,1.46,433.00
[16:26:21.600],0.00,0.00,-0.00,0.00,0.01,-0.00,1.04,0.67,0.73,1.40,433.00
[16:26:21.620],0.00,0.00,-0.00,0.00,0.01,-0.00,1.04,0.73,0.67,1.40,435.00
[16:26:21.646],0.00,0.00,-0.00,0.00,0.01,-0.01,1.04,0.67,0.79,1.40,435.00
[16:26:21.672],0.00,0.00,-0.00,0.00,0.01,-0.01,1.04,0.61,0.79,1.40,435.00
[16:26:21.698],0.00,0.00,-0.00,0.00,0.01,-0.01,1.04,0.61,0.79,1.40,435.00
[16:26:21.724],0.00,0.00,-0.00,0.00,0.01,-0.00,1.04,0.79,0.67,1.40,434.00
[16:26:21.745],0.00,0.00,-0.00,0.00,0.01,-0.00,1.04,0.67,0.79,1.40,434.00
[16:26:21.772],0.00,0.00,-0.00,0.00,0.01,-0.01,1.04,0.73,0.73,1.40,434.00
[16:26:21.798],0.00,0.00,-0.00,0.00,0.01,-0.00,1.04,0.73,0.67,1.40,434.00
[16:26:21.824],0.00,0.00,-0.00,0.00,0.01,-0.00,1.04,0.79,0.79,1.46,436.00
[16:26:21.850],0.00,0.00,-0.00,0.00,0.01,-0.01,1.04,0.79,0.73,1.46,436.00
[16:26:21.875],0.00,0.00,-0.00,0.00,0.01,-0.00,1.04,0.67,0.79,1.46,436.00
[16:26:21.901],0.00,0.00,-0.00,0.00,0.01,-0.00,1.04,0.67,0.79,1.46,436.00
[16:26:21.927],0.00,0.00,-0.00,0.00,0.01,-0.01,1.04,0.79,0.73,1.40,437.00
[16:26:21.948],0.00,0.00,-0.00,0.00,0.01,-0.00,1.04,0.79,0.73,1.40,437.00
[16:26:21.974],0.00,0.00,-0.00,0.00,0.01,-0.00,1.04,0.85,0.73,1.46,437.00
[16:26:22.000],0.00,0.00,-0.00,0.00,0.01,-0.01,1.04,0.79,0.61,1.40,437.00
[16:26:22.026],0.00,0.00,-0.00,0.00,0.01,-0.00,1.04,0.73,0.67,1.40,434.00
[16:26:22.051],0.00,0.00,-0.00,0.00,0.01,-0.00,1.04,0.73,0.67,1.46,434.00
[16:26:22.072],0.00,0.00,-0.00,0.00,0.01,-0.00,1.04,0.73,0.67,1.46,435.00
[16:26:22.098],0.00,0.00,-0.00,0.00,0.01,-0.01,1.04,0.79,0.73,1.40,435.00
[16:26:22.124],0.00,0.00,-0.00,0.00,0.01,-0.00,1.04,0.73,0.67,1.46,435.00
[16:26:22.150],0.00,0.00,-0.00,0.00,0.01,-0.00,1.04,0.79,0.67,1.46,435.00
[16:26:22.176],0.00,0.00,-0.00,0.00,0.01,-0.00,1.04,0.79,0.79,1.53,435.00
[16:26:22.201],0.00,0.00,-0.00,0.00,0.01,-0.00,1.04,0.73,0.67,1.53,435.00
[16:26:22.227],0.00,0.00,-0.00,0.00,0.01,-0.00,1.04,0.79,0.73,1.40,435.00
[16:26:22.253],0.00,0.00,-0.00,0.00,0.01,-0.01,1.04,0.73,0.73,1.46,435.00
[16:26:22.279],0.00,0.00,-0.00,0.00,0.01,-0.01,1.04,0.73,0.73,1.46,433.00
[16:26:22.300],0.00,0.00,-0.00,0.00,0.01,-0.00,1.04,0.73,0.73,1.46,433.00
[16:26:22.326],0.00,0.00,-0.00,0.00,0.01,-0.00,1.04,0.79,0.79,1.40,433.00
[16:26:22.351],0.00,0.00,-0.00,0.00,0.01,-0.00,1.04,0.73,0.67,1.46,433.00
[16:26:22.377],0.00,0.00,-0.00,0.00,0.01,-0.01,1.04,0.79,0.73,1.46,434.00
[16:26:22.403],0.00,0.00,-0.00,0.00,0.01,-0.01,1.04,0.79,0.79,1.34,434.00
[16:26:22.429],0.00,0.00,-0.00,0.00,0.01,-0.00,1.04,0.79,0.67,1.53,434.00
[16:26:22.450],0.00,0.00,-0.00,0.00,0.01,-0.00,1.04,0.79,0.67,1.53,434.00
[16:26:22.476],0.00,0.00,-0.00,0.00,0.01,-0.01,1.04,0.67,0.61,1.46,437.00
[16:26:22.502],0.00,0.00,-0.00,0.00,0.01,-0.00,1.04,0.73,0.73,1.40,437.00
[16:26:22.528],0.00,0.00,-0.00,0.00,0.01,-0.00,1.04,0.92,0.85,1.40,436.00
[16:26:22.554],0.00,0.00,-0.00,0.00,0.01,-0.01,1.04,0.79,0.67,1.34,436.00
[16:26:22.574],0.00,0.00,-0.00,0.00,0.01,-0.00,1.04,0.79,0.73,1.46,436.00
[16:26:22.600],0.00,0.00,-0.00,0.00,0.01,-0.01,1.04,0.79,0.73,1.40,436.00
[16:26:22.631],0.00,0.00,-0.00,0.00,0.01,-0.01,1.04,0.67,0.67,1.46,434.00
[16:26:22.658],0.00,0.00,-0.00,0.00,0.01,-0.00,1.04,0.73,0.67,1.46,434.00
[16:26:22.684],0.00,0.00,-0.00,0.00,0.01,-0.00,1.04,0.73,0.67,1.46,434.00
[16:26:22.710],0.00,0.00,-0.00,0.00,0.01,-0.01,1.04,0.73,0.67,1.46,434.00
[16:26:22.731],0.00,0.00,-0.00,0.00,0.01,-0.00,1.04,0.79,0.67,1.34,436.00
[16:26:22.757],0.00,0.00,-0.00,0.00,0.01,-0.00,1.04,0.73,0.73,1.46,436.00
[16:26:22.783],0.00,0.00,-0.00,0.00,0.01,-0.00,1.04,0.85,0.67,1.34,436.00
[16:26:22.809],0.00,0.00,-0.00,0.00,0.01,-0.00,1.04,0.73,0.73,1.40,436.00
[16:26:22.835],0.00,0.00,-0.00,0.00,0.01,-0.00,1.04,0.73,0.73,1.34,436.00
[16:26:22.861],0.00,0.00,-0.00,0.00,0.01,-0.00,1.04,0.73,0.73,1.40,433.00
[16:26:22.886],0.00,0.00,-0.00,0.00,0.01,-0.00,1.04,0.73,0.73,1.40,435.00
[16:26:22.912],0.00,0.00,-0.00,0.00,0.01,-0.01,1.04,0.67,0.73,1.40,435.00
[16:26:22.933],0.00,0.00,-0.00,0.00,0.01,-0.00,1.04,0.79,0.73,1.40,435.00
[16:26:22.959],0.00,0.00,-0.00,0.00,0.01,-0.00,1.04,0.67,0.73,1.46,435.00
[16:26:22.985],0.00,0.00,-0.00,0.00,0.01,-0.00,1.04,0.79,0.73,1.40,435.00
[16:26:23.011],0.00,0.00,-0.00,0.00,0.01,-0.00,1.04,0.79,0.85,1.34,434.00
[16:26:23.037],0.00,0.00,-0.00,0.00,0.01,-0.00,1.04,0.73,0.73,1.34,434.00
[16:26:23.063],0.00,0.00,-0.00,0.00,0.01,-0.00,1.04,0.73,0.73,1.34,434.00
[16:26:23.084],0.00,0.00,-0.00,0.00,0.01,-0.00,1.04,0.73,0.67,1.40,434.00
[16:26:23.110],0.00,0.00,-0.00,0.00,0.01,-0.01,1.04,0.79,0.73,1.46,432.00
[16:26:23.136],0.00,0.00,-0.00,0.00,0.01,-0.00,1.04,0.67,0.73,1.40,432.00
[16:26:23.162],0.00,0.00,-0.00,0.00,0.01,-0.01,1.04,0.73,0.73,1.40,432.00
[16:26:23.188],0.00,0.00,-0.00,0.00,0.01,-0.01,1.04,0.67,0.73,1.34,432.00
[16:26:23.208],0.00,0.00,-0.00,0.00,0.01,-0.00,1.04,0.79,0.73,1.46,435.00
[16:26:23.239],0.00,0.00,-0.00,0.00,0.01,-0.00,1.04,0.79,0.73,1.46,435.00
[16:26:23.260],0.00,0.00,-0.00,0.00,0.01,-0.00,1.04,0.79,0.73,1.46,435.00
[16:26:23.286],0.00,0.00,-0.00,0.00,0.01,-0.00,1.04,0.67,0.79,1.40,435.00
[16:26:23.313],0.00,0.00,-0.00,0.00,0.01,-0.00,1.04,0.73,0.67,1.40,434.00
[16:26:23.339],0.00,0.00,-0.00,0.00,0.01,-0.00,1.04,0.61,0.79,1.46,434.00
[16:26:23.364],0.00,0.00,-0.00,0.00,0.01,-0.01,1.04,0.85,0.79,1.53,433.00
[16:26:23.386],0.00,0.00,-0.00,0.00,0.01,-0.00,1.04,0.79,0.79,1.46,433.00
[16:26:23.412],0.00,0.00,-0.00,0.00,0.01,-0.01,1.04,0.73,0.73,1.46,433.00
[16:26:23.438],0.00,0.00,-0.00,0.00,0.01,-0.01,1.04,0.73,0.73,1.46,433.00
[16:26:23.463],0.00,0.00,-0.00,0.00,0.01,-0.00,1.04,0.79,0.79,1.46,436.00
[16:26:23.489],0.00,0.00,-0.00,0.00,0.01,-0.00,1.04,0.73,0.79,1.53,436.00
[16:26:23.515],0.00,0.00,-0.00,0.00,0.01,-0.00,1.04,0.73,0.67,1.40,436.00
[16:26:23.536],0.00,0.00,-0.00,0.00,0.01,-0.00,1.04,0.79,0.79,1.46,436.00
[16:26:23.562],0.00,0.00,-0.00,0.00,0.01,-0.00,1.04,0.79,0.79,1.40,434.00
[16:26:23.588],0.00,0.00,-0.00,0.00,0.01,-0.00,1.04,0.73,0.73,1.40,434.00
[16:26:23.613],0.00,0.00,-0.00,0.00,0.01,-0.00,1.04,0.79,0.73,1.46,434.00
[16:26:23.639],0.00,0.00,-0.00,0.00,0.01,-0.00,1.04,0.79,0.73,1.46,434.00
[16:26:23.665],0.00,0.00,-0.00,0.00,0.01,-0.01,1.04,0.73,0.73,1.34,433.00
[16:26:23.691],0.00,0.00,-0.00,0.00,0.01,-0.01,1.04,0.85,0.73,1.28,433.00
[16:26:23.717],0.00,0.00,-0.00,0.00,0.01,-0.01,1.04,0.67,0.79,1.40,436.00
[16:26:23.738],0.00,0.00,-0.00,0.00,0.01,-0.00,1.04,0.73,0.79,1.40,436.00
[16:26:23.763],0.00,0.00,-0.00,0.00,0.01,-0.00,1.04,0.79,0.61,1.40,436.00
[16:26:23.789],0.00,0.00,-0.00,0.00,0.01,-0.00,1.04,0.67,0.73,1.46,436.00
[16:26:23.820],0.00,0.00,-0.00,0.00,0.01,-0.00,1.04,0.79,0.79,1.46,432.00
[16:26:23.841],0.00,0.00,-0.00,0.00,0.01,-0.00,1.04,0.79,0.79,1.46,432.00
[16:26:23.867],0.00,0.00,-0.00,0.00,0.01,-0.00,1.04,0.79,0.79,1.46,432.00
[16:26:23.893],0.00,0.00,-0.00,0.00,0.01,-0.01,1.04,0.67,0.92,1.40,432.00
[16:26:23.918],0.00,0.00,-0.00,0.00,0.01,-0.00,1.04,0.73,0.79,1.34,436.00
[16:26:23.945],0.00,0.00,-0.00,0.00,0.01,-0.00,1.04,0.73,0.85,1.40,436.00
[16:26:23.965],0.00,0.00,-0.00,0.00,0.01,-0.00,1.04,0.73,0.79,1.40,436.00
[16:26:23.991],0.00,0.00,-0.00,0.00,0.01,-0.00,1.04,0.73,0.73,1.28,436.00
[16:26:24.022],0.00,0.00,-0.00,0.00,0.01,-0.00,1.04,0.73,0.73,1.53,435.00
[16:26:24.043],0.00,0.00,-0.00,0.00,0.01,-0.00,1.04,0.73,0.73,1.53,435.00
[16:26:24.069],0.00,0.00,-0.00,0.00,0.01,-0.01,1.04,0.73,0.73,1.40,435.00
[16:26:24.095],0.00,0.00,-0.00,0.00,0.01,-0.00,1.04,0.73,0.85,1.46,435.00
[16:26:24.121],0.00,0.00,-0.00,0.00,0.01,-0.00,1.04,0.67,0.73,1.40,435.00
[16:26:24.147],0.00,0.00,-0.00,0.00,0.01,-0.00,1.04,0.67,0.73,1.34,435.00
[16:26:24.168],0.00,0.00,-0.00,0.00,0.01,-0.00,1.04,0.67,0.79,1.40,436.00
[16:26:24.194],0.00,0.00,-0.00,0.00,0.01,-0.00,1.04,0.79,0.61,1.46,436.00
[16:26:24.220],0.00,0.00,-0.00,0.00,0.01,-0.00,1.04,0.79,0.61,1.46,436.00
[16:26:24.246],0.00,0.00,-0.00,0.00,0.01,-0.00,1.04,0.67,0.67,1.40,436.00
[16:26:24.272],0.00,0.00,-0.00,0.00,0.01,-0.00,1.04,0.79,0.73,1.46,433.00
[16:26:24.298],0.00,0.00,-0.00,0.00,0.01,-0.00,1.04,0.79,0.79,1.46,433.00
[16:26:24.318],0.00,0.00,-0.00,0.00,0.01,-0.00,1.04,0.73,0.79,1.34,433.00
[16:26:24.344],0.00,0.00,-0.00,0.00,0.01,-0.00,1.04,0.85,0.79,1.46,433.00
[16:26:24.370],0.00,0.00,-0.00,0.00,0.01,-0.00,1.04,0.73,0.67,1.40,435.00
[16:26:24.396],0.00,0.00,-0.00,0.00,0.01,-0.00,1.04,0.73,0.73,1.40,435.00
[16:26:24.421],0.00,0.00,-0.00,0.00,0.01,-0.00,1.04,0.73,0.73,1.40,435.00
[16:26:24.447],0.00,0.00,-0.00,0.00,0.01,-0.00,1.04,0.67,0.73,1.40,435.00
[16:26:24.473],0.00,0.00,-0.00,0.00,0.01,-0.00,1.04,0.73,0.67,1.40,434.00
[16:26:24.499],0.00,0.00,-0.00,0.00,0.01,-0.00,1.04,0.85,0.73,1.46,434.00
[16:26:24.520],0.00,0.00,-0.00,0.00,0.01,-0.00,1.04,0.73,0.67,1.46,434.00
[16:26:24.546],0.00,0.00,-0.00,0.00,0.01,-0.00,1.04,0.73,0.73,1.40,434.00
[16:26:24.572],0.00,0.00,-0.00,0.00,0.01,-0.00,1.04,0.73,0.73,1.53,434.00
[16:26:24.603],0.00,0.00,-0.00,0.00,0.01,-0.00,1.04,0.85,0.73,1.53,434.00
[16:26:24.629],0.00,0.00,-0.00,0.00,0.01,-0.00,1.04,0.85,0.73,1.53,434.00
[16:26:24.649],0.00,0.00,-0.00,0.00,0.01,-0.00,1.04,0.67,0.73,1.46,434.00
[16:26:24.677],0.00,0.00,-0.00,0.00,0.01,-0.00,1.04,0.67,0.79,1.40,434.00
[16:26:24.703],0.00,0.00,-0.00,0.00,0.01,-0.00,1.04,0.67,0.73,1.40,434.00
[16:26:24.724],0.00,0.00,-0.00,0.00,0.01,-0.01,1.04,0.79,0.79,1.40,434.00
[16:26:24.750],0.00,0.00,-0.00,0.00,0.01,-0.00,1.04,0.73,0.79,1.46,434.00
[16:26:24.776],0.00,0.00,-0.00,0.00,0.01,-0.01,1.04,0.73,0.79,1.53,434.00
[16:26:24.802],0.00,0.00,-0.00,0.00,0.01,-0.01,1.04,0.73,0.67,1.40,434.00
[16:26:24.828],0.00,0.00,-0.00,0.00,0.01,-0.01,1.04,0.73,0.67,1.40,434.00
[16:26:24.854],0.00,0.00,-0.00,0.00,0.01,-0.00,1.04,0.73,0.79,1.34,433.00
[16:26:24.880],0.00,0.00,-0.00,0.00,0.01,-0.00,1.04,0.79,0.73,1.46,433.00
[16:26:24.901],0.00,0.00,-0.00,0.00,0.01,-0.00,1.04,0.79,0.73,1.46,433.00
[16:26:24.927],0.00,0.00,-0.00,0.00,0.01,-0.01,1.04,0.73,0.73,1.40,433.00
[16:26:24.954],0.00,0.00,-0.00,0.00,0.01,-0.00,1.04,0.73,0.67,1.40,433.00
[16:26:24.980],0.00,0.00,-0.00,0.00,0.01,-0.00,1.04,0.79,0.73,1.40,433.00
[16:26:25.006],0.00,0.00,-0.00,0.00,0.01,-0.00,1.04,0.79,0.79,1.46,434.00
[16:26:25.032],0.00,0.00,-0.00,0.00,0.01,-0.00,1.04,0.79,0.79,1.46,434.00
[16:26:25.058],0.00,0.00,-0.00,0.00,0.01,-0.00,1.04,0.73,0.79,1.40,434.00
[16:26:25.084],0.00,0.00,-0.00,0.00,0.01,-0.01,1.04,0.73,0.67,1.46,434.00
[16:26:25.104],0.00,0.00,-0.00,0.00,0.01,-0.00,1.04,0.79,0.73,1.34,435.00
[16:26:25.130],0.00,0.00,-0.00,0.00,0.01,-0.00,1.04,0.79,0.67,1.53,435.00
[16:26:25.156],0.00,0.00,-0.00,0.00,0.01,-0.00,1.04,0.73,0.85,1.40,435.00
[16:26:25.182],0.00,0.00,-0.00,0.00,0.01,-0.01,1.04,0.73,0.73,1.59,435.00
[16:26:25.208],0.00,0.00,-0.00,0.00,0.01,-0.01,1.04,0.73,0.73,1.59,434.00
[16:26:25.234],0.00,0.00,-0.00,0.00,0.01,-0.00,1.04,0.73,0.67,1.53,434.00
[16:26:25.255],0.00,0.00,-0.00,0.00,0.01,-0.00,1.04,0.79,0.79,1.46,434.00
[16:26:25.281],0.00,0.00,-0.00,0.00,0.01,-0.00,1.04,0.67,0.73,1.53,434.00
[16:26:25.307],0.00,0.00,-0.00,0.00,0.01,-0.00,1.04,0.79,0.73,1.40,435.00
[16:26:25.333],0.00,0.00,-0.00,0.00,0.01,-0.00,1.04,0.79,0.67,1.40,435.00
[16:26:25.359],0.00,0.00,-0.00,0.00,0.01,-0.00,1.04,0.73,0.73,1.40,435.00
[16:26:25.385],0.00,0.00,-0.00,0.00,0.01,-0.00,1.04,0.79,0.79,1.40,435.00
[16:26:25.411],0.00,0.00,-0.00,0.00,0.01,-0.00,1.04,0.79,0.79,1.40,434.00
[16:26:25.432],0.00,0.00,-0.00,0.00,0.01,-0.00,1.04,0.79,0.73,1.46,434.00
[16:26:25.458],0.00,0.00,-0.00,0.00,0.01,-0.00,1.04,0.85,0.79,1.53,436.00
[16:26:25.484],0.00,0.00,-0.00,0.00,0.01,-0.00,1.04,0.67,0.67,1.40,436.00
[16:26:25.510],0.00,0.00,-0.00,0.00,0.01,-0.01,1.04,0.61,0.67,1.40,436.00
[16:26:25.531],0.00,0.00,-0.00,0.00,0.01,-0.00,1.04,0.79,0.73,1.46,436.00
[16:26:25.557],0.00,0.00,-0.00,0.00,0.01,-0.00,1.04,0.79,0.79,1.40,437.00
[16:26:25.589],0.00,0.00,-0.00,0.00,0.01,-0.00,1.04,0.79,0.85,1.46,437.00
[16:26:25.610],0.00,0.00,-0.00,0.00,0.01,-0.00,1.04,0.79,0.85,1.46,437.00
[16:26:25.637],0.00,0.00,-0.00,0.00,0.01,-0.00,1.04,0.73,0.73,1.46,437.00
[16:26:25.663],0.00,0.00,-0.00,0.00,0.01,-0.00,1.04,0.85,0.79,1.34,433.00
[16:26:25.689],0.00,0.00,-0.00,0.00,0.01,-0.01,1.04,0.67,0.79,1.46,433.00
[16:26:25.709],0.00,0.00,-0.00,0.00,0.01,-0.00,1.04,0.79,0.73,1.46,433.00
[16:26:25.735],0.00,0.00,-0.00,0.00,0.01,-0.00,1.04,0.67,0.67,1.46,433.00
[16:26:25.761],0.00,0.00,-0.00,0.00,0.01,-0.01,1.04,0.73,0.67,1.46,436.00
[16:26:25.792],0.00,0.00,-0.00,0.00,0.01,-0.00,1.04,0.92,0.67,1.28,436.00
[16:26:25.813],0.00,0.00,-0.00,0.00,0.01,-0.00,1.04,0.92,0.67,1.28,434.00
[16:26:25.839],0.00,0.00,-0.00,0.00,0.01,-0.00,1.04,0.79,0.73,1.46,434.00
[16:26:25.865],0.00,0.00,-0.00,0.00,0.01,-0.01,1.04,0.73,0.67,1.46,434.00
[16:26:25.891],0.00,0.00,-0.00,0.00,0.01,-0.00,1.04,0.79,0.67,1.53,434.00
[16:26:25.917],0.00,0.00,-0.00,0.00,0.01,-0.00,1.04,0.79,0.73,1.46,433.00
[16:26:25.938],0.00,0.00,-0.00,0.00,0.01,-0.00,1.04,0.79,0.73,1.53,433.00
[16:26:25.964],0.00,0.00,-0.00,0.00,0.01,-0.01,1.04,0.73,0.79,1.40,433.00
[16:26:25.990],0.00,0.00,-0.00,0.00,0.01,-0.01,1.04,0.73,0.79,1.40,433.00
[16:26:26.016],0.00,0.00,-0.00,0.00,0.01,-0.00,1.04,0.79,0.67,1.40,432.00
[16:26:26.042],0.00,0.00,-0.00,0.00,0.01,-0.01,1.04,0.79,0.67,1.46,432.00
[16:26:26.062],0.00,0.00,-0.00,0.00,0.01,-0.00,1.04,0.61,0.73,1.40,432.00
[16:26:26.088],0.00,0.00,-0.00,0.00,0.01,-0.01,1.04,0.85,0.79,1.40,432.00
[16:26:26.114],0.00,0.00,-0.00,0.00,0.01,-0.00,1.04,0.73,0.73,1.40,431.00
[16:26:26.140],0.00,0.00,-0.00,0.00,0.01,-0.00,1.04,0.73,0.79,1.40,431.00
[16:26:26.166],0.00,0.00,-0.00,0.00,0.01,-0.00,1.04,0.67,0.73,1.53,431.00
[16:26:26.192],0.00,0.00,-0.00,0.00,0.01,-0.00,1.04,0.67,0.73,1.53,431.00
[16:26:26.218],0.00,0.00,-0.00,0.00,0.01,-0.01,1.04,0.79,0.67,1.34,434.00
[16:26:26.244],0.00,0.00,-0.00,0.00,0.01,-0.01,1.04,0.73,0.79,1.34,434.00
[16:26:26.265],0.00,0.00,-0.00,0.00,0.01,-0.00,1.04,0.79,0.67,1.40,434.00
[16:26:26.291],0.00,0.00,-0.00,0.00,0.01,-0.01,1.04,0.79,0.73,1.40,434.00
[16:26:26.317],0.00,0.00,-0.00,0.00,0.01,-0.00,1.04,0.79,0.73,1.46,434.00
[16:26:26.342],0.00,0.00,-0.00,0.00,0.01,-0.00,1.04,0.67,0.73,1.40,434.00
[16:26:26.373],0.00,0.00,-0.00,0.00,0.01,-0.00,1.04,0.67,0.73,1.46,435.00
[16:26:26.394],0.00,0.00,-0.00,0.00,0.01,-0.00,1.04,0.67,0.73,1.46,435.00
[16:26:26.420],0.00,0.00,-0.00,0.00,0.01,-0.01,1.04,0.85,0.79,1.46,435.00
[16:26:26.447],0.00,0.00,-0.00,0.00,0.01,-0.00,1.04,0.79,0.73,1.46,435.00
[16:26:26.473],0.00,0.00,-0.00,0.00,0.01,-0.00,1.04,0.85,0.73,1.46,435.00
[16:26:26.493],0.00,0.00,-0.00,0.00,0.01,-0.00,1.04,0.73,0.73,1.40,436.00
[16:26:26.519],0.00,0.00,-0.00,0.00,0.01,-0.00,1.04,0.73,0.61,1.40,436.00
[16:26:26.545],0.00,0.00,-0.00,0.00,0.01,-0.01,1.04,0.79,0.67,1.40,436.00
[16:26:26.571],0.00,0.00,-0.00,0.00,0.01,-0.00,1.04,0.79,0.79,1.40,436.00
[16:26:26.597],0.00,0.00,-0.00,0.00,0.01,-0.00,1.04,0.79,0.79,1.40,431.00
[16:26:26.623],0.00,0.00,-0.00,0.00,0.01,-0.00,1.04,0.73,0.67,1.46,431.00
[16:26:26.648],0.00,0.00,-0.00,0.00,0.01,-0.00,1.04,0.73,0.73,1.40,431.00
[16:26:26.674],0.00,0.00,-0.00,0.00,0.01,-0.00,1.04,0.92,0.73,1.46,431.00
[16:26:26.695],0.00,0.00,-0.00,0.00,0.01,-0.01,1.04,0.79,0.73,1.46,435.00
[16:26:26.721],0.00,0.00,-0.00,0.00,0.01,-0.00,1.04,0.79,0.73,1.40,435.00
[16:26:26.747],0.00,0.00,-0.00,0.00,0.01,-0.00,1.04,0.85,0.79,1.46,435.00
[16:26:26.773],0.00,0.00,-0.00,0.00,0.01,-0.00,1.04,0.85,0.79,1.46,435.00
[16:26:26.799],0.00,0.00,-0.00,0.00,0.01,-0.01,1.04,0.79,0.79,1.40,435.00
[16:26:26.825],0.00,0.00,-0.00,0.00,0.01,-0.00,1.04,0.85,0.79,1.53,435.00
[16:26:26.846],0.00,0.00,-0.00,0.00,0.01,-0.00,1.04,0.79,0.61,1.53,433.00
[16:26:26.872],0.00,0.00,-0.00,0.00,0.01,-0.00,1.04,0.79,0.73,1.53,433.00
[16:26:26.898],0.00,0.00,-0.00,0.00,0.01,-0.00,1.04,0.79,0.79,1.46,433.00
[16:26:26.924],0.00,0.00,-0.00,0.00,0.01,-0.00,1.04,0.79,0.73,1.40,433.00
[16:26:26.950],0.00,0.00,-0.00,0.00,0.01,-0.00,1.04,0.79,0.73,1.46,435.00
[16:26:26.976],0.00,0.00,-0.00,0.00,0.01,-0.00,1.04,0.79,0.73,1.46,435.00
[16:26:27.002],0.00,0.00,-0.00,0.00,0.01,-0.00,1.04,0.73,0.79,1.46,435.00
[16:26:27.023],0.00,0.00,-0.00,0.00,0.01,-0.00,1.04,0.73,0.73,1.46,435.00
[16:26:27.048],0.00,0.00,-0.00,0.00,0.01,-0.00,1.04,0.79,0.67,1.40,432.00
[16:26:27.074],0.00,0.00,-0.00,0.00,0.01,-0.00,1.04,0.79,0.73,1.40,432.00
[16:26:27.100],0.00,0.00,-0.00,0.00,0.01,-0.01,1.04,0.79,0.73,1.53,436.00
[16:26:27.126],0.00,0.00,-0.00,0.00,0.01,-0.00,1.04,0.73,0.73,1.46,436.00
[16:26:27.152],0.00,0.00,-0.00,0.00,0.01,-0.01,1.04,0.85,0.67,1.40,436.00
[16:26:27.178],0.00,0.00,-0.00,0.00,0.01,-0.01,1.04,0.85,0.67,1.40,436.00
[16:26:27.204],0.00,0.00,-0.00,0.00,0.01,-0.01,1.04,0.79,0.73,1.40,435.00
[16:26:27.230],0.00,0.00,-0.00,0.00,0.01,-0.00,1.04,0.67,0.67,1.53,435.00
[16:26:27.255],0.00,0.00,-0.00,0.00,0.01,-0.00,1.04,0.79,0.79,1.46,435.00
[16:26:27.276],0.00,0.00,-0.00,0.00,0.01,-0.00,1.04,0.73,0.73,1.46,435.00
[16:26:27.302],0.00,0.00,-0.00,0.00,0.01,-0.00,1.04,0.73,0.73,1.46,432.00
[16:26:27.328],0.00,0.00,-0.00,0.00,0.01,-0.00,1.04,0.73,0.67,1.34,432.00
[16:26:27.354],0.00,0.00,-0.00,0.00,0.01,-0.00,1.04,0.73,0.73,1.40,432.00
[16:26:27.380],0.00,0.00,-0.00,0.00,0.01,-0.00,1.04,0.73,0.73,1.40,432.00
[16:26:27.406],0.00,0.00,-0.00,0.00,0.01,-0.01,1.04,0.73,0.67,1.46,434.00
[16:26:27.432],0.00,0.00,-0.00,0.00,0.01,-0.00,1.04,0.73,0.73,1.46,434.00
[16:26:27.458],0.00,0.00,-0.00,0.00,0.01,-0.01,1.04,0.73,0.67,1.46,434.00
[16:26:27.479],0.00,0.00,-0.00,0.00,0.01,-0.01,1.04,0.85,0.67,1.46,434.00
[16:26:27.505],0.00,0.00,-0.00,0.00,0.01,-0.00,1.04,0.79,0.67,1.40,435.00
[16:26:27.531],0.00,0.00,-0.00,0.00,0.01,-0.00,1.04,0.73,0.73,1.40,435.00
[16:26:27.556],0.00,0.00,-0.00,0.00,0.01,-0.01,1.04,0.79,0.73,1.34,435.00
[16:26:27.582],0.00,0.00,-0.00,0.00,0.01,-0.01,1.04,0.79,0.73,1.34,435.00
[16:26:27.608],0.00,0.00,-0.00,0.00,0.01,-0.00,1.04,0.73,0.73,1.46,435.00
[16:26:27.635],0.00,0.00,-0.00,0.00,0.01,-0.00,1.04,0.79,0.67,1.34,435.00
[16:26:27.661],0.00,0.00,-0.00,0.00,0.01,-0.00,1.04,0.67,0.79,1.40,434.00
[16:26:27.686],0.00,0.00,-0.00,0.00,0.01,-0.01,1.04,0.73,0.79,1.46,434.00
[16:26:27.707],0.00,0.00,-0.00,0.00,0.01,-0.01,1.04,0.73,0.79,1.53,434.00
[16:26:27.733],0.00,0.00,-0.00,0.00,0.01,-0.00,1.04,0.79,0.73,1.40,434.00
[16:26:27.759],0.00,0.00,-0.00,0.00,0.01,-0.00,1.04,0.79,0.73,1.40,435.00
[16:26:27.785],0.00,0.00,-0.00,0.00,0.01,-0.01,1.04,0.79,0.67,1.46,435.00
[16:26:27.806],0.00,0.00,-0.00,0.00,0.01,-0.00,1.04,0.79,0.73,1.40,435.00
[16:26:27.832],0.00,0.00,-0.00,0.00,0.01,-0.00,1.04,0.73,0.79,1.40,435.00
[16:26:27.858],0.00,0.00,-0.00,0.00,0.01,-0.00,1.04,0.79,0.73,1.46,434.00
[16:26:27.884],0.00,0.00,-0.00,0.00,0.01,-0.01,1.04,0.79,0.79,1.53,434.00
[16:26:27.910],0.00,0.00,-0.00,0.00,0.01,-0.00,1.04,0.73,0.73,1.40,435.00
[16:26:27.936],0.00,0.00,-0.00,0.00,0.01,-0.00,1.04,0.79,0.79,1.40,435.00
[16:26:27.962],0.00,0.00,-0.00,0.00,0.01,-0.00,1.04,0.79,0.79,1.40,435.00
[16:26:27.988],0.00,0.00,-0.00,0.00,0.01,-0.00,1.04,0.79,0.79,1.40,435.00
[16:26:28.009],0.00,0.00,-0.00,0.00,0.01,-0.00,1.04,0.79,0.73,1.40,433.00
[16:26:28.035],0.00,0.00,-0.00,0.00,0.01,-0.00,1.04,0.79,0.73,1.40,433.00
[16:26:28.061],0.00,0.00,-0.00,0.00,0.01,-0.00,1.04,0.73,0.73,1.46,433.00
[16:26:28.087],0.00,0.00,-0.00,0.00,0.01,-0.01,1.04,0.85,0.79,1.46,433.00
[16:26:28.113],0.00,0.00,-0.00,0.00,0.01,-0.01,1.04,0.73,0.73,1.53,433.00
[16:26:28.139],0.00,0.00,-0.00,0.00,0.01,-0.01,1.04,0.85,0.79,1.40,435.00
[16:26:28.165],0.00,0.00,-0.00,0.00,0.01,-0.01,1.04,0.85,0.79,1.40,435.00
[16:26:28.191],0.00,0.00,-0.00,0.00,0.01,-0.00,1.04,0.73,0.73,1.53,435.00
[16:26:28.212],0.00,0.00,-0.00,0.00,0.01,-0.00,1.04,0.79,0.67,1.46,435.00
[16:26:28.238],0.00,0.00,-0.00,0.00,0.01,-0.00,1.04,0.73,0.73,1.40,433.00
[16:26:28.263],0.00,0.00,-0.00,0.00,0.01,-0.01,1.04,0.67,0.79,1.40,433.00
[16:26:28.289],0.00,0.00,-0.00,0.00,0.01,-0.01,1.04,0.79,0.73,1.46,433.00
[16:26:28.315],0.00,0.00,-0.00,0.00,0.01,-0.01,1.04,0.79,0.73,1.46,433.00
[16:26:28.341],0.00,0.00,-0.00,0.00,0.01,-0.00,1.04,0.73,0.67,1.46,432.00
[16:26:28.367],0.00,0.00,-0.00,0.00,0.01,-0.00,1.04,0.73,0.67,1.46,434.00
[16:26:28.393],0.00,0.00,-0.00,0.00,0.01,-0.01,1.04,0.67,0.85,1.40,434.00
[16:26:28.419],0.00,0.00,-0.00,0.00,0.01,-0.00,1.04,0.73,0.79,1.40,434.00
[16:26:28.439],0.00,0.00,-0.00,0.00,0.01,-0.00,1.04,0.73,0.73,1.46,434.00
