Timestamp,Motor,Steering,CamPitch,CamYaw,AccelX,AccelY,AccelZ,GyroX,GyroY,GyroZ,ToF
[04:28:27.571],0.00,0.00,0.00,0.00,0.01,0.00,1.04,0.66,0.82,1.57,3000.00
[04:28:28.255],0.00,0.00,0.00,0.00,0.01,0.00,1.04,0.66,0.82,1.57,3000.00
[04:28:28.255],0.00,0.00,0.00,0.00,0.01,0.00,1.04,0.66,0.82,1.57,3000.00
[04:28:28.393],0.00,0.00,0.00,0.00,0.00,-0.01,1.21,-1.71,0.90,1.14,3000.00
[04:28:28.393],0.00,0.00,0.00,0.00,0.00,-0.01,1.21,-1.71,0.90,1.14,3000.00
[04:28:28.479],0.00,0.00,0.00,0.00,0.00,-0.01,1.21,-1.71,0.90,1.14,3000.00
[04:28:28.479],0.00,0.00,0.00,0.00,-0.01,0.00,1.05,-1.37,0.67,1.73,3000.00
[04:28:28.480],0.00,0.00,0.00,0.00,-0.01,0.00,1.05,-1.37,0.67,1.73,3000.00
[04:28:28.480],0.00,0.00,0.00,0.00,-0.01,0.00,1.05,-1.37,0.67,1.73,3000.00
[04:28:28.571],0.00,0.00,0.00,0.00,0.00,0.00,1.02,-0.63,0.85,1.58,3000.00
[04:28:28.571],0.00,0.00,0.00,0.00,0.00,0.00,1.02,-0.63,0.85,1.58,3000.00
[04:28:28.572],0.00,0.00,0.00,0.00,0.00,0.00,1.02,-0.63,0.85,1.58,3000.00
[04:28:28.572],0.00,0.00,0.00,0.00,-0.01,0.01,1.00,0.21,0.50,1.62,3000.00
[04:28:28.665],0.00,0.00,0.00,0.00,-0.01,0.01,1.00,0.21,0.50,1.62,3000.00
[04:28:28.666],0.00,0.00,0.00,0.00,-0.01,0.01,1.00,0.21,0.50,1.62,3000.00
[04:28:28.666],0.00,0.00,0.00,0.00,0.00,0.02,1.02,0.88,0.61,1.36,3000.00
[04:28:28.731],0.00,0.00,0.00,0.00,0.00,0.02,1.02,0.88,0.61,1.36,3000.00
[04:28:28.825],0.00,0.00,0.00,0.00,0.00,0.02,1.02,0.88,0.61,1.36,3000.00
[04:28:28.826],0.00,0.00,0.00,0.00,-0.01,0.01,1.02,1.14,0.87,1.39,3000.00
[04:28:28.826],0.00,0.00,0.00,0.00,-0.01,0.01,1.02,1.14,0.87,1.39,3000.00
[04:28:28.826],0.00,0.00,0.00,0.00,-0.01,0.01,1.02,1.14,0.87,1.39,3000.00
[04:28:28.914],0.00,0.00,0.00,0.00,0.00,0.00,1.03,1.43,0.54,1.69,3000.00
[04:28:28.915],0.00,0.00,0.00,0.00,0.00,0.00,1.03,1.43,0.54,1.69,3000.00
[04:28:28.915],0.00,0.00,0.00,0.00,0.00,0.00,1.03,1.43,0.54,1.69,3000.00
[04:28:28.915],0.00,0.00,0.00,0.00,0.00,-0.01,1.03,1.16,0.85,1.46,3000.00
[04:28:29.008],0.00,0.00,0.00,0.00,0.00,-0.01,1.03,1.16,0.85,1.46,3000.00
[04:28:29.009],0.00,0.00,0.00,0.00,0.00,-0.01,1.03,1.16,0.85,1.46,3000.00
[04:28:29.009],0.00,0.00,0.00,0.00,0.01,-0.01,1.05,1.27,0.79,1.45,3000.00
[04:28:29.010],0.00,0.00,0.00,0.00,0.01,-0.01,1.05,1.27,0.79,1.45,3000.00
[04:28:29.010],0.00,0.00,0.00,0.00,0.01,-0.01,1.05,1.27,0.79,1.45,3000.00
[04:28:29.100],0.00,0.00,0.00,0.00,0.00,0.00,1.04,1.25,0.80,1.29,3000.00
[04:28:29.100],0.00,0.00,0.00,0.00,0.00,0.00,1.04,1.25,0.80,1.29,3000.00
[04:28:29.100],0.00,0.00,0.00,0.00,0.00,0.00,1.04,1.25,0.80,1.29,3000.00
[04:28:29.100],0.00,0.00,0.00,0.00,0.00,0.00,1.03,2.30,0.71,1.46,3000.00
[04:28:29.188],0.00,0.00,0.00,0.00,0.00,0.00,1.03,2.30,0.71,1.46,3000.00
[04:28:29.189],0.00,0.00,0.00,0.00,0.00,0.00,1.03,2.30,0.71,1.46,3000.00
[04:28:29.197],0.00,0.00,0.00,0.00,0.01,-0.01,1.06,3.65,0.78,1.75,3000.00
[04:28:29.197],0.00,0.00,0.00,0.00,0.01,-0.01,1.06,3.65,0.78,1.75,3000.00
[04:28:29.293],0.00,0.00,0.00,0.00,0.01,-0.01,1.06,3.65,0.78,1.75,3000.00
[04:28:29.294],0.00,0.00,0.00,0.00,0.00,-0.02,1.01,1.19,0.53,1.42,3000.00
[04:28:29.294],0.00,0.00,0.00,0.00,0.00,-0.02,1.01,1.19,0.53,1.42,3000.00
[04:28:29.294],0.00,0.00,0.00,0.00,0.00,-0.02,1.01,1.19,0.53,1.42,3000.00
[04:28:29.377],0.00,0.00,0.00,0.00,-0.01,0.00,1.05,1.24,0.63,1.39,3000.00
[04:28:29.378],0.00,0.00,0.00,0.00,-0.01,0.00,1.05,1.24,0.63,1.39,3000.00
[04:28:29.378],0.00,0.00,0.00,0.00,-0.01,0.00,1.05,1.24,0.63,1.39,3000.00
[04:28:29.378],0.00,0.00,0.00,0.00,0.00,0.00,1.04,1.76,0.64,1.47,3000.00
[04:28:29.469],0.00,0.00,0.00,0.00,0.00,0.00,1.04,1.76,0.64,1.47,3000.00
[04:28:29.469],0.00,0.00,0.00,0.00,0.00,0.00,1.04,1.76,0.64,1.47,3000.00
[04:28:29.470],0.00,0.00,0.00,0.00,0.00,0.00,1.04,1.48,0.47,1.37,3000.00
[04:28:29.470],0.00,0.00,0.00,0.00,0.00,0.00,1.04,1.48,0.47,1.37,3000.00
[04:28:29.553],0.00,0.00,0.00,0.00,0.00,0.00,1.04,1.48,0.47,1.37,3000.00
[04:28:29.553],0.00,0.00,0.00,0.00,0.00,0.01,1.04,1.45,0.71,1.21,3000.00
[04:28:29.553],0.00,0.00,0.00,0.00,0.00,0.01,1.04,1.45,0.71,1.21,3000.00
[04:28:29.553],0.00,0.00,0.00,0.00,0.00,0.01,1.04,1.45,0.71,1.21,3000.00
[04:28:29.553],0.00,0.00,0.00,0.00,0.00,0.00,1.04,0.97,0.97,1.71,3000.00
[04:28:29.641],0.00,0.00,0.00,0.00,0.00,0.00,1.04,0.97,0.97,1.71,3000.00
[04:28:29.652],0.00,0.00,0.00,0.00,0.00,0.00,1.04,0.97,0.97,1.71,3000.00
[04:28:29.653],0.00,0.00,0.00,0.00,0.00,0.00,1.04,1.63,0.63,1.34,3000.00
[04:28:29.653],0.00,0.00,0.00,0.00,0.00,0.00,1.04,1.63,0.63,1.34,3000.00
[04:28:29.744],0.00,0.00,0.00,0.00,0.00,0.00,1.04,1.63,0.63,1.34,3000.00
[04:28:29.744],0.00,0.00,0.00,0.00,0.01,0.00,1.05,1.32,0.81,1.49,3000.00
[04:28:29.744],0.00,0.00,0.00,0.00,0.01,0.00,1.05,1.32,0.81,1.49,3000.00
[04:28:29.744],0.00,0.00,0.00,0.00,0.01,0.00,1.05,1.32,0.81,1.49,3000.00
[04:28:29.826],0.00,0.00,0.00,0.00,0.00,0.00,1.04,1.35,0.72,1.19,3000.00
[04:28:29.826],0.00,0.00,0.00,0.00,0.00,0.00,1.04,1.35,0.72,1.19,3000.00
[04:28:29.826],0.00,0.00,0.00,0.00,0.00,0.00,1.04,1.35,0.72,1.19,3000.00
[04:28:29.827],0.00,0.00,0.00,0.00,0.00,-0.01,1.04,1.66,0.49,1.33,3000.00
[04:28:29.913],0.00,0.00,0.00,0.00,0.00,-0.01,1.04,1.66,0.49,1.33,3000.00
[04:28:29.914],0.00,0.00,0.00,0.00,0.00,-0.01,1.04,1.66,0.49,1.33,3000.00
[04:28:29.914],0.00,0.00,0.00,0.00,0.00,0.00,1.04,1.48,0.59,1.67,3000.00
[04:28:29.914],0.00,0.00,0.00,0.00,0.00,0.00,1.04,1.48,0.59,1.67,3000.00
[04:28:30.001],0.00,0.00,0.00,0.00,0.00,0.00,1.04,1.48,0.59,1.67,3000.00
[04:28:30.002],0.00,0.00,0.00,0.00,0.00,0.01,1.04,1.62,0.78,1.44,3000.00
[04:28:30.002],0.00,0.00,0.00,0.00,0.00,0.01,1.04,1.62,0.78,1.44,3000.00
[04:28:30.002],0.00,0.00,0.00,0.00,0.00,0.01,1.04,1.62,0.78,1.44,3000.00
[04:28:30.088],0.00,0.00,0.00,0.00,0.00,0.00,1.04,1.19,0.81,1.69,3000.00
[04:28:30.113],0.00,0.00,0.00,0.00,0.00,0.00,1.04,1.19,0.81,1.69,3000.00
[04:28:30.113],0.00,0.00,0.00,0.00,0.00,0.00,1.04,1.19,0.81,1.69,3000.00
[04:28:30.113],0.00,0.00,0.00,0.00,0.01,0.00,1.03,1.68,0.44,1.28,3000.00
[04:28:30.113],0.00,0.00,0.00,0.00,0.01,0.00,1.03,1.68,0.44,1.28,3000.00
[04:28:30.205],1.00,0.00,0.00,0.00,0.01,0.00,1.03,1.68,0.44,1.28,3000.00
[04:28:30.206],1.00,0.00,0.00,0.00,0.01,-0.06,1.06,2.35,0.70,1.48,3000.00
[04:28:30.206],1.00,0.00,0.00,0.00,0.01,-0.06,1.06,2.35,0.70,1.48,3000.00
[04:28:30.206],1.00,0.00,0.00,0.00,0.01,-0.06,1.06,2.35,0.70,1.48,3000.00
[04:28:30.294],1.00,0.00,0.00,0.00,-0.05,-0.53,1.00,3.28,0.78,1.41,3000.00
[04:28:30.295],1.00,0.00,0.00,0.00,-0.05,-0.53,1.00,3.28,0.78,1.41,3000.00
[04:28:30.295],1.00,0.00,0.00,0.00,-0.05,-0.53,1.00,3.28,0.78,1.41,3000.00
[04:28:30.295],1.00,0.00,0.00,0.00,-0.04,-0.59,1.14,3.62,0.61,1.64,3000.00
[04:28:30.384],1.00,0.00,0.00,0.00,-0.04,-0.59,1.14,3.62,0.61,1.64,3000.00
[04:28:30.384],1.00,0.00,0.00,0.00,-0.04,-0.59,1.14,3.62,0.61,1.64,3000.00
[04:28:30.384],1.00,0.00,0.00,0.00,-0.06,-0.66,1.13,2.82,0.59,1.68,3000.00
[04:28:30.384],1.00,0.00,0.00,0.00,-0.06,-0.66,1.13,2.82,0.59,1.68,3000.00
[04:28:30.471],1.00,0.00,0.00,0.00,-0.06,-0.66,1.13,2.82,0.59,1.68,3000.00
[04:28:30.472],1.00,0.00,0.00,0.00,-0.01,-0.32,0.77,2.08,0.88,1.46,3000.00
[04:28:30.472],1.00,0.00,0.00,0.00,-0.01,-0.32,0.77,2.08,0.88,1.46,3000.00
[04:28:30.472],1.00,0.00,0.00,0.00,-0.01,-0.32,0.77,2.08,0.88,1.46,3000.00
[04:28:30.576],1.00,0.00,0.00,0.00,0.08,-0.69,1.15,1.76,0.86,1.56,3000.00
[04:28:30.576],1.00,0.00,0.00,0.00,0.08,-0.69,1.15,1.76,0.86,1.56,3000.00
[04:28:30.576],1.00,0.00,0.00,0.00,0.08,-0.69,1.15,1.76,0.86,1.56,3000.00
[04:28:30.576],1.00,0.00,0.00,0.00,0.17,-0.82,1.09,1.47,0.94,1.61,3000.00
[04:28:30.669],1.00,0.00,0.00,0.00,0.17,-0.82,1.09,1.47,0.94,1.61,3000.00
[04:28:30.669],1.00,0.00,0.00,0.00,0.17,-0.82,1.09,1.47,0.94,1.61,3000.00
[04:28:30.669],1.00,0.00,0.00,0.00,-0.18,0.10,1.11,-4.94,0.62,1.40,3000.00
[04:28:30.669],1.00,0.00,0.00,0.00,-0.18,0.10,1.11,-4.94,0.62,1.40,3000.00
[04:28:30.669],1.00,0.00,0.00,0.00,-0.18,0.10,1.11,-4.94,0.62,1.40,3000.00
[04:28:30.754],1.00,0.00,0.00,0.00,0.30,-0.22,1.32,3.97,0.65,1.37,3000.00
[04:28:30.754],1.00,0.00,0.00,0.00,0.30,-0.22,1.32,3.97,0.65,1.37,3000.00
[04:28:30.754],1.00,0.00,0.00,0.00,0.30,-0.22,1.32,3.97,0.65,1.37,3000.00
[04:28:30.754],1.00,0.00,0.00,0.00,-0.19,0.09,0.96,1.65,0.78,1.16,3000.00
[04:28:30.843],1.00,0.00,0.00,0.00,-0.19,0.09,0.96,1.65,0.78,1.16,3000.00
[04:28:30.843],1.00,0.00,0.00,0.00,-0.19,0.09,0.96,1.65,0.78,1.16,3000.00
[04:28:30.843],1.00,0.00,0.00,0.00,0.05,0.56,0.82,-2.71,0.73,1.36,3000.00
[04:28:30.843],1.00,0.00,0.00,0.00,0.05,0.56,0.82,-2.71,0.73,1.36,3000.00
[04:28:30.927],1.00,0.00,0.00,0.00,0.05,0.56,0.82,-2.71,0.73,1.36,3000.00
[04:28:30.927],1.00,0.00,0.00,0.00,0.13,0.16,0.92,-5.29,0.68,1.33,3000.00
[04:28:30.927],1.00,0.00,0.00,0.00,0.13,0.16,0.92,-5.29,0.68,1.33,3000.00
[04:28:30.938],1.00,0.00,0.00,0.00,0.13,0.16,0.92,-5.29,0.68,1.33,3000.00
[04:28:31.028],1.00,0.00,0.00,0.00,-0.08,-0.11,1.23,5.78,0.74,1.32,3000.00
[04:28:31.029],1.00,0.00,0.00,0.00,-0.08,-0.11,1.23,5.78,0.74,1.32,3000.00
[04:28:31.029],1.00,0.00,0.00,0.00,-0.08,-0.11,1.23,5.78,0.74,1.32,3000.00
[04:28:31.029],1.00,0.00,0.00,0.00,0.17,0.10,0.89,4.29,0.77,1.66,3000.00
[04:28:31.115],1.00,0.00,0.00,0.00,0.17,0.10,0.89,4.29,0.77,1.66,3000.00
[04:28:31.115],1.00,0.00,0.00,0.00,0.17,0.10,0.89,4.29,0.77,1.66,3000.00
[04:28:31.115],1.00,0.00,0.00,0.00,-0.23,-0.19,0.80,-8.64,0.89,1.39,3000.00
[04:28:31.116],1.00,0.00,0.00,0.00,-0.23,-0.19,0.80,-8.64,0.89,1.39,3000.00
[04:28:31.201],1.00,0.00,0.00,0.00,-0.23,-0.19,0.80,-8.64,0.89,1.39,3000.00
[04:28:31.201],1.00,0.00,0.00,0.00,-0.04,-0.26,1.28,2.12,0.52,1.38,3000.00
[04:28:31.202],1.00,0.00,0.00,0.00,-0.04,-0.26,1.28,2.12,0.52,1.38,3000.00
[04:28:31.202],1.00,0.00,0.00,0.00,-0.04,-0.26,1.28,2.12,0.52,1.38,3000.00
[04:28:31.202],1.00,0.00,0.00,0.00,0.18,0.00,1.23,4.11,0.93,1.53,3000.00
[04:28:31.285],1.00,0.00,0.00,0.00,0.18,0.00,1.23,4.11,0.93,1.53,3000.00
[04:28:31.285],1.00,0.00,0.00,0.00,0.18,0.00,1.23,4.11,0.93,1.53,3000.00
[04:28:31.285],1.00,0.00,0.00,0.00,-0.14,0.11,0.89,0.22,0.87,1.59,3000.00
[04:28:31.285],1.00,0.00,0.00,0.00,-0.14,0.11,0.89,0.22,0.87,1.59,3000.00
[04:28:31.367],1.00,0.00,0.00,0.00,-0.14,0.11,0.89,0.22,0.87,1.59,3000.00
[04:28:31.368],1.00,0.00,0.00,0.00,-0.12,-0.31,1.05,6.02,0.86,1.21,3000.00
[04:28:31.392],1.00,0.00,0.00,0.00,-0.12,-0.31,1.05,6.02,0.86,1.21,3000.00
[04:28:31.392],1.00,0.00,0.00,0.00,-0.12,-0.31,1.05,6.02,0.86,1.21,3000.00
[04:28:31.484],1.00,0.00,0.00,0.00,0.05,0.71,1.14,-2.41,0.76,1.73,3000.00
[04:28:31.484],1.00,0.00,0.00,0.00,0.05,0.71,1.14,-2.41,0.76,1.73,3000.00
[04:28:31.485],1.00,1.00,0.00,0.00,0.05,0.71,1.14,-2.41,0.76,1.73,3000.00
[04:28:31.485],1.00,1.00,0.00,0.00,0.23,-0.67,1.27,4.38,0.57,1.66,3000.00
[04:28:31.568],1.00,1.00,0.00,0.00,0.23,-0.67,1.27,4.38,0.57,1.66,3000.00
[04:28:31.569],1.00,1.00,0.00,0.00,0.23,-0.67,1.27,4.38,0.57,1.66,3000.00
[04:28:31.569],1.00,1.00,0.00,0.00,0.05,0.37,0.95,5.61,0.88,1.32,3000.00
[04:28:31.569],1.00,1.00,0.00,0.00,0.05,0.37,0.95,5.61,0.88,1.32,3000.00
[04:28:31.656],1.00,1.00,0.00,0.00,0.05,0.37,0.95,5.61,0.88,1.32,3000.00
[04:28:31.656],1.00,1.00,0.00,0.00,-0.13,0.37,0.82,-1.83,0.76,1.59,3000.00
[04:28:31.656],1.00,1.00,0.00,0.00,-0.13,0.37,0.82,-1.83,0.76,1.59,3000.00
[04:28:31.656],1.00,1.00,0.00,0.00,-0.13,0.37,0.82,-1.83,0.76,1.59,3000.00
[04:28:31.742],1.00,1.00,0.00,0.00,-0.08,-0.63,1.27,2.21,0.76,1.63,3000.00
[04:28:31.742],1.00,1.00,0.00,0.00,-0.08,-0.63,1.27,2.21,0.76,1.63,3000.00
[04:28:31.743],1.00,1.00,0.00,0.00,-0.08,-0.63,1.27,2.21,0.76,1.63,3000.00
[04:28:31.743],1.00,1.00,0.00,0.00,0.05,0.00,1.04,2.15,0.50,1.34,3000.00
[04:28:31.743],1.00,1.00,0.00,0.00,0.05,0.00,1.04,2.15,0.50,1.34,3000.00
[04:28:31.834],1.00,1.00,0.00,0.00,0.05,0.00,1.04,2.15,0.50,1.34,3000.00
[04:28:31.847],1.00,1.00,0.00,0.00,0.05,0.36,0.89,-0.50,0.79,1.72,3000.00
[04:28:31.847],1.00,1.00,0.00,0.00,0.05,0.36,0.89,-0.50,0.79,1.72,3000.00
[04:28:31.847],1.00,1.00,0.00,0.00,0.05,0.36,0.89,-0.50,0.79,1.72,3000.00
[04:28:31.937],1.00,1.00,0.00,0.00,-0.87,-0.41,1.06,4.51,-8.80,-54.92,3000.00
[04:28:31.938],1.00,1.00,0.00,0.00,-0.87,-0.41,1.06,4.51,-8.80,-54.92,3000.00
[04:28:31.938],1.00,1.00,0.00,0.00,-0.87,-0.41,1.06,4.51,-8.80,-54.92,3000.00
[04:28:31.938],1.00,1.00,0.00,0.00,-0.59,0.02,0.98,3.02,-0.69,-70.91,3000.00
[04:28:32.020],1.00,1.00,0.00,0.00,-0.59,0.02,0.98,3.02,-0.69,-70.91,3000.00
[04:28:32.021],1.00,1.00,0.00,0.00,-0.59,0.02,0.98,3.02,-0.69,-70.91,3000.00
[04:28:32.021],1.00,1.00,0.00,0.00,-0.30,0.01,0.96,-6.64,7.77,-74.05,3000.00
[04:28:32.021],1.00,1.00,0.00,0.00,-0.30,0.01,0.96,-6.64,7.77,-74.05,3000.00
[04:28:32.106],1.00,1.00,0.00,0.00,-0.30,0.01,0.96,-6.64,7.77,-74.05,3000.00
[04:28:32.106],1.00,1.00,0.00,0.00,-0.15,-0.07,1.38,2.90,-2.22,-82.85,3000.00
[04:28:32.106],1.00,1.00,0.00,0.00,-0.15,-0.07,1.38,2.90,-2.22,-82.85,3000.00
[04:28:32.106],1.00,1.00,0.00,0.00,-0.15,-0.07,1.38,2.90,-2.22,-82.85,3000.00
[04:28:32.199],1.00,1.00,0.00,0.00,-0.06,0.31,1.13,4.22,-0.35,-81.18,3000.00
[04:28:32.199],1.00,1.00,0.00,0.00,-0.06,0.31,1.13,4.22,-0.35,-81.18,3000.00
[04:28:32.199],1.00,1.00,0.00,0.00,-0.06,0.31,1.13,4.22,-0.35,-81.18,3000.00
[04:28:32.200],1.00,1.00,0.00,0.00,-0.09,-0.13,1.03,-1.36,3.21,-73.05,3000.00
[04:28:32.286],1.00,1.00,0.00,0.00,-0.09,-0.13,1.03,-1.36,3.21,-73.05,3000.00
[04:28:32.310],1.00,1.00,0.00,0.00,-0.09,-0.13,1.03,-1.36,3.21,-73.05,3000.00
[04:28:32.310],1.00,1.00,0.00,0.00,-0.14,-0.18,1.21,2.78,-6.47,-86.57,3000.00
[04:28:32.311],1.00,1.00,0.00,0.00,-0.14,-0.18,1.21,2.78,-6.47,-86.57,3000.00
[04:28:32.311],1.00,1.00,0.00,0.00,-0.14,-0.18,1.21,2.78,-6.47,-86.57,3000.00
[04:28:32.408],1.00,0.00,0.00,0.00,-0.24,0.37,0.89,2.39,1.46,-81.82,3000.00
[04:28:32.408],1.00,0.00,0.00,0.00,-0.24,0.37,0.89,2.39,1.46,-81.82,3000.00
[04:28:32.408],1.00,0.00,0.00,0.00,-0.24,0.37,0.89,2.39,1.46,-81.82,3000.00
[04:28:32.409],1.00,0.00,0.00,0.00,-0.14,0.27,1.14,-0.48,5.36,-74.26,3000.00
[04:28:32.502],1.00,0.00,0.00,0.00,-0.14,0.27,1.14,-0.48,5.36,-74.26,3000.00
[04:28:32.502],1.00,0.00,0.00,0.00,-0.14,0.27,1.14,-0.48,5.36,-74.26,3000.00
[04:28:32.503],1.00,0.00,0.00,0.00,-0.26,-0.25,0.86,3.21,-7.07,-88.22,3000.00
[04:28:32.503],1.00,0.00,0.00,0.00,-0.26,-0.25,0.86,3.21,-7.07,-88.22,3000.00
[04:28:32.587],1.00,0.00,0.00,0.00,-0.26,-0.25,0.86,3.21,-7.07,-88.22,3000.00
[04:28:32.587],1.00,0.00,0.00,0.00,-0.05,0.00,1.01,2.27,1.40,-83.00,3000.00
[04:28:32.588],1.00,0.00,0.00,0.00,-0.05,0.00,1.01,2.27,1.40,-83.00,2178.00
[04:28:32.588],1.00,0.00,0.00,0.00,-0.05,0.00,1.01,2.27,1.40,-83.00,2178.00
[04:28:32.672],1.00,0.00,0.00,0.00,-0.27,0.15,1.06,-0.90,5.49,-75.57,2178.00
[04:28:32.672],1.00,0.00,0.00,0.00,-0.27,0.15,1.06,-0.90,5.49,-75.57,2178.00
[04:28:32.672],1.00,0.00,0.00,0.00,-0.27,0.15,1.06,-0.90,5.49,-75.57,2178.00
[04:28:32.672],1.00,0.00,0.00,0.00,-0.25,0.14,1.07,-4.38,5.04,-74.87,2178.00
[04:28:32.768],1.00,0.00,0.00,0.00,-0.25,0.14,1.07,-4.38,5.04,-74.87,1787.00
[04:28:32.769],1.00,0.00,0.00,0.00,-0.25,0.14,1.07,-4.38,5.04,-74.87,1787.00
[04:28:32.769],1.00,0.00,0.00,0.00,0.28,-0.48,1.09,6.92,10.99,-33.58,1787.00
[04:28:32.769],1.00,0.00,0.00,0.00,0.28,-0.48,1.09,6.92,10.99,-33.58,1787.00
[04:28:32.851],1.00,0.00,0.00,0.00,0.28,-0.48,1.09,6.92,10.99,-33.58,1787.00
[04:28:32.851],1.00,0.00,0.00,0.00,0.14,-0.04,0.94,-1.68,0.19,-10.61,1615.00
[04:28:32.851],1.00,0.00,0.00,0.00,0.14,-0.04,0.94,-1.68,0.19,-10.61,1615.00
[04:28:32.852],1.00,0.00,0.00,0.00,0.14,-0.04,0.94,-1.68,0.19,-10.61,1615.00
[04:28:32.852],1.00,0.00,0.00,0.00,0.15,0.07,1.02,-4.64,-3.70,-4.05,1615.00
[04:28:32.935],1.00,0.00,0.00,0.00,0.15,0.07,1.02,-4.64,-3.70,-4.05,1615.00
[04:28:32.935],1.00,0.00,0.00,0.00,0.15,0.07,1.02,-4.64,-3.70,-4.05,1615.00
[04:28:32.937],1.00,0.00,0.00,0.00,-0.14,-0.15,1.06,2.78,-1.30,-0.10,1534.00
[04:28:32.937],1.00,0.00,0.00,0.00,-0.14,-0.15,1.06,2.78,-1.30,-0.10,1534.00
[04:28:33.017],1.00,0.00,0.00,0.00,-0.14,-0.15,1.06,2.78,-1.30,-0.10,1534.00
[04:28:33.017],1.00,0.00,0.00,0.00,-0.19,-0.24,1.11,5.81,0.01,0.38,1534.00
[04:28:33.019],1.00,0.00,0.00,0.00,-0.19,-0.24,1.11,5.81,0.01,0.38,1534.00
[04:28:33.019],1.00,0.00,0.00,0.00,-0.19,-0.24,1.11,5.81,0.01,0.38,1534.00
[04:28:33.100],1.00,0.00,0.00,0.00,0.15,-0.09,0.87,-9.41,0.86,1.45,1409.00
[04:28:33.101],1.00,0.00,0.00,0.00,0.15,-0.09,0.87,-9.41,0.86,1.45,1409.00
[04:28:33.101],1.00,0.00,0.00,0.00,0.15,-0.09,0.87,-9.41,0.86,1.45,1409.00
[04:28:33.109],1.00,0.00,0.00,0.00,0.28,-0.08,1.35,1.88,1.07,1.56,1409.00
[04:28:33.201],1.00,0.00,0.00,0.00,0.28,-0.08,1.35,1.88,1.07,1.56,1409.00
[04:28:33.201],1.00,0.00,0.00,0.00,0.28,-0.08,1.35,1.88,1.07,1.56,1409.00
[04:28:33.201],1.00,0.00,0.00,0.00,-0.09,0.00,1.01,3.84,0.71,1.53,1416.00
[04:28:33.201],1.00,0.00,0.00,0.00,-0.09,0.00,1.01,3.84,0.71,1.53,1416.00
[04:28:33.288],1.00,0.00,0.00,0.00,-0.09,0.00,1.01,3.84,0.71,1.53,1416.00
[04:28:33.288],1.00,0.00,0.00,0.00,0.05,0.39,0.96,0.19,0.66,1.51,1416.00
[04:28:33.288],1.00,0.00,0.00,0.00,0.05,0.39,0.96,0.19,0.66,1.51,1416.00
[04:28:33.289],1.00,0.00,0.00,0.00,0.05,0.39,0.96,0.19,0.66,1.51,1416.00
[04:28:33.377],1.00,0.00,0.00,0.00,-0.06,0.34,1.07,-5.39,0.47,1.23,1371.00
[04:28:33.378],1.00,0.00,0.00,0.00,-0.06,0.34,1.07,-5.39,0.47,1.23,1371.00
[04:28:33.378],1.00,0.00,0.00,0.00,-0.06,0.34,1.07,-5.39,0.47,1.23,1371.00
[04:28:33.378],1.00,0.00,0.00,0.00,0.07,-0.31,1.13,9.08,0.96,1.34,1371.00
[04:28:33.378],1.00,0.00,0.00,0.00,0.07,-0.31,1.13,9.08,0.96,1.34,1371.00
[04:28:33.455],1.00,0.00,0.00,0.00,0.07,-0.31,1.13,9.08,0.96,1.34,1371.00
[04:28:33.456],1.00,0.00,0.00,0.00,0.10,0.16,0.84,-2.62,-1.16,1.72,1263.00
[04:28:33.456],1.00,0.00,0.00,0.00,0.10,0.16,0.84,-2.62,-1.16,1.72,1263.00
[04:28:33.456],1.00,0.00,0.00,0.00,0.10,0.16,0.84,-2.62,-1.16,1.72,1263.00
[04:28:33.542],1.00,0.00,0.00,0.00,-0.02,0.22,1.11,-5.06,1.05,1.62,1263.00
[04:28:33.543],1.00,0.00,0.00,0.00,-0.02,0.22,1.11,-5.06,1.05,1.62,1263.00
[04:28:33.562],1.00,0.00,0.00,0.00,-0.02,0.22,1.11,-5.06,1.05,1.62,1263.00
[04:28:33.562],1.00,0.00,0.00,0.00,-0.09,-0.21,1.08,4.19,1.07,1.61,1160.00
[04:28:33.655],1.00,0.00,0.00,0.00,-0.09,-0.21,1.08,4.19,1.07,1.61,1160.00
[04:28:33.655],1.00,0.00,0.00,0.00,-0.09,-0.21,1.08,4.19,1.07,1.61,1160.00
[04:28:33.655],0.00,-1.00,0.00,0.00,-0.31,0.16,1.07,6.43,0.82,1.26,1160.00
[04:28:33.655],0.00,-1.00,0.00,0.00,-0.31,0.16,1.07,6.43,0.82,1.26,1160.00
[04:28:33.737],0.00,-1.00,0.00,0.00,-0.31,0.16,1.07,6.43,0.82,1.26,1160.00
[04:28:33.738],0.00,-1.00,0.00,0.00,0.17,0.22,0.77,-6.16,0.44,1.48,1115.00
[04:28:33.738],0.00,-1.00,0.00,0.00,0.17,0.22,0.77,-6.16,0.44,1.48,1115.00
[04:28:33.738],0.00,-1.00,0.00,0.00,0.17,0.22,0.77,-6.16,0.44,1.48,1115.00
[04:28:33.822],0.00,-1.00,0.00,0.00,0.22,0.53,0.99,-1.26,0.52,1.50,1115.00
[04:28:33.823],0.00,-1.00,0.00,0.00,0.22,0.53,0.99,-1.26,0.52,1.50,1115.00
[04:28:33.823],0.00,-1.00,0.00,0.00,0.22,0.53,0.99,-1.26,0.52,1.50,1123.00
[04:28:33.823],0.00,-1.00,0.00,0.00,-0.09,0.58,1.04,-0.67,0.67,1.12,1123.00
[04:28:33.904],0.00,-1.00,0.00,0.00,-0.09,0.58,1.04,-0.67,0.67,1.12,1123.00
[04:28:33.905],0.00,-1.00,0.00,0.00,-0.09,0.58,1.04,-0.67,0.67,1.12,1123.00
[04:28:33.905],0.00,-1.00,0.00,0.00,-0.06,0.41,1.19,1.01,0.83,1.51,1123.00
[04:28:33.905],0.00,-1.00,0.00,0.00,-0.06,0.41,1.19,1.01,0.83,1.51,1123.00
[04:28:33.905],0.00,-1.00,0.00,0.00,-0.06,0.41,1.19,1.01,0.83,1.51,1012.00
[04:28:33.989],0.00,-1.00,0.00,0.00,-0.08,0.32,1.06,1.16,0.92,1.53,1012.00
[04:28:33.998],0.00,-1.00,0.00,0.00,-0.08,0.32,1.06,1.16,0.92,1.53,1012.00
[04:28:33.998],0.00,-1.00,0.00,0.00,-0.08,0.32,1.06,1.16,0.92,1.53,1012.00
[04:28:33.998],0.00,-1.00,0.00,0.00,0.21,0.28,1.09,1.15,3.06,15.27,1012.00
[04:28:34.086],0.00,-1.00,0.00,0.00,0.21,0.28,1.09,1.15,3.06,15.27,1012.00
[04:28:34.086],0.00,-1.00,0.00,0.00,0.21,0.28,1.09,1.15,3.06,15.27,1016.00
[04:28:34.086],0.00,-1.00,0.00,0.00,0.11,0.25,1.01,1.51,-1.48,16.44,1016.00
[04:28:34.087],0.00,-1.00,0.00,0.00,0.11,0.25,1.01,1.51,-1.48,16.44,1016.00
[04:28:34.168],0.00,-1.00,0.00,0.00,0.11,0.25,1.01,1.51,-1.48,16.44,1016.00
[04:28:34.169],0.00,-1.00,0.00,0.00,-0.01,0.21,1.06,0.18,0.38,14.97,1016.00
[04:28:34.169],0.00,-1.00,0.00,0.00,-0.01,0.21,1.06,0.18,0.38,14.97,1016.00
[04:28:34.169],0.00,-1.00,0.00,0.00,-0.01,0.21,1.06,0.18,0.38,14.97,1074.00
[04:28:34.251],0.00,-1.00,0.00,0.00,0.02,0.12,1.00,1.15,2.74,12.64,1074.00
[04:28:34.251],0.00,-1.00,0.00,0.00,0.02,0.12,1.00,1.15,2.74,12.64,1074.00
[04:28:34.251],0.00,-1.00,0.00,0.00,0.02,0.12,1.00,1.15,2.74,12.64,1074.00
[04:28:34.251],0.00,-1.00,0.00,0.00,-0.01,0.09,1.06,1.69,-0.10,10.28,1074.00
[04:28:34.328],0.00,-1.00,0.00,0.00,-0.01,0.09,1.06,1.69,-0.10,10.28,1074.00
[04:28:34.329],0.00,-1.00,0.00,0.00,-0.01,0.09,1.06,1.69,-0.10,10.28,1095.00
[04:28:34.329],0.00,-1.00,0.00,0.00,-0.04,0.07,1.02,0.48,0.13,8.70,1095.00
[04:28:34.329],0.00,-1.00,0.00,0.00,-0.04,0.07,1.02,0.48,0.13,8.70,1095.00
[04:28:34.415],0.00,-1.00,0.00,0.00,-0.04,0.07,1.02,0.48,0.13,8.70,1095.00
[04:28:34.442],0.00,-1.00,0.00,0.00,-0.04,0.07,1.04,1.99,0.07,7.47,1095.00
[04:28:34.442],0.00,-1.00,0.00,0.00,-0.04,0.07,1.04,1.99,0.07,7.47,1095.00
[04:28:34.443],0.00,-1.00,0.00,0.00,-0.04,0.07,1.04,1.99,0.07,7.47,1045.00
[04:28:34.443],0.00,-1.00,0.00,0.00,-0.02,0.06,1.04,2.91,3.30,6.36,1045.00
[04:28:34.531],1.00,-1.00,0.00,0.00,-0.02,0.06,1.04,2.91,3.30,6.36,1045.00
[04:28:34.532],1.00,-1.00,0.00,0.00,-0.02,0.06,1.04,2.91,3.30,6.36,1045.00
[04:28:34.532],1.00,-1.00,0.00,0.00,-0.03,0.03,1.04,4.40,2.15,5.15,1045.00
[04:28:34.532],1.00,-1.00,0.00,0.00,-0.03,0.03,1.04,4.40,2.15,5.15,1045.00
[04:28:34.612],1.00,-1.00,0.00,0.00,-0.03,0.03,1.04,4.40,2.15,5.15,1130.00
[04:28:34.612],1.00,-1.00,0.00,0.00,0.19,-0.56,0.95,4.45,2.86,18.48,1130.00
[04:28:34.612],1.00,-1.00,0.00,0.00,0.19,-0.56,0.95,4.45,2.86,18.48,1130.00
[04:28:34.612],1.00,-1.00,0.00,0.00,0.19,-0.56,0.95,4.45,2.86,18.48,1130.00
[04:28:34.699],1.00,-1.00,0.00,0.00,0.20,-0.56,1.06,2.38,1.39,30.83,1130.00
[04:28:34.699],1.00,-1.00,0.00,0.00,0.20,-0.56,1.06,2.38,1.39,30.83,1130.00
[04:28:34.699],1.00,-1.00,0.00,0.00,0.20,-0.56,1.06,2.38,1.39,30.83,1177.00
[04:28:34.699],1.00,-1.00,0.00,0.00,0.41,-0.60,1.01,2.94,1.52,44.21,1177.00
[04:28:34.783],1.00,-1.00,0.00,0.00,0.41,-0.60,1.01,2.94,1.52,44.21,1177.00
[04:28:34.783],1.00,-1.00,0.00,0.00,0.41,-0.60,1.01,2.94,1.52,44.21,1177.00
[04:28:34.783],1.00,-1.00,0.00,0.00,0.09,-0.45,0.92,1.63,1.36,56.55,1177.00
[04:28:34.784],1.00,-1.00,0.00,0.00,0.09,-0.45,0.92,1.63,1.36,56.55,1177.00
[04:28:34.882],1.00,-1.00,0.00,0.00,0.09,-0.45,0.92,1.63,1.36,56.55,1278.00
[04:28:34.882],1.00,-1.00,0.00,0.00,0.19,-0.52,1.12,1.92,2.42,69.42,1278.00
[04:28:34.883],1.00,-1.00,0.00,0.00,0.19,-0.52,1.12,1.92,2.42,69.42,1278.00
[04:28:34.883],1.00,-1.00,0.00,0.00,0.19,-0.52,1.12,1.92,2.42,69.42,1278.00
[04:28:34.969],1.00,-1.00,0.00,0.00,0.34,-0.35,0.92,1.11,1.85,81.00,1278.00
[04:28:34.969],1.00,-1.00,0.00,0.00,0.34,-0.35,0.92,1.11,1.85,81.00,1558.00
[04:28:34.970],1.00,-1.00,0.00,0.00,0.34,-0.35,0.92,1.11,1.85,81.00,1558.00
[04:28:34.970],1.00,-1.00,0.00,0.00,0.22,0.12,1.27,-4.90,0.45,72.94,1558.00
[04:28:34.970],1.00,-1.00,0.00,0.00,0.22,0.12,1.27,-4.90,0.45,72.94,1558.00
[04:28:35.061],1.00,-1.00,0.00,0.00,0.22,0.12,1.27,-4.90,0.45,72.94,1558.00
[04:28:35.061],1.00,-1.00,0.00,0.00,0.01,-0.60,0.87,0.91,7.88,85.45,1558.00
[04:28:35.061],1.00,-1.00,0.00,0.00,0.01,-0.60,0.87,0.91,7.88,85.45,3000.00
[04:28:35.062],1.00,-1.00,0.00,0.00,0.01,-0.60,0.87,0.91,7.88,85.45,3000.00
[04:28:35.148],1.00,-1.00,0.00,0.00,0.12,0.27,0.93,0.48,2.74,80.16,3000.00
[04:28:35.148],1.00,-1.00,0.00,0.00,0.12,0.27,0.93,0.48,2.74,80.16,3000.00
[04:28:35.148],1.00,-1.00,0.00,0.00,0.12,0.27,0.93,0.48,2.74,80.16,3000.00
[04:28:35.148],1.00,-1.00,0.00,0.00,-0.09,0.28,1.06,-2.61,-2.34,73.46,3000.00
[04:28:35.236],1.00,-1.00,0.00,0.00,-0.09,0.28,1.06,-2.61,-2.34,73.46,3000.00
[04:28:35.236],1.00,-1.00,0.00,0.00,-0.09,0.28,1.06,-2.61,-2.34,73.46,3000.00
[04:28:35.236],1.00,-1.00,0.00,0.00,0.16,0.08,1.03,-4.22,-3.64,73.08,3000.00
[04:28:35.248],1.00,-1.00,0.00,0.00,0.16,0.08,1.03,-4.22,-3.64,73.08,3000.00
[04:28:35.343],1.00,-1.00,0.00,0.00,0.16,0.08,1.03,-4.22,-3.64,73.08,3000.00
[04:28:35.344],1.00,-1.00,0.00,0.00,0.18,-0.43,0.87,6.92,9.23,83.85,3000.00
[04:28:35.344],1.00,-1.00,0.00,0.00,0.18,-0.43,0.87,6.92,9.23,83.85,3000.00
[04:28:35.344],1.00,-1.00,0.00,0.00,0.18,-0.43,0.87,6.92,9.23,83.85,3000.00
[04:28:35.431],1.00,-1.00,0.00,0.00,0.16,0.26,1.09,-2.67,-3.52,74.35,3000.00
[04:28:35.431],1.00,-1.00,0.00,0.00,0.16,0.26,1.09,-2.67,-3.52,74.35,3000.00
[04:28:35.431],1.00,-1.00,0.00,0.00,0.16,0.26,1.09,-2.67,-3.52,74.35,3000.00
[04:28:35.431],1.00,-1.00,0.00,0.00,0.30,0.12,1.13,-4.84,-3.69,74.21,3000.00
[04:28:35.521],1.00,-1.00,0.00,0.00,0.30,0.12,1.13,-4.84,-3.69,74.21,3000.00
[04:28:35.521],1.00,-1.00,0.00,0.00,0.30,0.12,1.13,-4.84,-3.69,74.21,3000.00
[04:28:35.521],1.00,-1.00,0.00,0.00,0.52,-0.09,1.25,2.72,7.25,81.99,3000.00
[04:28:35.521],1.00,-1.00,0.00,0.00,0.52,-0.09,1.25,2.72,7.25,81.99,3000.00
[04:28:35.521],1.00,-1.00,0.00,0.00,0.52,-0.09,1.25,2.72,7.25,81.99,3000.00
[04:28:35.605],1.00,-1.00,0.00,0.00,0.03,0.57,1.40,4.30,1.29,78.35,3000.00
[04:28:35.605],1.00,-1.00,0.00,0.00,0.03,0.57,1.40,4.30,1.29,78.35,3000.00
[04:28:35.605],1.00,-1.00,0.00,0.00,0.03,0.57,1.40,4.30,1.29,78.35,3000.00
[04:28:35.606],1.00,-1.00,0.00,0.00,0.48,-0.35,0.93,-6.28,-8.04,75.70,3000.00
[04:28:35.685],1.00,-1.00,0.00,0.00,0.48,-0.35,0.93,-6.28,-8.04,75.70,3000.00
[04:28:35.685],1.00,-1.00,0.00,0.00,0.48,-0.35,0.93,-6.28,-8.04,75.70,3000.00
[04:28:35.709],1.00,-1.00,0.00,0.00,0.21,-0.16,1.29,1.71,5.66,82.66,3000.00
[04:28:35.709],1.00,-1.00,0.00,0.00,0.21,-0.16,1.29,1.71,5.66,82.66,3000.00
[04:28:35.799],1.00,-1.00,0.00,0.00,0.21,-0.16,1.29,1.71,5.66,82.66,3000.00
[04:28:35.799],1.00,-1.00,0.00,0.00,-0.14,0.42,0.99,4.52,1.77,79.86,3000.00
[04:28:35.799],1.00,0.00,0.00,0.00,-0.14,0.42,0.99,4.52,1.77,79.86,3000.00
[04:28:35.799],1.00,0.00,0.00,0.00,-0.14,0.42,0.99,4.52,1.77,79.86,3000.00
[04:28:35.877],1.00,0.00,0.00,0.00,0.22,0.10,1.01,-1.03,-2.14,71.69,3000.00
[04:28:35.877],1.00,0.00,0.00,0.00,0.22,0.10,1.01,-1.03,-2.14,71.69,3000.00
[04:28:35.878],1.00,0.00,0.00,0.00,0.22,0.10,1.01,-1.03,-2.14,71.69,3000.00
[04:28:35.878],1.00,0.00,0.00,0.00,0.34,-0.66,1.23,3.07,7.85,84.72,3000.00
[04:28:35.956],1.00,0.00,0.00,0.00,0.34,-0.66,1.23,3.07,7.85,84.72,3000.00
[04:28:35.956],1.00,0.00,0.00,0.00,0.34,-0.66,1.23,3.07,7.85,84.72,3000.00
[04:28:35.956],1.00,0.00,0.00,0.00,0.09,0.20,1.03,2.74,0.08,80.13,3000.00
[04:28:35.956],1.00,0.00,0.00,0.00,0.09,0.20,1.03,2.74,0.08,80.13,3000.00
[04:28:36.024],1.00,0.00,0.00,0.00,0.09,0.20,1.03,2.74,0.08,80.13,3000.00
[04:28:36.025],1.00,0.00,0.00,0.00,-0.06,0.33,1.06,-0.47,-4.15,73.06,3000.00
[04:28:36.025],1.00,0.00,0.00,0.00,-0.06,0.33,1.06,-0.47,-4.15,73.06,3000.00
[04:28:36.025],1.00,0.00,0.00,0.00,-0.06,0.33,1.06,-0.47,-4.15,73.06,3000.00
[04:28:36.025],1.00,0.00,0.00,0.00,0.16,-0.02,1.05,-4.05,-3.43,72.37,3000.00
[04:28:36.097],1.00,0.00,0.00,0.00,0.16,-0.02,1.05,-4.05,-3.43,72.37,3000.00
[04:28:36.107],1.00,0.00,0.00,0.00,0.16,-0.02,1.05,-4.05,-3.43,72.37,3000.00
[04:28:36.107],1.00,0.00,0.00,0.00,0.10,-0.44,0.96,5.24,-2.43,56.05,3000.00
[04:28:36.107],1.00,0.00,0.00,0.00,0.10,-0.44,0.96,5.24,-2.43,56.05,3000.00
[04:28:36.188],1.00,0.00,0.00,0.00,0.10,-0.44,0.96,5.24,-2.43,56.05,3000.00
[04:28:36.188],1.00,0.00,0.00,0.00,-0.16,0.11,1.43,-0.52,-4.17,17.35,3000.00
[04:28:36.188],1.00,0.00,0.00,0.00,-0.16,0.11,1.43,-0.52,-4.17,17.35,3000.00
[04:28:36.188],1.00,0.00,0.00,0.00,-0.16,0.11,1.43,-0.52,-4.17,17.35,3000.00
[04:28:36.263],1.00,0.00,0.00,0.00,-0.12,0.25,1.21,-4.55,3.31,8.10,3000.00
[04:28:36.263],1.00,0.00,0.00,0.00,-0.12,0.25,1.21,-4.55,3.31,8.10,3000.00
[04:28:36.263],1.00,0.00,0.00,0.00,-0.12,0.25,1.21,-4.55,3.31,8.10,3000.00
[04:28:36.264],1.00,0.00,0.00,0.00,0.07,-0.20,1.12,3.80,-0.50,3.76,3000.00
[04:28:36.336],1.00,0.00,0.00,0.00,0.07,-0.20,1.12,3.80,-0.50,3.76,3000.00
[04:28:36.337],1.00,0.00,0.00,0.00,0.07,-0.20,1.12,3.80,-0.50,3.76,3000.00
[04:28:36.337],1.00,0.00,0.00,0.00,-0.20,0.09,0.83,5.24,2.64,3.21,3000.00
[04:28:36.338],1.00,0.00,0.00,0.00,-0.20,0.09,0.83,5.24,2.64,3.21,3000.00
[04:28:36.404],1.00,0.00,0.00,0.00,-0.20,0.09,0.83,5.24,2.64,3.21,3000.00
[04:28:36.405],1.00,0.00,0.00,0.00,-0.21,-0.19,0.86,-9.04,0.98,2.11,3000.00
[04:28:36.405],1.00,0.00,0.00,0.00,-0.21,-0.19,0.86,-9.04,0.98,2.11,3000.00
[04:28:36.405],1.00,0.00,0.00,0.00,-0.21,-0.19,0.86,-9.04,0.98,2.11,3000.00
[04:28:36.470],1.00,0.00,0.00,0.00,-0.30,-0.09,0.91,2.05,0.88,1.60,3000.00
[04:28:36.478],1.00,0.00,0.00,0.00,-0.30,-0.09,0.91,2.05,0.88,1.60,3000.00
[04:28:36.479],1.00,0.00,0.00,0.00,-0.30,-0.09,0.91,2.05,0.88,1.60,3000.00
[04:28:36.479],1.00,0.00,0.00,0.00,-0.23,0.06,1.14,4.20,0.67,1.33,3000.00
[04:28:36.479],1.00,0.00,0.00,0.00,-0.23,0.06,1.14,4.20,0.67,1.33,3000.00
[04:28:36.562],1.00,0.00,0.00,0.00,-0.23,0.06,1.14,4.20,0.67,1.33,3000.00
[04:28:36.562],1.00,0.00,0.00,0.00,0.04,0.33,0.92,0.43,0.46,1.77,3000.00
[04:28:36.562],1.00,0.00,0.00,0.00,0.04,0.33,0.92,0.43,0.46,1.77,3000.00
[04:28:36.562],1.00,0.00,0.00,0.00,0.04,0.33,0.92,0.43,0.46,1.77,3000.00
[04:28:36.635],1.00,0.00,0.00,0.00,0.39,-0.61,0.95,5.62,0.64,1.40,3000.00
[04:28:36.635],1.00,0.00,0.00,0.00,0.39,-0.61,0.95,5.62,0.64,1.40,3000.00
[04:28:36.635],1.00,0.00,0.00,0.00,0.39,-0.61,0.95,5.62,0.64,1.40,3000.00
[04:28:36.636],1.00,0.00,0.00,0.00,-0.18,-0.30,0.87,1.01,0.69,1.37,3000.00
[04:28:36.707],1.00,0.00,0.00,0.00,-0.18,-0.30,0.87,1.01,0.69,1.37,3000.00
[04:28:36.707],1.00,0.00,0.00,0.00,-0.18,-0.30,0.87,1.01,0.69,1.37,3000.00
[04:28:36.707],1.00,0.00,0.00,0.00,0.17,0.41,0.86,-0.17,0.96,1.44,3000.00
[04:28:36.707],1.00,0.00,0.00,0.00,0.17,0.41,0.86,-0.17,0.96,1.44,3000.00
[04:28:36.773],1.00,0.00,0.00,0.00,0.17,0.41,0.86,-0.17,0.96,1.44,3000.00
[04:28:36.774],1.00,0.00,0.00,0.00,-0.01,-0.13,1.31,-5.00,0.65,1.56,3000.00
[04:28:36.774],1.00,0.00,0.00,0.00,-0.01,-0.13,1.31,-5.00,0.65,1.56,3000.00
[04:28:36.774],1.00,0.00,0.00,0.00,-0.01,-0.13,1.31,-5.00,0.65,1.56,3000.00
[04:28:36.876],1.00,0.00,0.00,0.00,-0.02,-0.39,1.07,6.37,0.79,1.44,3000.00
[04:28:36.877],1.00,0.00,0.00,0.00,-0.02,-0.39,1.07,6.37,0.79,1.44,3000.00
[04:28:36.877],1.00,0.00,0.00,0.00,-0.02,-0.39,1.07,6.37,0.79,1.44,3000.00
[04:28:36.877],1.00,0.00,0.00,0.00,-0.16,0.13,1.04,4.67,0.45,1.48,3000.00
[04:28:36.941],1.00,1.00,0.00,0.00,-0.16,0.13,1.04,4.67,0.45,1.48,3000.00
[04:28:36.942],1.00,1.00,0.00,0.00,-0.16,0.13,1.04,4.67,0.45,1.48,3000.00
[04:28:36.942],1.00,1.00,0.00,0.00,0.01,-0.08,0.64,-8.44,0.55,1.51,3000.00
[04:28:36.942],1.00,1.00,0.00,0.00,0.01,-0.08,0.64,-8.44,0.55,1.51,3000.00
[04:28:36.942],1.00,1.00,0.00,0.00,0.01,-0.08,0.64,-8.44,0.55,1.51,3000.00
[04:28:37.011],1.00,1.00,0.00,0.00,-0.05,-0.30,0.99,2.26,0.93,1.48,3000.00
[04:28:37.011],1.00,1.00,0.00,0.00,-0.05,-0.30,0.99,2.26,0.93,1.48,3000.00
[04:28:37.011],1.00,1.00,0.00,0.00,-0.05,-0.30,0.99,2.26,0.93,1.48,3000.00
[04:28:37.012],1.00,1.00,0.00,0.00,-0.13,0.41,1.28,4.03,0.75,1.63,3000.00
[04:28:37.094],1.00,1.00,0.00,0.00,-0.13,0.41,1.28,4.03,0.75,1.63,3000.00
[04:28:37.094],1.00,1.00,0.00,0.00,-0.13,0.41,1.28,4.03,0.75,1.63,3000.00
[04:28:37.094],1.00,1.00,0.00,0.00,0.02,0.15,1.09,-0.07,1.03,1.38,3000.00
[04:28:37.094],1.00,1.00,0.00,0.00,0.02,0.15,1.09,-0.07,1.03,1.38,3000.00
[04:28:37.172],1.00,1.00,0.00,0.00,0.02,0.15,1.09,-0.07,1.03,1.38,3000.00
[04:28:37.173],1.00,1.00,0.00,0.00,-0.14,-0.42,0.97,5.78,0.73,1.32,3000.00
[04:28:37.173],1.00,1.00,0.00,0.00,-0.14,-0.42,0.97,5.78,0.73,1.32,3000.00
[04:28:37.184],1.00,1.00,0.00,0.00,-0.14,-0.42,0.97,5.78,0.73,1.32,3000.00
[04:28:37.263],1.00,1.00,0.00,0.00,-0.36,0.05,1.11,0.72,-5.42,-21.09,3000.00
[04:28:37.263],1.00,1.00,0.00,0.00,-0.36,0.05,1.11,0.72,-5.42,-21.09,3000.00
[04:28:37.263],1.00,1.00,0.00,0.00,-0.36,0.05,1.11,0.72,-5.42,-21.09,3000.00
[04:28:37.263],1.00,1.00,0.00,0.00,-0.49,0.23,0.66,-0.65,1.12,-51.77,3000.00
[04:28:37.333],1.00,1.00,0.00,0.00,-0.49,0.23,0.66,-0.65,1.12,-51.77,3000.00
[04:28:37.333],1.00,1.00,0.00,0.00,-0.49,0.23,0.66,-0.65,1.12,-51.77,3000.00
[04:28:37.333],1.00,1.00,0.00,0.00,-0.32,-0.40,1.24,3.66,-9.58,-79.25,3000.00
[04:28:37.334],1.00,1.00,0.00,0.00,-0.32,-0.40,1.24,3.66,-9.58,-79.25,3000.00
[04:28:37.405],1.00,1.00,0.00,0.00,-0.32,-0.40,1.24,3.66,-9.58,-79.25,3000.00
[04:28:37.405],1.00,1.00,0.00,0.00,-0.32,0.07,0.95,2.75,0.44,-78.99,3000.00
[04:28:37.405],1.00,1.00,0.00,0.00,-0.32,0.07,0.95,2.75,0.44,-78.99,3000.00
[04:28:37.405],1.00,1.00,0.00,0.00,-0.32,0.07,0.95,2.75,0.44,-78.99,3000.00
[04:28:37.405],1.00,1.00,0.00,0.00,0.05,0.26,0.98,-0.63,5.62,-72.98,3000.00
[04:28:37.476],1.00,1.00,0.00,0.00,0.05,0.26,0.98,-0.63,5.62,-72.98,3000.00
[04:28:37.477],1.00,1.00,0.00,0.00,0.05,0.26,0.98,-0.63,5.62,-72.98,3000.00
[04:28:37.477],1.00,1.00,0.00,0.00,-0.43,-0.14,0.99,3.01,-6.77,-86.80,3000.00
[04:28:37.477],1.00,1.00,0.00,0.00,-0.43,-0.14,0.99,3.01,-6.77,-86.80,3000.00
[04:28:37.545],1.00,1.00,0.00,0.00,-0.43,-0.14,0.99,3.01,-6.77,-86.80,3000.00
[04:28:37.546],1.00,1.00,0.00,0.00,-0.23,0.30,0.76,2.67,1.80,-82.50,3000.00
[04:28:37.554],1.00,1.00,0.00,0.00,-0.23,0.30,0.76,2.67,1.80,-82.50,3000.00
[04:28:37.555],1.00,1.00,0.00,0.00,-0.23,0.30,0.76,2.67,1.80,-82.50,3000.00
[04:28:37.635],1.00,1.00,0.00,0.00,-0.52,0.36,0.79,-0.79,5.92,-74.96,3000.00
[04:28:37.635],1.00,1.00,0.00,0.00,-0.52,0.36,0.79,-0.79,5.92,-74.96,3000.00
[04:28:37.635],1.00,1.00,0.00,0.00,-0.52,0.36,0.79,-0.79,5.92,-74.96,3000.00
[04:28:37.636],1.00,1.00,0.00,0.00,-0.44,-0.45,0.87,2.99,-7.10,-88.32,3000.00
[04:28:37.709],1.00,1.00,0.00,0.00,-0.44,-0.45,0.87,2.99,-7.10,-88.32,3000.00
[04:28:37.710],1.00,1.00,0.00,0.00,-0.44,-0.45,0.87,2.99,-7.10,-88.32,3000.00
[04:28:37.710],1.00,1.00,0.00,0.00,-0.11,0.05,0.79,2.63,1.45,-83.14,3000.00
[04:28:37.710],1.00,1.00,0.00,0.00,-0.11,0.05,0.79,2.63,1.45,-83.14,3000.00
[04:28:37.782],1.00,1.00,0.00,0.00,-0.11,0.05,0.79,2.63,1.45,-83.14,3000.00
[04:28:37.783],1.00,1.00,0.00,0.00,-0.09,0.36,1.01,-0.80,5.64,-75.86,3000.00
[04:28:37.783],1.00,1.00,0.00,0.00,-0.09,0.36,1.01,-0.80,5.64,-75.86,3000.00
[04:28:37.783],1.00,1.00,0.00,0.00,-0.09,0.36,1.01,-0.80,5.64,-75.86,3000.00
[04:28:37.860],1.00,1.00,0.00,0.00,0.00,-0.10,0.95,-4.20,4.91,-75.24,3000.00
[04:28:37.860],1.00,1.00,0.00,0.00,0.00,-0.10,0.95,-4.20,4.91,-75.24,3000.00
[04:28:37.860],1.00,1.00,0.00,0.00,0.00,-0.10,0.95,-4.20,4.91,-75.24,3000.00
[04:28:37.861],1.00,1.00,0.00,0.00,-0.45,-0.46,1.04,7.01,-7.37,-85.89,3000.00
[04:28:37.861],1.00,1.00,0.00,0.00,-0.45,-0.46,1.04,7.01,-7.37,-85.89,3000.00
[04:28:37.936],1.00,1.00,0.00,0.00,-0.45,-0.46,1.04,7.01,-7.37,-85.89,3000.00
[04:28:37.960],1.00,1.00,0.00,0.00,0.11,0.37,0.92,-2.79,4.93,-75.84,3000.00
[04:28:37.960],1.00,1.00,0.00,0.00,0.11,0.37,0.92,-2.79,4.93,-75.84,3000.00
[04:28:37.960],1.00,1.00,0.00,0.00,0.11,0.37,0.92,-2.79,4.93,-75.84,3000.00
[04:28:38.054],1.00,1.00,0.00,0.00,-0.10,0.10,1.25,-4.98,5.53,-75.75,3000.00
[04:28:38.054],1.00,0.00,0.00,0.00,-0.10,0.10,1.25,-4.98,5.53,-75.75,3000.00
[04:28:38.054],1.00,0.00,0.00,0.00,-0.10,0.10,1.25,-4.98,5.53,-75.75,3000.00
[04:28:38.055],1.00,0.00,0.00,0.00,-0.32,-0.15,1.15,3.24,-6.06,-83.90,3000.00
[04:28:38.143],1.00,0.00,0.00,0.00,-0.32,-0.15,1.15,3.24,-6.06,-83.90,3000.00
[04:28:38.144],1.00,0.00,0.00,0.00,-0.32,-0.15,1.15,3.24,-6.06,-83.90,3000.00
[04:28:38.144],1.00,0.00,0.00,0.00,-0.01,0.02,1.11,4.32,0.31,-80.20,3000.00
[04:28:38.144],1.00,0.00,0.00,0.00,-0.01,0.02,1.11,4.32,0.31,-80.20,3000.00
[04:28:38.237],1.00,0.00,0.00,0.00,-0.01,0.02,1.11,4.32,0.31,-80.20,3000.00
[04:28:38.238],1.00,0.00,0.00,0.00,-0.07,-0.10,0.73,-6.77,9.48,-77.34,3000.00
[04:28:38.238],1.00,0.00,0.00,0.00,-0.07,-0.10,0.73,-6.77,9.48,-77.34,3000.00
[04:28:38.238],1.00,0.00,0.00,0.00,-0.07,-0.10,0.73,-6.77,9.48,-77.34,3000.00
[04:28:38.328],1.00,0.00,0.00,0.00,-0.11,0.03,1.21,1.64,-4.23,-84.83,3000.00
[04:28:38.329],1.00,0.00,0.00,0.00,-0.11,0.03,1.21,1.64,-4.23,-84.83,3000.00
[04:28:38.329],1.00,0.00,0.00,0.00,-0.11,0.03,1.21,1.64,-4.23,-84.83,3000.00
[04:28:38.329],1.00,0.00,0.00,0.00,-0.17,0.18,0.99,4.61,-0.46,-81.54,3000.00
[04:28:38.414],1.00,0.00,0.00,0.00,-0.17,0.18,0.99,4.61,-0.46,-81.54,3000.00
[04:28:38.421],1.00,0.00,0.00,0.00,-0.17,0.18,0.99,4.61,-0.46,-81.54,3000.00
[04:28:38.422],1.00,0.00,0.00,0.00,0.42,0.10,0.88,-8.06,11.49,-68.20,3000.00
[04:28:38.422],1.00,0.00,0.00,0.00,0.42,0.10,0.88,-8.06,11.49,-68.20,3000.00
[04:28:38.422],1.00,0.00,0.00,0.00,0.42,0.10,0.88,-8.06,11.49,-68.20,1974.00
[04:28:38.520],1.00,0.00,0.00,0.00,0.84,0.09,1.26,4.02,3.79,-15.49,1974.00
[04:28:38.520],1.00,0.00,0.00,0.00,0.84,0.09,1.26,4.02,3.79,-15.49,1974.00
[04:28:38.520],1.00,0.00,0.00,0.00,0.84,0.09,1.26,4.02,3.79,-15.49,1974.00
[04:28:38.520],1.00,0.00,0.00,0.00,0.42,-0.19,1.08,-2.60,0.40,-6.49,1974.00
[04:28:38.612],1.00,0.00,0.00,0.00,0.42,-0.19,1.08,-2.60,0.40,-6.49,1974.00
[04:28:38.612],1.00,0.00,0.00,0.00,0.42,-0.19,1.08,-2.60,0.40,-6.49,1894.00
[04:28:38.612],1.00,0.00,0.00,0.00,0.39,-0.34,1.19,2.01,3.31,-1.57,1894.00
[04:28:38.613],1.00,0.00,0.00,0.00,0.39,-0.34,1.19,2.01,3.31,-1.57,1894.00
[04:28:38.702],1.00,0.00,0.00,0.00,0.39,-0.34,1.19,2.01,3.31,-1.57,1894.00
[04:28:38.702],1.00,0.00,0.00,0.00,0.20,0.21,0.84,4.07,1.00,0.00,1894.00
[04:28:38.702],1.00,0.00,0.00,0.00,0.20,0.21,0.84,4.07,1.00,0.00,1782.00
[04:28:38.702],1.00,0.00,0.00,0.00,0.20,0.21,0.84,4.07,1.00,0.00,1782.00
[04:28:38.791],1.00,0.00,0.00,0.00,0.13,-0.10,0.91,-6.86,-1.16,1.30,1782.00
[04:28:38.791],1.00,0.00,0.00,0.00,0.13,-0.10,0.91,-6.86,-1.16,1.30,1782.00
[04:28:38.791],1.00,0.00,0.00,0.00,0.13,-0.10,0.91,-6.86,-1.16,1.30,1782.00
[04:28:38.791],1.00,0.00,0.00,0.00,-0.17,0.01,1.02,2.01,-0.15,1.22,1782.00
[04:28:38.902],1.00,0.00,0.00,0.00,-0.17,0.01,1.02,2.01,-0.15,1.22,1709.00
[04:28:38.902],1.00,0.00,0.00,0.00,-0.17,0.01,1.02,2.01,-0.15,1.22,1709.00
[04:28:38.902],1.00,0.00,0.00,0.00,-0.27,0.11,0.81,3.94,0.31,1.80,1709.00
[04:28:38.902],1.00,0.00,0.00,0.00,-0.27,0.11,0.81,3.94,0.31,1.80,1709.00
[04:28:38.985],1.00,-1.00,0.00,0.00,-0.27,0.11,0.81,3.94,0.31,1.80,1709.00
[04:28:38.985],1.00,-1.00,0.00,0.00,0.08,0.30,0.93,0.04,0.61,1.23,1650.00
[04:28:38.986],1.00,-1.00,0.00,0.00,0.08,0.30,0.93,0.04,0.61,1.23,1650.00
[04:28:38.986],1.00,-1.00,0.00,0.00,0.08,0.30,0.93,0.04,0.61,1.23,1650.00
[04:28:38.986],1.00,-1.00,0.00,0.00,-0.16,-0.53,1.24,4.48,-2.03,1.44,1650.00
[04:28:39.076],1.00,-1.00,0.00,0.00,-0.16,-0.53,1.24,4.48,-2.03,1.44,1650.00
[04:28:39.076],1.00,-1.00,0.00,0.00,-0.16,-0.53,1.24,4.48,-2.03,1.44,1630.00
[04:28:39.076],1.00,-1.00,0.00,0.00,-0.13,0.39,0.85,1.28,0.89,1.51,1630.00
[04:28:39.077],1.00,-1.00,0.00,0.00,-0.13,0.39,0.85,1.28,0.89,1.51,1630.00
[04:28:39.156],1.00,-1.00,0.00,0.00,-0.13,0.39,0.85,1.28,0.89,1.51,1630.00
[04:28:39.156],1.00,-1.00,0.00,0.00,-0.05,0.33,1.10,-0.27,0.85,1.47,1630.00
[04:28:39.157],1.00,-1.00,0.00,0.00,-0.05,0.33,1.10,-0.27,0.85,1.47,1630.00
[04:28:39.157],1.00,-1.00,0.00,0.00,-0.05,0.33,1.10,-0.27,0.85,1.47,1578.00
[04:28:39.241],1.00,-1.00,0.00,0.00,0.02,0.01,0.94,-4.44,0.88,1.47,1578.00
[04:28:39.242],1.00,-1.00,0.00,0.00,0.02,0.01,0.94,-4.44,0.88,1.47,1578.00
[04:28:39.242],1.00,-1.00,0.00,0.00,0.02,0.01,0.94,-4.44,0.88,1.47,1578.00
[04:28:39.251],1.00,-1.00,0.00,0.00,0.22,-0.07,1.25,10.59,0.55,1.42,1578.00
[04:28:39.337],1.00,-1.00,0.00,0.00,0.22,-0.07,1.25,10.59,0.55,1.42,1578.00
[04:28:39.338],1.00,-1.00,0.00,0.00,0.22,-0.07,1.25,10.59,0.55,1.42,1523.00
[04:28:39.338],1.00,-1.00,0.00,0.00,0.58,0.04,0.79,-3.92,3.31,41.76,1523.00
[04:28:39.338],1.00,-1.00,0.00,0.00,0.58,0.04,0.79,-3.92,3.31,41.76,1523.00
[04:28:39.415],1.00,-1.00,0.00,0.00,0.58,0.04,0.79,-3.92,3.31,41.76,1523.00
[04:28:39.415],1.00,-1.00,0.00,0.00,0.36,0.40,1.13,-5.12,-0.96,61.83,1523.00
[04:28:39.415],1.00,-1.00,0.00,0.00,0.36,0.40,1.13,-5.12,-0.96,61.83,1523.00
[04:28:39.416],1.00,-1.00,0.00,0.00,0.36,0.40,1.13,-5.12,-0.96,61.83,3000.00
[04:28:39.498],1.00,-1.00,0.00,0.00,0.19,0.04,1.14,7.04,11.05,80.01,3000.00
[04:28:39.498],1.00,-1.00,0.00,0.00,0.19,0.04,1.14,7.04,11.05,80.01,3000.00
[04:28:39.498],1.00,-1.00,0.00,0.00,0.19,0.04,1.14,7.04,11.05,80.01,3000.00
[04:28:39.498],1.00,-1.00,0.00,0.00,-0.04,0.16,1.02,-3.22,-3.26,71.98,3000.00
[04:28:39.498],1.00,-1.00,0.00,0.00,-0.04,0.16,1.02,-3.22,-3.26,71.98,3000.00
[04:28:39.581],1.00,-1.00,0.00,0.00,-0.04,0.16,1.02,-3.22,-3.26,71.98,3000.00
[04:28:39.581],1.00,-1.00,0.00,0.00,-0.10,-0.16,0.89,-5.25,-4.25,72.37,3000.00
[04:28:39.581],1.00,-1.00,0.00,0.00,-0.10,-0.16,0.89,-5.25,-4.25,72.37,3000.00
[04:28:39.582],1.00,-1.00,0.00,0.00,-0.10,-0.16,0.89,-5.25,-4.25,72.37,3000.00
[04:28:39.665],1.00,-1.00,0.00,0.00,0.59,-0.05,0.66,7.28,9.37,83.88,3000.00
[04:28:39.665],1.00,-1.00,0.00,0.00,0.59,-0.05,0.66,7.28,9.37,83.88,3000.00
[04:28:39.676],1.00,-1.00,0.00,0.00,0.59,-0.05,0.66,7.28,9.37,83.88,3000.00
[04:28:39.677],1.00,-1.00,0.00,0.00,-0.13,0.07,0.91,-2.90,-3.65,74.16,3000.00
[04:28:39.765],1.00,-1.00,0.00,0.00,-0.13,0.07,0.91,-2.90,-3.65,74.16,3000.00
[04:28:39.765],1.00,-1.00,0.00,0.00,-0.13,0.07,0.91,-2.90,-3.65,74.16,3000.00
[04:28:39.765],1.00,-1.00,0.00,0.00,0.26,0.07,0.84,-4.91,-4.29,73.57,3000.00
[04:28:39.766],1.00,-1.00,0.00,0.00,0.26,0.07,0.84,-4.91,-4.29,73.57,3000.00
[04:28:39.842],1.00,-1.00,0.00,0.00,0.26,0.07,0.84,-4.91,-4.29,73.57,3000.00
[04:28:39.843],1.00,-1.00,0.00,0.00,-0.02,-0.01,1.06,3.00,7.40,81.71,3000.00
[04:28:39.843],1.00,-1.00,0.00,0.00,-0.02,-0.01,1.06,3.00,7.40,81.71,3000.00
[04:28:39.843],1.00,-1.00,0.00,0.00,-0.02,-0.01,1.06,3.00,7.40,81.71,3000.00
[04:28:39.917],1.00,-1.00,0.00,0.00,-0.06,0.43,1.11,4.08,1.34,78.04,3000.00
[04:28:39.917],1.00,-1.00,0.00,0.00,-0.06,0.43,1.11,4.08,1.34,78.04,3000.00
[04:28:39.919],1.00,-1.00,0.00,0.00,-0.06,0.43,1.11,4.08,1.34,78.04,3000.00
[04:28:39.919],1.00,-1.00,0.00,0.00,0.20,-0.20,1.13,-6.66,-8.30,75.66,3000.00
[04:28:39.989],1.00,-1.00,0.00,0.00,0.20,-0.20,1.13,-6.66,-8.30,75.66,3000.00
[04:28:39.989],1.00,-1.00,0.00,0.00,0.20,-0.20,1.13,-6.66,-8.30,75.66,3000.00
[04:28:39.989],1.00,-1.00,0.00,0.00,0.46,-0.25,1.26,1.78,5.71,82.53,3000.00
[04:28:39.989],1.00,-1.00,0.00,0.00,0.46,-0.25,1.26,1.78,5.71,82.53,3000.00
[04:28:39.990],1.00,-1.00,0.00,0.00,0.46,-0.25,1.26,1.78,5.71,82.53,3000.00
[04:28:40.060],1.00,-1.00,0.00,0.00,0.04,-0.06,1.11,4.63,1.80,79.49,3000.00
[04:28:40.069],1.00,-1.00,0.00,0.00,0.04,-0.06,1.11,4.63,1.80,79.49,3000.00
[04:28:40.069],1.00,-1.00,0.00,0.00,0.04,-0.06,1.11,4.63,1.80,79.49,3000.00
[04:28:40.071],1.00,-1.00,0.00,0.00,0.12,0.28,1.15,-1.10,-1.92,71.34,3000.00
[04:28:40.147],1.00,-1.00,0.00,0.00,0.12,0.28,1.15,-1.10,-1.92,71.34,3000.00
[04:28:40.147],1.00,-1.00,0.00,0.00,0.12,0.28,1.15,-1.10,-1.92,71.34,3000.00
[04:28:40.147],1.00,-1.00,0.00,0.00,0.59,-0.44,0.91,3.39,7.62,84.72,3000.00
[04:28:40.148],1.00,-1.00,0.00,0.00,0.59,-0.44,0.91,3.39,7.62,84.72,3000.00
[04:28:40.219],1.00,-1.00,0.00,0.00,0.59,-0.44,0.91,3.39,7.62,84.72,3000.00
[04:28:40.219],1.00,-1.00,0.00,0.00,-0.02,0.09,0.87,2.66,0.23,79.98,3000.00
[04:28:40.219],1.00,-1.00,0.00,0.00,-0.02,0.09,0.87,2.66,0.23,79.98,3000.00
[04:28:40.219],1.00,-1.00,0.00,0.00,-0.02,0.09,0.87,2.66,0.23,79.98,3000.00
[04:28:40.291],1.00,-1.00,0.00,0.00,0.24,0.43,0.88,-0.39,-4.00,73.02,3000.00
[04:28:40.292],1.00,-1.00,0.00,0.00,0.24,0.43,0.88,-0.39,-4.00,73.02,3000.00
[04:28:40.292],1.00,-1.00,0.00,0.00,0.24,0.43,0.88,-0.39,-4.00,73.02,3000.00
[04:28:40.292],1.00,-1.00,0.00,0.00,0.49,-0.04,1.09,3.10,8.52,85.84,3000.00
[04:28:40.357],1.00,-1.00,0.00,0.00,0.49,-0.04,1.09,3.10,8.52,85.84,3000.00
[04:28:40.357],1.00,-1.00,0.00,0.00,0.49,-0.04,1.09,3.10,8.52,85.84,3000.00
[04:28:40.357],1.00,-1.00,0.00,0.00,0.03,0.40,1.10,2.56,0.06,81.30,3000.00
[04:28:40.358],1.00,-1.00,0.00,0.00,0.03,0.40,1.10,2.56,0.06,81.30,3000.00
[04:28:40.425],1.00,-1.00,0.00,0.00,0.03,0.40,1.10,2.56,0.06,81.30,3000.00
[04:28:40.436],1.00,-1.00,0.00,0.00,0.17,0.23,0.88,-0.75,-4.13,73.89,3000.00
[04:28:40.436],1.00,-1.00,0.00,0.00,0.17,0.23,0.88,-0.75,-4.13,73.89,3000.00
[04:28:40.436],1.00,-1.00,0.00,0.00,0.17,0.23,0.88,-0.75,-4.13,73.89,3000.00
[04:28:40.436],1.00,-1.00,0.00,0.00,0.28,0.04,0.98,-4.04,-3.28,73.60,3000.00
[04:28:40.508],1.00,-1.00,0.00,0.00,0.28,0.04,0.98,-4.04,-3.28,73.60,3000.00
[04:28:40.508],1.00,-1.00,0.00,0.00,0.28,0.04,0.98,-4.04,-3.28,73.60,3000.00
[04:28:40.508],1.00,-1.00,0.00,0.00,-0.03,-0.22,0.95,7.12,8.91,83.81,3000.00
[04:28:40.508],1.00,-1.00,0.00,0.00,-0.03,-0.22,0.95,7.12,8.91,83.81,3000.00
[04:28:40.582],1.00,-1.00,0.00,0.00,-0.03,-0.22,0.95,7.12,8.91,83.81,3000.00
[04:28:40.583],1.00,-1.00,0.00,0.00,0.14,0.05,1.10,-2.85,-3.34,74.28,3000.00
[04:28:40.583],1.00,-1.00,0.00,0.00,0.14,0.05,1.10,-2.85,-3.34,74.28,3000.00
[04:28:40.583],1.00,-1.00,0.00,0.00,0.14,0.05,1.10,-2.85,-3.34,74.28,3000.00
[04:28:40.655],1.00,-1.00,0.00,0.00,0.34,-0.04,0.92,-4.96,-3.83,74.17,3000.00
[04:28:40.655],1.00,-1.00,0.00,0.00,0.34,-0.04,0.92,-4.96,-3.83,74.17,3000.00
[04:28:40.656],1.00,-1.00,0.00,0.00,0.34,-0.04,0.92,-4.96,-3.83,74.17,3000.00
[04:28:40.656],1.00,-1.00,0.00,0.00,0.03,-0.01,1.05,2.93,7.73,81.82,2867.00
[04:28:40.727],1.00,-1.00,0.00,0.00,0.03,-0.01,1.05,2.93,7.73,81.82,2867.00
[04:28:40.727],1.00,-1.00,0.00,0.00,0.03,-0.01,1.05,2.93,7.73,81.82,2867.00
[04:28:40.727],1.00,-1.00,0.00,0.00,0.12,0.11,0.99,4.71,1.48,78.30,2867.00
[04:28:40.728],1.00,-1.00,0.00,0.00,0.12,0.11,0.99,4.71,1.48,78.30,2867.00
[04:28:40.819],1.00,-1.00,0.00,0.00,0.12,0.11,0.99,4.71,1.48,78.30,2867.00
[04:28:40.819],1.00,-1.00,0.00,0.00,0.32,0.09,1.20,-6.45,-8.12,76.11,2510.00
[04:28:40.819],1.00,-1.00,0.00,0.00,0.32,0.09,1.20,-6.45,-8.12,76.11,2510.00
[04:28:40.820],1.00,-1.00,0.00,0.00,0.32,0.09,1.20,-6.45,-8.12,76.11,2510.00
[04:28:40.894],1.00,-1.00,0.00,0.00,0.23,-0.09,1.06,1.64,6.03,82.63,2510.00
[04:28:40.894],1.00,-1.00,0.00,0.00,0.23,-0.09,1.06,1.64,6.03,82.63,2510.00
[04:28:40.894],1.00,-1.00,0.00,0.00,0.23,-0.09,1.06,1.64,6.03,82.63,2510.00
[04:28:40.894],1.00,-1.00,0.00,0.00,0.26,0.26,0.68,4.64,1.55,79.82,2199.00
[04:28:40.894],1.00,-1.00,0.00,0.00,0.26,0.26,0.68,4.64,1.55,79.82,2199.00
[04:28:40.959],1.00,-1.00,0.00,0.00,0.26,0.26,0.68,4.64,1.55,79.82,2199.00
[04:28:40.959],1.00,-1.00,0.00,0.00,0.02,0.46,0.96,-0.90,-1.95,71.68,2199.00
[04:28:40.959],1.00,-1.00,0.00,0.00,0.02,0.46,0.96,-0.90,-1.95,71.68,2199.00
[04:28:40.959],1.00,-1.00,0.00,0.00,0.02,0.46,0.96,-0.90,-1.95,71.68,2199.00
[04:28:41.019],1.00,-1.00,0.00,0.00,0.49,-0.14,0.95,2.78,7.83,84.60,1932.00
[04:28:41.020],1.00,-1.00,0.00,0.00,0.49,-0.14,0.95,2.78,7.83,84.60,1932.00
[04:28:41.020],1.00,-1.00,0.00,0.00,0.49,-0.14,0.95,2.78,7.83,84.60,1932.00
[04:28:41.020],1.00,-1.00,0.00,0.00,-0.22,-0.05,0.79,2.72,0.37,80.13,1932.00
[04:28:41.088],1.00,-1.00,0.00,0.00,-0.22,-0.05,0.79,2.72,0.37,80.13,1932.00
[04:28:41.089],1.00,-1.00,0.00,0.00,-0.22,-0.05,0.79,2.72,0.37,80.13,1932.00
[04:28:41.089],1.00,-1.00,0.00,0.00,0.15,0.19,1.05,-0.61,-3.88,73.14,1725.00
[04:28:41.099],1.00,-1.00,0.00,0.00,0.15,0.19,1.05,-0.61,-3.88,73.14,1725.00
[04:28:41.174],1.00,-1.00,0.00,0.00,0.15,0.19,1.05,-0.61,-3.88,73.14,1725.00
[04:28:41.174],1.00,-1.00,0.00,0.00,0.07,0.08,0.79,-4.16,-3.51,72.50,1725.00
[04:28:41.174],1.00,-1.00,0.00,0.00,0.07,0.08,0.79,-4.16,-3.51,72.50,1725.00
[04:28:41.174],1.00,-1.00,0.00,0.00,0.07,0.08,0.79,-4.16,-3.51,72.50,1725.00
[04:28:41.241],1.00,-1.00,0.00,0.00,0.44,-0.24,1.27,7.42,8.91,83.21,1567.00
[04:28:41.241],1.00,-1.00,0.00,0.00,0.44,-0.24,1.27,7.42,8.91,83.21,1567.00
[04:28:41.241],1.00,-1.00,0.00,0.00,0.44,-0.24,1.27,7.42,8.91,83.21,1567.00
[04:28:41.241],1.00,-1.00,0.00,0.00,-0.07,0.40,0.90,-2.85,-3.41,73.79,1567.00
[04:28:41.306],1.00,-1.00,0.00,0.00,-0.07,0.40,0.90,-2.85,-3.41,73.79,1567.00
[04:28:41.306],1.00,-1.00,0.00,0.00,-0.07,0.40,0.90,-2.85,-3.41,73.79,1567.00
[04:28:41.306],1.00,-1.00,0.00,0.00,-0.08,-0.20,1.37,-4.61,-3.89,73.59,1424.00
[04:28:41.307],1.00,-1.00,0.00,0.00,-0.08,-0.20,1.37,-4.61,-3.89,73.59,1424.00
[04:28:41.307],1.00,-1.00,0.00,0.00,-0.08,-0.20,1.37,-4.61,-3.89,73.59,1424.00
[04:28:41.384],1.00,-1.00,0.00,0.00,0.22,-0.36,1.08,7.45,9.76,84.39,1424.00
[04:28:41.385],1.00,-1.00,0.00,0.00,0.22,-0.36,1.08,7.45,9.76,84.39,1424.00
[04:28:41.385],1.00,-1.00,0.00,0.00,0.22,-0.36,1.08,7.45,9.76,84.39,1424.00
[04:28:41.385],1.00,-1.00,0.00,0.00,0.34,0.30,1.02,-3.11,-3.35,74.91,1257.00
[04:28:41.457],1.00,-1.00,0.00,0.00,0.34,0.30,1.02,-3.11,-3.35,74.91,1257.00
[04:28:41.457],1.00,-1.00,0.00,0.00,0.34,0.30,1.02,-3.11,-3.35,74.91,1257.00
[04:28:41.465],1.00,-1.00,0.00,0.00,0.31,-0.17,0.91,-4.87,-4.00,74.56,1257.00
[04:28:41.466],1.00,-1.00,0.00,0.00,0.31,-0.17,0.91,-4.87,-4.00,74.56,1257.00
[04:28:41.559],1.00,-1.00,0.00,0.00,0.31,-0.17,0.91,-4.87,-4.00,74.56,1257.00
[04:28:41.559],1.00,-1.00,0.00,0.00,0.19,0.08,1.04,3.02,7.56,82.45,1193.00
[04:28:41.559],1.00,-1.00,0.00,0.00,0.19,0.08,1.04,3.02,7.56,82.45,1193.00
[04:28:41.559],1.00,-1.00,0.00,0.00,0.19,0.08,1.04,3.02,7.56,82.45,1193.00
[04:28:41.643],1.00,-1.00,0.00,0.00,0.14,0.27,1.06,4.64,1.33,78.65,1193.00
[04:28:41.643],1.00,-1.00,0.00,0.00,0.14,0.27,1.06,4.64,1.33,78.65,1193.00
[04:28:41.643],1.00,-1.00,0.00,0.00,0.14,0.27,1.06,4.64,1.33,78.65,1193.00
[04:28:41.643],1.00,-1.00,0.00,0.00,0.19,-0.02,0.87,-6.89,-8.11,76.37,1069.00
[04:28:41.735],1.00,-1.00,0.00,0.00,0.19,-0.02,0.87,-6.89,-8.11,76.37,1069.00
[04:28:41.736],1.00,-1.00,0.00,0.00,0.19,-0.02,0.87,-6.89,-8.11,76.37,1069.00
[04:28:41.736],1.00,-1.00,0.00,0.00,0.14,-0.16,1.28,1.45,6.04,83.08,1069.00
[04:28:41.736],1.00,-1.00,0.00,0.00,0.14,-0.16,1.28,1.45,6.04,83.08,1069.00
[04:28:41.825],1.00,-1.00,0.00,0.00,0.14,-0.16,1.28,1.45,6.04,83.08,1069.00
[04:28:41.826],1.00,-1.00,0.00,0.00,0.10,0.19,1.04,4.97,1.41,80.12,956.00
[04:28:41.826],1.00,-1.00,0.00,0.00,0.10,0.19,1.04,4.97,1.41,80.12,956.00
[04:28:41.826],1.00,-1.00,0.00,0.00,0.10,0.19,1.04,4.97,1.41,80.12,956.00
[04:28:41.826],1.00,-1.00,0.00,0.00,0.15,0.35,1.19,-0.96,-2.01,71.68,956.00
[04:28:41.915],1.00,-1.00,0.00,0.00,0.15,0.35,1.19,-0.96,-2.01,71.68,956.00
[04:28:41.940],1.00,-1.00,0.00,0.00,0.15,0.35,1.19,-0.96,-2.01,71.68,956.00
[04:28:41.940],1.00,-1.00,0.00,0.00,0.16,-0.10,1.34,2.88,7.52,85.28,842.00
[04:28:41.940],1.00,-1.00,0.00,0.00,0.16,-0.10,1.34,2.88,7.52,85.28,842.00
[04:28:42.046],1.00,-1.00,0.00,0.00,0.16,-0.10,1.34,2.88,7.52,85.28,842.00
[04:28:42.047],0.00,0.00,0.00,0.00,0.17,0.17,0.91,2.69,0.20,80.54,842.00
[04:28:42.047],0.00,0.00,0.00,0.00,0.17,0.17,0.91,2.69,0.20,80.54,842.00
[04:28:42.047],0.00,0.00,0.00,0.00,0.17,0.17,0.91,2.69,0.20,80.54,842.00
[04:28:42.145],0.00,0.00,0.00,0.00,-0.02,0.59,0.87,-5.07,-5.37,66.13,857.00
[04:28:42.146],0.00,0.00,0.00,0.00,-0.02,0.59,0.87,-5.07,-5.37,66.13,857.00
[04:28:42.146],0.00,0.00,0.00,0.00,-0.02,0.59,0.87,-5.07,-5.37,66.13,857.00
[04:28:42.146],0.00,0.00,0.00,0.00,-0.03,0.76,1.12,-0.27,-2.34,51.04,857.00
[04:28:42.239],0.00,0.00,0.00,0.00,-0.03,0.76,1.12,-0.27,-2.34,51.04,857.00
[04:28:42.239],0.00,0.00,0.00,0.00,-0.03,0.76,1.12,-0.27,-2.34,51.04,857.00
[04:28:42.240],0.00,0.00,0.00,0.00,-0.01,0.37,0.94,-0.49,-0.17,41.36,802.00
[04:28:42.240],0.00,0.00,0.00,0.00,-0.01,0.37,0.94,-0.49,-0.17,41.36,802.00
[04:28:42.323],0.00,0.00,0.00,0.00,-0.01,0.37,0.94,-0.49,-0.17,41.36,802.00
[04:28:42.323],0.00,0.00,0.00,0.00,-0.10,0.42,0.94,1.01,0.21,34.08,802.00
[04:28:42.325],0.00,0.00,0.00,0.00,-0.10,0.42,0.94,1.01,0.21,34.08,802.00
[04:28:42.325],0.00,0.00,0.00,0.00,-0.10,0.42,0.94,1.01,0.21,34.08,802.00
[04:28:42.415],0.00,0.00,0.00,0.00,-0.07,0.38,1.02,1.45,0.28,28.21,749.00
[04:28:42.436],0.00,0.00,0.00,0.00,-0.07,0.38,1.02,1.45,0.28,28.21,749.00
[04:28:42.436],0.00,0.00,0.00,0.00,-0.07,0.38,1.02,1.45,0.28,28.21,749.00
[04:28:42.436],0.00,0.00,0.00,0.00,-0.29,0.23,1.01,1.79,2.24,8.81,749.00
[04:28:42.436],0.00,0.00,0.00,0.00,-0.29,0.23,1.01,1.79,2.24,8.81,749.00
[04:28:42.536],-1.00,1.00,0.00,0.00,-0.29,0.23,1.01,1.79,2.24,8.81,749.00
[04:28:42.537],-1.00,1.00,0.00,0.00,-0.10,0.28,1.02,-0.29,-0.83,3.12,729.00
[04:28:42.537],-1.00,1.00,0.00,0.00,-0.10,0.28,1.02,-0.29,-0.83,3.12,729.00
[04:28:42.537],-1.00,1.00,0.00,0.00,-0.10,0.28,1.02,-0.29,-0.83,3.12,729.00
[04:28:42.629],-1.00,1.00,0.00,0.00,-0.04,0.80,1.02,4.67,0.97,1.53,729.00
[04:28:42.629],-1.00,1.00,0.00,0.00,-0.04,0.80,1.02,4.67,0.97,1.53,729.00
[04:28:42.629],-1.00,1.00,0.00,0.00,-0.04,0.80,1.02,4.67,0.97,1.53,727.00
[04:28:42.629],-1.00,1.00,0.00,0.00,0.03,0.53,1.01,0.43,0.66,1.48,727.00
[04:28:42.735],-1.00,1.00,0.00,0.00,0.03,0.53,1.01,0.43,0.66,1.48,727.00
[04:28:42.735],-1.00,1.00,0.00,0.00,0.03,0.53,1.01,0.43,0.66,1.48,727.00
[04:28:42.735],-1.00,1.00,0.00,0.00,0.01,0.56,1.06,0.90,0.81,1.63,727.00
[04:28:42.736],-1.00,1.00,0.00,0.00,0.01,0.56,1.06,0.90,0.81,1.63,727.00
[04:28:42.834],-1.00,1.00,0.00,0.00,0.01,0.56,1.06,0.90,0.81,1.63,749.00
[04:28:42.834],-1.00,1.00,0.00,0.00,0.04,0.47,1.16,1.03,0.72,1.51,749.00
[04:28:42.834],-1.00,1.00,0.00,0.00,0.04,0.47,1.16,1.03,0.72,1.51,749.00
[04:28:42.834],-1.00,1.00,0.00,0.00,0.04,0.47,1.16,1.03,0.72,1.51,749.00
[04:28:42.944],-1.00,1.00,0.00,0.00,0.06,0.11,1.08,5.54,0.48,1.46,749.00
[04:28:42.945],-1.00,1.00,0.00,0.00,0.06,0.11,1.08,5.54,0.48,1.46,749.00
[04:28:42.945],-1.00,1.00,0.00,0.00,0.06,0.11,1.08,5.54,0.48,1.46,811.00
[04:28:42.945],-1.00,1.00,0.00,0.00,0.69,-0.10,1.03,0.92,2.67,31.92,811.00
[04:28:43.038],-1.00,1.00,0.00,0.00,0.69,-0.10,1.03,0.92,2.67,31.92,811.00
[04:28:43.039],-1.00,1.00,0.00,0.00,0.69,-0.10,1.03,0.92,2.67,31.92,811.00
[04:28:43.039],-1.00,1.00,0.00,0.00,0.16,0.12,1.06,5.72,-2.74,43.10,811.00
[04:28:43.039],-1.00,1.00,0.00,0.00,0.16,0.12,1.06,5.72,-2.74,43.10,811.00
[04:28:43.039],-1.00,1.00,0.00,0.00,0.16,0.12,1.06,5.72,-2.74,43.10,832.00
[04:28:43.128],-1.00,1.00,0.00,0.00,0.07,0.01,1.02,-1.11,1.19,44.16,832.00
[04:28:43.128],-1.00,1.00,0.00,0.00,0.07,0.01,1.02,-1.11,1.19,44.16,832.00
[04:28:43.128],-1.00,1.00,0.00,0.00,0.07,0.01,1.02,-1.11,1.19,44.16,832.00
[04:28:43.129],-1.00,1.00,0.00,0.00,-0.08,-0.21,1.10,6.18,-2.03,39.84,832.00
[04:28:43.228],-1.00,1.00,0.00,0.00,-0.08,-0.21,1.10,6.18,-2.03,39.84,832.00
[04:28:43.228],-1.00,1.00,0.00,0.00,-0.08,-0.21,1.10,6.18,-2.03,39.84,827.00
[04:28:43.228],-1.00,1.00,0.00,0.00,0.18,0.31,0.84,-2.94,0.64,47.15,827.00
[04:28:43.228],-1.00,1.00,0.00,0.00,0.18,0.31,0.84,-2.94,0.64,47.15,827.00
[04:28:43.311],-1.00,1.00,0.00,0.00,0.18,0.31,0.84,-2.94,0.64,47.15,827.00
[04:28:43.311],-1.00,1.00,0.00,0.00,0.09,-0.04,1.03,-1.64,1.85,46.11,827.00
[04:28:43.311],-1.00,1.00,0.00,0.00,0.09,-0.04,1.03,-1.64,1.85,46.11,827.00
[04:28:43.322],-1.00,1.00,0.00,0.00,0.09,-0.04,1.03,-1.64,1.85,46.11,829.00
[04:28:43.419],-1.00,1.00,0.00,0.00,-0.09,-0.07,1.14,7.48,-4.05,40.20,829.00
[04:28:43.419],-1.00,1.00,0.00,0.00,-0.09,-0.07,1.14,7.48,-4.05,40.20,829.00
[04:28:43.419],-1.00,1.00,0.00,0.00,-0.09,-0.07,1.14,7.48,-4.05,40.20,829.00
[04:28:43.419],-1.00,1.00,0.00,0.00,-0.03,0.15,1.06,-2.85,3.15,48.27,829.00
[04:28:43.513],-1.00,1.00,0.00,0.00,-0.03,0.15,1.06,-2.85,3.15,48.27,911.00
[04:28:43.513],-1.00,1.00,0.00,0.00,-0.03,0.15,1.06,-2.85,3.15,48.27,911.00
[04:28:43.514],-1.00,1.00,0.00,0.00,-0.17,-0.24,0.94,2.35,-0.53,38.09,911.00
[04:28:43.514],-1.00,1.00,0.00,0.00,-0.17,-0.24,0.94,2.35,-0.53,38.09,911.00
[04:28:43.603],-1.00,1.00,0.00,0.00,-0.17,-0.24,0.94,2.35,-0.53,38.09,911.00
[04:28:43.603],-1.00,1.00,0.00,0.00,0.25,0.33,0.99,-0.75,0.74,52.09,1029.00
[04:28:43.603],-1.00,1.00,0.00,0.00,0.25,0.33,0.99,-0.75,0.74,52.09,1029.00
[04:28:43.603],-1.00,1.00,0.00,0.00,0.25,0.33,0.99,-0.75,0.74,52.09,1029.00
[04:28:43.604],-1.00,1.00,0.00,0.00,-0.17,-0.28,1.00,4.51,-2.88,40.45,1029.00
[04:28:43.688],-1.00,1.00,0.00,0.00,-0.17,-0.28,1.00,4.51,-2.88,40.45,1029.00
[04:28:43.688],-1.00,1.00,0.00,0.00,-0.17,-0.28,1.00,4.51,-2.88,40.45,1029.00
[04:28:43.688],-1.00,1.00,0.00,0.00,-0.09,0.09,1.13,2.87,1.32,44.44,1063.00
[04:28:43.688],-1.00,1.00,0.00,0.00,-0.09,0.09,1.13,2.87,1.32,44.44,1063.00
[04:28:43.754],-1.00,1.00,0.00,0.00,-0.09,0.09,1.13,2.87,1.32,44.44,1063.00
[04:28:43.754],-1.00,1.00,0.00,0.00,-0.08,-0.02,0.97,-5.04,3.61,44.68,1063.00
[04:28:43.766],-1.00,1.00,0.00,0.00,-0.08,-0.02,0.97,-5.04,3.61,44.68,1063.00
[04:28:43.766],-1.00,1.00,0.00,0.00,-0.08,-0.02,0.97,-5.04,3.61,44.68,1063.00
[04:28:43.839],-1.00,1.00,0.00,0.00,-0.14,-0.31,0.97,5.64,-0.68,39.29,1083.00
[04:28:43.840],-1.00,1.00,0.00,0.00,-0.14,-0.31,0.97,5.64,-0.68,39.29,1083.00
[04:28:43.840],-1.00,1.00,0.00,0.00,-0.14,-0.31,0.97,5.64,-0.68,39.29,1083.00
[04:28:43.840],-1.00,1.00,0.00,0.00,0.05,0.28,0.95,-3.83,3.70,48.41,1083.00
[04:28:43.911],-1.00,1.00,0.00,0.00,0.05,0.28,0.95,-3.83,3.70,48.41,1083.00
[04:28:43.911],-1.00,1.00,0.00,0.00,0.05,0.28,0.95,-3.83,3.70,48.41,1083.00
[04:28:43.911],-1.00,1.00,0.00,0.00,-0.17,0.04,1.09,6.44,-1.96,41.54,1138.00
[04:28:43.911],-1.00,1.00,0.00,0.00,-0.17,0.04,1.09,6.44,-1.96,41.54,1138.00
[04:28:43.974],-1.00,1.00,0.00,0.00,-0.17,0.04,1.09,6.44,-1.96,41.54,1138.00
[04:28:43.974],-1.00,1.00,0.00,0.00,0.22,0.11,0.85,-2.11,1.93,49.65,1138.00
[04:28:43.975],-1.00,1.00,0.00,0.00,0.22,0.11,0.85,-2.11,1.93,49.65,1138.00
[04:28:43.975],-1.00,1.00,0.00,0.00,0.22,0.11,0.85,-2.11,1.93,49.65,1138.00
[04:28:44.040],-1.00,1.00,0.00,0.00,-0.22,-0.31,1.16,1.49,-0.31,38.75,1191.00
[04:28:44.040],-1.00,1.00,0.00,0.00,-0.22,-0.31,1.16,1.49,-0.31,38.75,1191.00
[04:28:44.040],-1.00,1.00,0.00,0.00,-0.22,-0.31,1.16,1.49,-0.31,38.75,1191.00
[04:28:44.040],-1.00,1.00,0.00,0.00,0.05,0.20,1.06,2.47,3.51,43.11,1191.00
[04:28:44.041],-1.00,1.00,0.00,0.00,0.05,0.20,1.06,2.47,3.51,43.11,1191.00
[04:28:44.107],-1.00,1.00,0.00,0.00,0.05,0.20,1.06,2.47,3.51,43.11,1191.00
[04:28:44.116],-1.00,1.00,0.00,0.00,-0.08,-0.05,0.91,-3.50,3.02,43.33,1255.00
[04:28:44.117],-1.00,1.00,0.00,0.00,-0.08,-0.05,0.91,-3.50,3.02,43.33,1255.00
[04:28:44.117],-1.00,1.00,0.00,0.00,-0.08,-0.05,0.91,-3.50,3.02,43.33,1255.00
[04:28:44.196],-1.00,1.00,0.00,0.00,-0.15,0.01,1.24,3.75,2.55,45.68,1255.00
[04:28:44.197],-1.00,1.00,0.00,0.00,-0.15,0.01,1.24,3.75,2.55,45.68,1255.00
[04:28:44.197],-1.00,1.00,0.00,0.00,-0.15,0.01,1.24,3.75,2.55,45.68,1291.00
[04:28:44.197],-1.00,1.00,0.00,0.00,-0.09,0.13,0.94,-2.87,2.24,45.71,1291.00
[04:28:44.269],-1.00,1.00,0.00,0.00,-0.09,0.13,0.94,-2.87,2.24,45.71,1291.00
[04:28:44.269],-1.00,1.00,0.00,0.00,-0.09,0.13,0.94,-2.87,2.24,45.71,1291.00
[04:28:44.270],-1.00,1.00,0.00,0.00,-0.11,-0.01,1.07,6.50,-2.64,40.01,1291.00
[04:28:44.270],-1.00,1.00,0.00,0.00,-0.11,-0.01,1.07,6.50,-2.64,40.01,1385.00
[04:28:44.342],-1.00,1.00,0.00,0.00,-0.11,-0.01,1.07,6.50,-2.64,40.01,1385.00
[04:28:44.342],-1.00,1.00,0.00,0.00,0.10,0.31,1.03,-2.48,3.21,48.47,1385.00
[04:28:44.342],-1.00,1.00,0.00,0.00,0.10,0.31,1.03,-2.48,3.21,48.47,1385.00
[04:28:44.342],-1.00,1.00,0.00,0.00,0.10,0.31,1.03,-2.48,3.21,48.47,1385.00
[04:28:44.416],-1.00,1.00,0.00,0.00,-0.22,-0.35,1.15,2.82,-2.30,37.83,1385.00
[04:28:44.417],-1.00,1.00,0.00,0.00,-0.22,-0.35,1.15,2.82,-2.30,37.83,1452.00
[04:28:44.417],-1.00,1.00,0.00,0.00,-0.22,-0.35,1.15,2.82,-2.30,37.83,1452.00
[04:28:44.417],-1.00,1.00,0.00,0.00,0.09,0.41,1.06,-1.79,1.62,51.78,1452.00
[04:28:44.485],-1.00,1.00,0.00,0.00,0.09,0.41,1.06,-1.79,1.62,51.78,1452.00
[04:28:44.495],-1.00,1.00,0.00,0.00,0.09,0.41,1.06,-1.79,1.62,51.78,1452.00
[04:28:44.495],-1.00,1.00,0.00,0.00,-0.26,-0.21,1.07,4.46,-3.75,40.47,1452.00
[04:28:44.495],-1.00,1.00,0.00,0.00,-0.26,-0.21,1.07,4.46,-3.75,40.47,1513.00
[04:28:44.495],-1.00,1.00,0.00,0.00,-0.26,-0.21,1.07,4.46,-3.75,40.47,1513.00
[04:28:44.572],-1.00,1.00,0.00,0.00,0.06,0.23,0.90,2.60,-2.15,44.57,1513.00
[04:28:44.572],-1.00,1.00,0.00,0.00,0.06,0.23,0.90,2.60,-2.15,44.57,1513.00
[04:28:44.572],-1.00,1.00,0.00,0.00,0.06,0.23,0.90,2.60,-2.15,44.57,1513.00
[04:28:44.572],-1.00,1.00,0.00,0.00,-0.13,-0.05,1.01,-5.15,3.18,44.64,1576.00
[04:28:44.647],-1.00,1.00,0.00,0.00,-0.13,-0.05,1.01,-5.15,3.18,44.64,1576.00
[04:28:44.648],-1.00,1.00,0.00,0.00,-0.13,-0.05,1.01,-5.15,3.18,44.64,1576.00
[04:28:44.648],-1.00,1.00,0.00,0.00,-0.10,-0.11,1.15,5.65,-0.58,38.91,1576.00
[04:28:44.648],-1.00,1.00,0.00,0.00,-0.10,-0.11,1.15,5.65,-0.58,38.91,1576.00
[04:28:44.722],-1.00,1.00,0.00,0.00,-0.10,-0.11,1.15,5.65,-0.58,38.91,1576.00
[04:28:44.722],-1.00,1.00,0.00,0.00,0.12,0.14,1.19,-3.93,3.75,48.35,1674.00
[04:28:44.722],-1.00,1.00,0.00,0.00,0.12,0.14,1.19,-3.93,3.75,48.35,1674.00
[04:28:44.722],-1.00,1.00,0.00,0.00,0.12,0.14,1.19,-3.93,3.75,48.35,1674.00
[04:28:44.793],-1.00,1.00,0.00,0.00,-0.17,-0.04,1.11,6.60,-2.00,41.72,1674.00
[04:28:44.794],-1.00,1.00,0.00,0.00,-0.17,-0.04,1.11,6.60,-2.00,41.72,1674.00
[04:28:44.794],-1.00,1.00,0.00,0.00,-0.17,-0.04,1.11,6.60,-2.00,41.72,1674.00
[04:28:44.794],-1.00,1.00,0.00,0.00,0.02,0.25,1.04,-2.29,2.16,49.58,1767.00
[04:28:44.897],-1.00,1.00,0.00,0.00,0.02,0.25,1.04,-2.29,2.16,49.58,1767.00
[04:28:44.897],-1.00,1.00,0.00,0.00,0.02,0.25,1.04,-2.29,2.16,49.58,1767.00
[04:28:44.897],-1.00,1.00,0.00,0.00,-0.20,-0.26,1.11,1.65,-0.48,38.92,1767.00
[04:28:44.897],-1.00,1.00,0.00,0.00,-0.20,-0.26,1.11,1.65,-0.48,38.92,1767.00
[04:28:44.966],0.00,0.00,0.00,0.00,-0.20,-0.26,1.11,1.65,-0.48,38.92,1767.00
[04:28:44.967],0.00,0.00,0.00,0.00,-0.09,0.17,1.01,2.46,3.61,43.14,1916.00
[04:28:44.967],0.00,0.00,0.00,0.00,-0.09,0.17,1.01,2.46,3.61,43.14,1916.00
[04:28:44.967],0.00,0.00,0.00,0.00,-0.09,0.17,1.01,2.46,3.61,43.14,1916.00
[04:28:44.967],0.00,0.00,0.00,0.00,-0.27,-0.46,1.13,4.15,-1.55,33.55,1916.00
[04:28:45.045],0.00,0.00,0.00,0.00,-0.27,-0.46,1.13,4.15,-1.55,33.55,1916.00
[04:28:45.046],0.00,0.00,0.00,0.00,-0.27,-0.46,1.13,4.15,-1.55,33.55,1994.00
[04:28:45.046],0.00,0.00,0.00,0.00,-0.17,-0.37,1.01,1.04,1.64,27.52,1994.00
[04:28:45.046],0.00,0.00,0.00,0.00,-0.17,-0.37,1.01,1.04,1.64,27.52,1994.00
[04:28:45.118],0.00,0.00,0.00,0.00,-0.17,-0.37,1.01,1.04,1.64,27.52,1994.00
[04:28:45.119],0.00,0.00,0.00,0.00,-0.20,-0.16,1.10,1.04,1.30,22.18,1994.00
[04:28:45.119],0.00,0.00,0.00,0.00,-0.20,-0.16,1.10,1.04,1.30,22.18,1994.00
[04:28:45.119],0.00,0.00,0.00,0.00,-0.20,-0.16,1.10,1.04,1.30,22.18,2073.00
[04:28:45.193],0.00,0.00,0.00,0.00,-0.07,-0.16,1.01,-0.32,2.48,17.92,2073.00
[04:28:45.194],0.00,0.00,0.00,0.00,-0.07,-0.16,1.01,-0.32,2.48,17.92,2073.00
[04:28:45.194],0.00,0.00,0.00,0.00,-0.07,-0.16,1.01,-0.32,2.48,17.92,2073.00
[04:28:45.202],0.00,0.00,0.00,0.00,-0.08,-0.13,1.06,0.40,1.40,14.77,2073.00
[04:28:45.279],0.00,0.00,0.00,0.00,-0.08,-0.13,1.06,0.40,1.40,14.77,2134.00
[04:28:45.279],0.00,0.00,0.00,0.00,-0.08,-0.13,1.06,0.40,1.40,14.77,2134.00
[04:28:45.279],0.00,0.00,0.00,0.00,-0.22,-0.07,1.04,0.00,1.15,3.35,2134.00
[04:28:45.279],0.00,0.00,0.00,0.00,-0.22,-0.07,1.04,0.00,1.15,3.35,2134.00
[04:28:45.358],0.00,0.00,0.00,0.00,-0.22,-0.07,1.04,0.00,1.15,3.35,2134.00
[04:28:45.358],0.00,0.00,0.00,0.00,0.00,-0.06,1.05,0.02,1.70,2.12,2150.00
[04:28:45.358],0.00,0.00,0.00,0.00,0.00,-0.06,1.05,0.02,1.70,2.12,2150.00
[04:28:45.358],0.00,0.00,0.00,0.00,0.00,-0.06,1.05,0.02,1.70,2.12,2150.00
[04:28:45.437],0.00,0.00,0.00,0.00,-0.01,-0.06,1.07,0.33,1.31,1.62,2150.00
[04:28:45.437],0.00,0.00,0.00,0.00,-0.01,-0.06,1.07,0.33,1.31,1.62,2150.00
[04:28:45.437],0.00,0.00,0.00,0.00,-0.01,-0.06,1.07,0.33,1.31,1.62,2150.00
[04:28:45.437],0.00,0.00,0.00,0.00,-0.01,-0.05,1.04,0.19,0.72,1.55,2057.00
[04:28:45.437],0.00,0.00,0.00,0.00,-0.01,-0.05,1.04,0.19,0.72,1.55,2057.00
[04:28:45.515],0.00,0.00,0.00,0.00,-0.01,-0.05,1.04,0.19,0.72,1.55,2057.00
[04:28:45.515],0.00,0.00,0.00,0.00,0.00,-0.07,1.04,0.14,0.76,1.50,2057.00
[04:28:45.515],0.00,0.00,0.00,0.00,0.00,-0.07,1.04,0.14,0.76,1.50,2057.00
[04:28:45.516],0.00,0.00,0.00,0.00,0.00,-0.07,1.04,0.14,0.76,1.50,2106.00
[04:28:45.592],0.00,0.00,0.00,0.00,0.02,-0.06,1.04,0.46,0.80,1.30,2106.00
[04:28:45.592],0.00,0.00,0.00,0.00,0.02,-0.06,1.04,0.46,0.80,1.30,2106.00
[04:28:45.612],0.00,0.00,0.00,0.00,0.02,-0.06,1.04,0.46,0.80,1.30,2106.00
[04:28:45.612],0.00,0.00,0.00,0.00,0.01,-0.03,1.03,1.88,0.94,1.28,2106.00
[04:28:45.698],0.00,0.00,0.00,0.00,0.01,-0.03,1.03,1.88,0.94,1.28,2140.00
[04:28:45.699],0.00,0.00,0.00,0.00,0.01,-0.03,1.03,1.88,0.94,1.28,2140.00
[04:28:45.699],1.00,0.00,0.00,0.00,-0.02,-0.01,1.03,0.43,0.45,1.34,2140.00
[04:28:45.699],1.00,0.00,0.00,0.00,-0.02,-0.01,1.03,0.43,0.45,1.34,2140.00
[04:28:45.774],1.00,0.00,0.00,0.00,-0.02,-0.01,1.03,0.43,0.45,1.34,2140.00
[04:28:45.774],1.00,0.00,0.00,0.00,0.02,-0.65,1.05,5.18,0.57,1.43,2140.00
[04:28:45.774],1.00,0.00,0.00,0.00,0.02,-0.65,1.05,5.18,0.57,1.43,2142.00
[04:28:45.774],1.00,0.00,0.00,0.00,0.02,-0.65,1.05,5.18,0.57,1.43,2142.00
[04:28:45.854],1.00,0.00,0.00,0.00,0.03,-0.49,0.93,2.85,0.56,1.43,2142.00
[04:28:45.854],1.00,0.00,0.00,0.00,0.03,-0.49,0.93,2.85,0.56,1.43,2142.00
[04:28:45.854],1.00,0.00,0.00,0.00,0.03,-0.49,0.93,2.85,0.56,1.43,2142.00
[04:28:45.854],1.00,0.00,0.00,0.00,-0.01,-0.76,1.07,2.81,0.94,1.23,2080.00
[04:28:45.938],1.00,0.00,0.00,0.00,-0.01,-0.76,1.07,2.81,0.94,1.23,2080.00
[04:28:45.938],1.00,0.00,0.00,0.00,-0.01,-0.76,1.07,2.81,0.94,1.23,2080.00
[04:28:45.939],1.00,0.00,0.00,0.00,-0.04,-0.71,1.11,2.25,0.71,1.52,2080.00
[04:28:45.939],1.00,0.00,0.00,0.00,-0.04,-0.71,1.11,2.25,0.71,1.52,2080.00
[04:28:45.939],1.00,0.00,0.00,0.00,-0.04,-0.71,1.11,2.25,0.71,1.52,2013.00
[04:28:46.022],1.00,0.00,0.00,0.00,-0.06,-0.68,0.98,1.87,0.52,1.71,2013.00
[04:28:46.032],1.00,0.00,0.00,0.00,-0.06,-0.68,0.98,1.87,0.52,1.71,2013.00
[04:28:46.033],1.00,0.00,0.00,0.00,-0.06,-0.68,0.98,1.87,0.52,1.71,2013.00
[04:28:46.033],1.00,0.00,0.00,0.00,-0.02,-0.46,1.05,1.73,0.37,1.70,2013.00
[04:28:46.121],1.00,0.00,0.00,0.00,-0.02,-0.46,1.05,1.73,0.37,1.70,2013.00
[04:28:46.121],1.00,0.00,0.00,0.00,-0.02,-0.46,1.05,1.73,0.37,1.70,2067.00
[04:28:46.121],1.00,0.00,0.00,0.00,0.14,-0.11,0.99,-10.34,0.73,1.52,2067.00
[04:28:46.121],1.00,0.00,0.00,0.00,0.14,-0.11,0.99,-10.34,0.73,1.52,2067.00
[04:28:46.204],1.00,0.00,0.00,0.00,0.14,-0.11,0.99,-10.34,0.73,1.52,2067.00
[04:28:46.204],1.00,0.00,0.00,0.00,-0.23,-0.03,0.96,0.32,0.67,1.68,2067.00
[04:28:46.204],1.00,0.00,0.00,0.00,-0.23,-0.03,0.96,0.32,0.67,1.68,1982.00
[04:28:46.204],1.00,0.00,0.00,0.00,-0.23,-0.03,0.96,0.32,0.67,1.68,1982.00
[04:28:46.286],1.00,0.00,0.00,0.00,0.04,0.28,1.09,3.35,0.94,1.33,1982.00
[04:28:46.286],1.00,0.00,0.00,0.00,0.04,0.28,1.09,3.35,0.94,1.33,1982.00
[04:28:46.287],1.00,0.00,0.00,0.00,0.04,0.28,1.09,3.35,0.94,1.33,1982.00
[04:28:46.287],1.00,0.00,0.00,0.00,0.02,0.03,1.06,-3.66,0.57,1.65,1890.00
[04:28:46.372],1.00,0.00,0.00,0.00,0.02,0.03,1.06,-3.66,0.57,1.65,1890.00
[04:28:46.373],1.00,0.00,0.00,0.00,0.02,0.03,1.06,-3.66,0.57,1.65,1890.00
[04:28:46.373],1.00,0.00,0.00,0.00,0.10,-0.42,1.27,1.65,0.77,1.39,1890.00
[04:28:46.373],1.00,0.00,0.00,0.00,0.10,-0.42,1.27,1.65,0.77,1.39,1890.00
[04:28:46.452],1.00,0.00,0.00,0.00,0.10,-0.42,1.27,1.65,0.77,1.39,1890.00
[04:28:46.464],1.00,0.00,0.00,0.00,-0.13,0.20,1.05,1.59,0.71,1.43,1769.00
[04:28:46.464],1.00,0.00,0.00,0.00,-0.13,0.20,1.05,1.59,0.71,1.43,1769.00
[04:28:46.464],1.00,0.00,0.00,0.00,-0.13,0.20,1.05,1.59,0.71,1.43,1769.00
[04:28:46.464],1.00,0.00,0.00,0.00,-0.06,-0.10,0.99,-0.61,0.68,1.44,1769.00
[04:28:46.550],1.00,0.00,0.00,0.00,-0.06,-0.10,0.99,-0.61,0.68,1.44,1769.00
[04:28:46.550],1.00,0.00,0.00,0.00,-0.06,-0.10,0.99,-0.61,0.68,1.44,1839.00
[04:28:46.550],1.00,0.00,0.00,0.00,0.16,-0.12,1.03,-5.23,0.64,1.43,1839.00
[04:28:46.550],1.00,0.00,0.00,0.00,0.16,-0.12,1.03,-5.23,0.64,1.43,1839.00
[04:28:46.632],1.00,0.00,0.00,0.00,0.16,-0.12,1.03,-5.23,0.64,1.43,1839.00
[04:28:46.633],1.00,0.00,0.00,0.00,0.13,-0.37,1.17,4.94,0.88,1.55,1839.00
[04:28:46.633],1.00,0.00,0.00,0.00,0.13,-0.37,1.17,4.94,0.88,1.55,1684.00
[04:28:46.633],1.00,0.00,0.00,0.00,0.13,-0.37,1.17,4.94,0.88,1.55,1684.00
[04:28:46.715],1.00,0.00,0.00,0.00,0.02,0.27,1.07,4.94,0.67,1.46,1684.00
[04:28:46.715],1.00,0.00,0.00,0.00,0.02,0.27,1.07,4.94,0.67,1.46,1684.00
[04:28:46.715],1.00,0.00,0.00,0.00,0.02,0.27,1.07,4.94,0.67,1.46,1684.00
[04:28:46.716],1.00,0.00,0.00,0.00,0.24,-0.22,0.63,-8.40,0.64,1.27,1605.00
[04:28:46.798],1.00,0.00,0.00,0.00,0.24,-0.22,0.63,-8.40,0.64,1.27,1605.00
[04:28:46.798],1.00,0.00,0.00,0.00,0.24,-0.22,0.63,-8.40,0.64,1.27,1605.00
[04:28:46.799],1.00,0.00,0.00,0.00,0.41,-0.40,1.09,2.06,0.50,1.53,1605.00
[04:28:46.799],1.00,0.00,0.00,0.00,0.41,-0.40,1.09,2.06,0.50,1.53,1605.00
[04:28:46.897],1.00,0.00,0.00,0.00,0.41,-0.40,1.09,2.06,0.50,1.53,1605.00
[04:28:46.897],1.00,0.00,0.00,0.00,0.19,0.25,1.13,4.23,0.79,1.26,1524.00
[04:28:46.898],1.00,0.00,0.00,0.00,0.19,0.25,1.13,4.23,0.79,1.26,1524.00
[04:28:46.898],1.00,0.00,0.00,0.00,0.19,0.25,1.13,4.23,0.79,1.26,1524.00
[04:28:46.977],1.00,0.00,0.00,0.00,0.28,0.08,1.22,-0.22,0.55,1.41,1524.00
[04:28:46.977],1.00,0.00,0.00,0.00,0.28,0.08,1.22,-0.22,0.55,1.41,1524.00
[04:28:46.977],1.00,0.00,0.00,0.00,0.28,0.08,1.22,-0.22,0.55,1.41,1552.00
[04:28:46.977],1.00,0.00,0.00,0.00,-0.07,-0.23,1.03,5.70,0.68,1.34,1552.00
[04:28:46.977],1.00,0.00,0.00,0.00,-0.07,-0.23,1.03,5.70,0.68,1.34,1552.00
[04:28:47.062],1.00,0.00,0.00,0.00,-0.07,-0.23,1.03,5.70,0.68,1.34,1552.00
[04:28:47.062],1.00,0.00,0.00,0.00,-0.33,0.23,0.92,0.72,0.61,1.48,1552.00
[04:28:47.062],1.00,0.00,0.00,0.00,-0.33,0.23,0.92,0.72,0.61,1.48,1487.00
[04:28:47.062],1.00,0.00,0.00,0.00,-0.33,0.23,0.92,0.72,0.61,1.48,1487.00
[04:28:47.140],1.00,0.00,0.00,0.00,-0.19,0.39,1.22,-0.09,0.86,1.26,1487.00
[04:28:47.140],1.00,0.00,0.00,0.00,-0.19,0.39,1.22,-0.09,0.86,1.26,1487.00
[04:28:47.141],1.00,0.00,0.00,0.00,-0.19,0.39,1.22,-0.09,0.86,1.26,1487.00
[04:28:47.141],1.00,0.00,0.00,0.00,-0.05,0.06,1.05,-4.75,0.51,1.44,1487.00
[04:28:47.221],1.00,0.00,0.00,0.00,-0.05,0.06,1.05,-4.75,0.51,1.44,1447.00
[04:28:47.222],1.00,0.00,0.00,0.00,-0.05,0.06,1.05,-4.75,0.51,1.44,1447.00
[04:28:47.222],1.00,0.00,0.00,0.00,0.18,0.01,1.07,6.58,1.03,1.48,1447.00
[04:28:47.247],1.00,0.00,0.00,0.00,0.18,0.01,1.07,6.58,1.03,1.48,1447.00
[04:28:47.336],1.00,0.00,0.00,0.00,0.18,0.01,1.07,6.58,1.03,1.48,1447.00
[04:28:47.336],1.00,0.00,0.00,0.00,-0.08,0.10,1.23,4.92,0.79,1.51,1346.00
[04:28:47.336],1.00,0.00,0.00,0.00,-0.08,0.10,1.23,4.92,0.79,1.51,1346.00
[04:28:47.336],1.00,-1.00,0.00,0.00,-0.08,0.10,1.23,4.92,0.79,1.51,1346.00
[04:28:47.420],1.00,-1.00,0.00,0.00,-0.13,0.06,0.72,-8.67,0.69,1.56,1346.00
[04:28:47.420],1.00,-1.00,0.00,0.00,-0.13,0.06,0.72,-8.67,0.69,1.56,1346.00
[04:28:47.420],1.00,-1.00,0.00,0.00,-0.13,0.06,0.72,-8.67,0.69,1.56,1247.00
[04:28:47.421],1.00,-1.00,0.00,0.00,-0.07,-0.19,1.07,2.14,0.66,1.43,1247.00
[04:28:47.505],1.00,-1.00,0.00,0.00,-0.07,-0.19,1.07,2.14,0.66,1.43,1247.00
[04:28:47.505],1.00,-1.00,0.00,0.00,-0.07,-0.19,1.07,2.14,0.66,1.43,1247.00
[04:28:47.505],1.00,-1.00,0.00,0.00,0.18,0.04,0.81,3.94,0.69,1.63,1247.00
[04:28:47.505],1.00,-1.00,0.00,0.00,0.18,0.04,0.81,3.94,0.69,1.63,1247.00
[04:28:47.505],1.00,-1.00,0.00,0.00,0.18,0.04,0.81,3.94,0.69,1.63,1190.00
[04:28:47.595],1.00,-1.00,0.00,0.00,-0.04,0.14,1.02,0.20,0.73,1.62,1190.00
[04:28:47.595],1.00,-1.00,0.00,0.00,-0.04,0.14,1.02,0.20,0.73,1.62,1190.00
[04:28:47.595],1.00,-1.00,0.00,0.00,-0.04,0.14,1.02,0.20,0.73,1.62,1190.00
[04:28:47.595],1.00,-1.00,0.00,0.00,-0.09,-0.38,1.09,5.69,0.75,1.46,1190.00
[04:28:47.673],1.00,-1.00,0.00,0.00,-0.09,-0.38,1.09,5.69,0.75,1.46,1190.00
[04:28:47.673],1.00,-1.00,0.00,0.00,-0.09,-0.38,1.09,5.69,0.75,1.46,1190.00
[04:28:47.684],1.00,-1.00,0.00,0.00,0.01,0.31,0.75,0.97,0.83,1.61,1190.00
[04:28:47.684],1.00,-1.00,0.00,0.00,0.01,0.31,0.75,0.97,0.83,1.61,1190.00
[04:28:47.772],1.00,-1.00,0.00,0.00,0.01,0.31,0.75,0.97,0.83,1.61,1190.00
[04:28:47.772],1.00,-1.00,0.00,0.00,0.45,0.32,0.83,-0.01,4.91,41.69,1224.00
[04:28:47.772],1.00,-1.00,0.00,0.00,0.45,0.32,0.83,-0.01,4.91,41.69,1224.00
[04:28:47.772],1.00,-1.00,0.00,0.00,0.45,0.32,0.83,-0.01,4.91,41.69,1224.00
[04:28:47.851],1.00,-1.00,0.00,0.00,0.46,-0.27,1.08,2.49,8.32,74.89,1224.00
[04:28:47.851],1.00,-1.00,0.00,0.00,0.46,-0.27,1.08,2.49,8.32,74.89,1224.00
[04:28:47.851],1.00,-1.00,0.00,0.00,0.46,-0.27,1.08,2.49,8.32,74.89,1224.00
[04:28:47.852],1.00,-1.00,0.00,0.00,0.22,0.22,1.16,2.89,0.80,76.85,1257.00
[04:28:47.930],1.00,-1.00,0.00,0.00,0.22,0.22,1.16,2.89,0.80,76.85,1257.00
[04:28:47.931],1.00,-1.00,0.00,0.00,0.22,0.22,1.16,2.89,0.80,76.85,1257.00
[04:28:47.931],1.00,-1.00,0.00,0.00,0.35,0.44,1.01,-0.62,-4.07,71.28,1257.00
[04:28:47.931],1.00,-1.00,0.00,0.00,0.35,0.44,1.01,-0.62,-4.07,71.28,1257.00
[04:28:48.014],1.00,-1.00,0.00,0.00,0.35,0.44,1.01,-0.62,-4.07,71.28,1320.00
[04:28:48.015],1.00,-1.00,0.00,0.00,-0.13,-0.69,1.11,3.08,8.56,84.54,1320.00
[04:28:48.015],1.00,-1.00,0.00,0.00,-0.13,-0.69,1.11,3.08,8.56,84.54,1320.00
[04:28:48.015],1.00,-1.00,0.00,0.00,-0.13,-0.69,1.11,3.08,8.56,84.54,1320.00
[04:28:48.015],1.00,-1.00,0.00,0.00,0.11,0.24,0.79,2.17,-0.02,80.46,1320.00
[04:28:48.101],1.00,-1.00,0.00,0.00,0.11,0.24,0.79,2.17,-0.02,80.46,1479.00
[04:28:48.111],1.00,-1.00,0.00,0.00,0.11,0.24,0.79,2.17,-0.02,80.46,1479.00
[04:28:48.111],1.00,-1.00,0.00,0.00,-0.25,0.11,1.25,-0.83,-4.33,73.04,1479.00
[04:28:48.112],1.00,-1.00,0.00,0.00,-0.25,0.11,1.25,-0.83,-4.33,73.04,1479.00
[04:28:48.212],1.00,-1.00,0.00,0.00,-0.25,0.11,1.25,-0.83,-4.33,73.04,1479.00
[04:28:48.212],1.00,-1.00,0.00,0.00,0.23,-0.21,1.03,-4.21,-3.64,72.86,1479.00
[04:28:48.213],1.00,-1.00,0.00,0.00,0.23,-0.21,1.03,-4.21,-3.64,72.86,1381.00
[04:28:48.213],1.00,-1.00,0.00,0.00,0.23,-0.21,1.03,-4.21,-3.64,72.86,1381.00
[04:28:48.307],1.00,-1.00,0.00,0.00,0.15,-0.41,1.38,6.78,8.71,83.22,1381.00
[04:28:48.307],1.00,-1.00,0.00,0.00,0.15,-0.41,1.38,6.78,8.71,83.22,1381.00
[04:28:48.308],1.00,-1.00,0.00,0.00,0.15,-0.41,1.38,6.78,8.71,83.22,1381.00
[04:28:48.308],1.00,-1.00,0.00,0.00,-0.14,0.03,1.08,-2.82,-3.54,73.85,1620.00
[04:28:48.401],1.00,-1.00,0.00,0.00,-0.14,0.03,1.08,-2.82,-3.54,73.85,1620.00
[04:28:48.401],1.00,-1.00,0.00,0.00,-0.14,0.03,1.08,-2.82,-3.54,73.85,1620.00
[04:28:48.401],1.00,-1.00,0.00,0.00,0.22,0.17,1.09,-4.84,-4.28,73.48,1620.00
[04:28:48.402],1.00,-1.00,0.00,0.00,0.22,0.17,1.09,-4.84,-4.28,73.48,1620.00
[04:28:48.486],1.00,-1.00,0.00,0.00,0.22,0.17,1.09,-4.84,-4.28,73.48,2651.00
[04:28:48.487],1.00,-1.00,0.00,0.00,0.00,0.00,1.17,2.96,7.66,81.55,2651.00
[04:28:48.487],1.00,-1.00,0.00,0.00,0.00,0.00,1.17,2.96,7.66,81.55,2651.00
[04:28:48.487],1.00,-1.00,0.00,0.00,0.00,0.00,1.17,2.96,7.66,81.55,2651.00
[04:28:48.572],1.00,-1.00,0.00,0.00,-0.03,-0.04,1.22,4.47,1.05,77.80,2651.00
[04:28:48.586],1.00,-1.00,0.00,0.00,-0.03,-0.04,1.22,4.47,1.05,77.80,3000.00
[04:28:48.586],1.00,-1.00,0.00,0.00,-0.03,-0.04,1.22,4.47,1.05,77.80,3000.00
[04:28:48.587],1.00,-1.00,0.00,0.00,0.31,-0.31,1.10,-6.26,-8.28,75.36,3000.00
[04:28:48.587],1.00,-1.00,0.00,0.00,0.31,-0.31,1.10,-6.26,-8.28,75.36,3000.00
[04:28:48.675],1.00,-1.00,0.00,0.00,0.31,-0.31,1.10,-6.26,-8.28,75.36,3000.00
[04:28:48.675],1.00,-1.00,0.00,0.00,0.19,-0.40,1.04,1.58,5.69,82.45,3000.00
[04:28:48.676],1.00,-1.00,0.00,0.00,0.19,-0.40,1.04,1.58,5.69,82.45,3000.00
[04:28:48.676],1.00,-1.00,0.00,0.00,0.19,-0.40,1.04,1.58,5.69,82.45,3000.00
[04:28:48.757],1.00,-1.00,0.00,0.00,-0.04,0.42,1.00,4.56,1.22,79.42,3000.00
[04:28:48.757],1.00,-1.00,0.00,0.00,-0.04,0.42,1.00,4.56,1.22,79.42,3000.00
[04:28:48.757],1.00,-1.00,0.00,0.00,-0.04,0.42,1.00,4.56,1.22,79.42,3000.00
[04:28:48.758],1.00,-1.00,0.00,0.00,0.11,0.13,1.22,-6.37,-7.84,76.43,3000.00
[04:28:48.844],1.00,-1.00,0.00,0.00,0.11,0.13,1.22,-6.37,-7.84,76.43,3000.00
[04:28:48.844],1.00,-1.00,0.00,0.00,0.11,0.13,1.22,-6.37,-7.84,76.43,3000.00
[04:28:48.844],1.00,-1.00,0.00,0.00,0.22,-0.14,0.95,1.53,5.51,83.27,3000.00
[04:28:48.845],1.00,-1.00,0.00,0.00,0.22,-0.14,0.95,1.53,5.51,83.27,3000.00
[04:28:48.930],1.00,-1.00,0.00,0.00,0.22,-0.14,0.95,1.53,5.51,83.27,3000.00
[04:28:48.931],1.00,-1.00,0.00,0.00,0.05,0.06,0.95,4.44,1.65,80.16,3000.00
[04:28:48.931],1.00,-1.00,0.00,0.00,0.05,0.06,0.95,4.44,1.65,80.16,3000.00
[04:28:48.931],1.00,-1.00,0.00,0.00,0.05,0.06,0.95,4.44,1.65,80.16,3000.00
[04:28:49.036],1.00,-1.00,0.00,0.00,0.24,0.12,0.93,-0.99,-2.21,72.14,3000.00
[04:28:49.037],1.00,-1.00,0.00,0.00,0.24,0.12,0.93,-0.99,-2.21,72.14,3000.00
[04:28:49.037],1.00,-1.00,0.00,0.00,0.24,0.12,0.93,-0.99,-2.21,72.14,3000.00
[04:28:49.038],1.00,-1.00,0.00,0.00,0.02,-0.21,1.03,2.99,7.49,85.49,3000.00
[04:28:49.127],1.00,-1.00,0.00,0.00,0.02,-0.21,1.03,2.99,7.49,85.49,3000.00
[04:28:49.127],1.00,-1.00,0.00,0.00,0.02,-0.21,1.03,2.99,7.49,85.49,3000.00
[04:28:49.128],1.00,-1.00,0.00,0.00,0.01,0.42,0.89,2.81,0.18,80.78,3000.00
[04:28:49.128],1.00,-1.00,0.00,0.00,0.01,0.42,0.89,2.81,0.18,80.78,3000.00
[04:28:49.217],1.00,-1.00,0.00,0.00,0.01,0.42,0.89,2.81,0.18,80.78,3000.00
[04:28:49.218],1.00,-1.00,0.00,0.00,0.05,0.33,1.41,-0.71,-4.05,73.45,3000.00
[04:28:49.218],1.00,-1.00,0.00,0.00,0.05,0.33,1.41,-0.71,-4.05,73.45,3000.00
[04:28:49.218],1.00,-1.00,0.00,0.00,0.05,0.33,1.41,-0.71,-4.05,73.45,3000.00
[04:28:49.304],1.00,-1.00,0.00,0.00,-0.04,0.05,1.16,-4.00,-3.20,72.99,3000.00
[04:28:49.304],1.00,-1.00,0.00,0.00,-0.04,0.05,1.16,-4.00,-3.20,72.99,3000.00
[04:28:49.306],1.00,-1.00,0.00,0.00,-0.04,0.05,1.16,-4.00,-3.20,72.99,3000.00
[04:28:49.306],1.00,-1.00,0.00,0.00,0.11,0.06,0.84,7.11,8.90,83.57,3000.00
[04:28:49.387],1.00,-1.00,0.00,0.00,0.11,0.06,0.84,7.11,8.90,83.57,3000.00
[04:28:49.387],1.00,-1.00,0.00,0.00,0.11,0.06,0.84,7.11,8.90,83.57,3000.00
[04:28:49.387],1.00,-1.00,0.00,0.00,0.15,0.21,0.74,-2.74,-3.36,74.03,3000.00
[04:28:49.387],1.00,-1.00,0.00,0.00,0.15,0.21,0.74,-2.74,-3.36,74.03,3000.00
[04:28:49.498],1.00,-1.00,0.00,0.00,0.15,0.21,0.74,-2.74,-3.36,74.03,3000.00
[04:28:49.498],1.00,-1.00,0.00,0.00,0.15,-0.01,0.94,-4.86,-3.87,73.88,3000.00
[04:28:49.498],1.00,-1.00,0.00,0.00,0.15,-0.01,0.94,-4.86,-3.87,73.88,3000.00
[04:28:49.498],1.00,-1.00,0.00,0.00,0.15,-0.01,0.94,-4.86,-3.87,73.88,3000.00
[04:28:49.582],1.00,0.00,0.00,0.00,-0.02,0.07,1.08,3.31,7.78,81.66,3000.00
[04:28:49.582],1.00,0.00,0.00,0.00,-0.02,0.07,1.08,3.31,7.78,81.66,3000.00
[04:28:49.582],1.00,0.00,0.00,0.00,-0.02,0.07,1.08,3.31,7.78,81.66,3000.00
[04:28:49.582],1.00,0.00,0.00,0.00,-0.04,0.18,1.23,4.32,1.40,78.06,3000.00
[04:28:49.582],1.00,0.00,0.00,0.00,-0.04,0.18,1.23,4.32,1.40,78.06,3000.00
[04:28:49.669],1.00,0.00,0.00,0.00,-0.04,0.18,1.23,4.32,1.40,78.06,3000.00
[04:28:49.669],1.00,0.00,0.00,0.00,-0.03,-0.02,0.93,-6.41,-8.33,75.64,3000.00
[04:28:49.670],1.00,0.00,0.00,0.00,-0.03,-0.02,0.93,-6.41,-8.33,75.64,3000.00
[04:28:49.670],1.00,0.00,0.00,0.00,-0.03,-0.02,0.93,-6.41,-8.33,75.64,3000.00
[04:28:49.751],1.00,0.00,0.00,0.00,0.03,-0.35,1.03,1.71,6.03,82.31,3000.00
[04:28:49.752],1.00,0.00,0.00,0.00,0.03,-0.35,1.03,1.71,6.03,82.31,2657.00
[04:28:49.752],1.00,0.00,0.00,0.00,0.03,-0.35,1.03,1.71,6.03,82.31,2657.00
[04:28:49.752],1.00,0.00,0.00,0.00,0.45,0.28,1.05,4.57,1.85,79.72,2657.00
[04:28:49.831],1.00,0.00,0.00,0.00,0.45,0.28,1.05,4.57,1.85,79.72,2657.00
[04:28:49.831],1.00,0.00,0.00,0.00,0.45,0.28,1.05,4.57,1.85,79.72,2657.00
[04:28:49.832],1.00,0.00,0.00,0.00,0.33,0.34,1.16,-1.17,-1.85,71.62,2299.00
[04:28:49.851],1.00,0.00,0.00,0.00,0.33,0.34,1.16,-1.17,-1.85,71.62,2299.00
[04:28:49.932],1.00,0.00,0.00,0.00,0.33,0.34,1.16,-1.17,-1.85,71.62,2299.00
[04:28:49.932],1.00,0.00,0.00,0.00,-0.05,-0.19,1.24,3.37,-7.21,39.38,2299.00
[04:28:49.932],1.00,0.00,0.00,0.00,-0.05,-0.19,1.24,3.37,-7.21,39.38,2299.00
[04:28:49.933],1.00,1.00,0.00,0.00,-0.05,-0.19,1.24,3.37,-7.21,39.38,2206.00
[04:28:50.006],1.00,1.00,0.00,0.00,-0.54,-0.06,1.04,3.98,-2.39,11.45,2206.00
[04:28:50.007],1.00,1.00,0.00,0.00,-0.54,-0.06,1.04,3.98,-2.39,11.45,2206.00
[04:28:50.007],1.00,1.00,0.00,0.00,-0.54,-0.06,1.04,3.98,-2.39,11.45,2206.00
[04:28:50.007],1.00,1.00,0.00,0.00,-0.20,0.35,1.03,-1.46,3.99,5.85,2206.00
[04:28:50.089],1.00,1.00,0.00,0.00,-0.20,0.35,1.03,-1.46,3.99,5.85,2206.00
[04:28:50.090],1.00,1.00,0.00,0.00,-0.20,0.35,1.03,-1.46,3.99,5.85,2069.00
[04:28:50.090],1.00,1.00,0.00,0.00,0.08,-0.10,1.20,-3.84,4.22,4.10,2069.00
[04:28:50.090],1.00,1.00,0.00,0.00,0.08,-0.10,1.20,-3.84,4.22,4.10,2069.00
[04:28:50.090],1.00,1.00,0.00,0.00,0.08,-0.10,1.20,-3.84,4.22,4.10,2069.00
[04:28:50.167],1.00,1.00,0.00,0.00,-0.13,0.00,1.16,9.72,2.97,2.89,2069.00
[04:28:50.168],1.00,1.00,0.00,0.00,-0.13,0.00,1.16,9.72,2.97,2.89,2056.00
[04:28:50.168],1.00,1.00,0.00,0.00,-0.13,0.00,1.16,9.72,2.97,2.89,2056.00
[04:28:50.168],1.00,1.00,0.00,0.00,-0.09,0.27,0.78,-2.57,0.90,2.03,2056.00
[04:28:50.240],1.00,1.00,0.00,0.00,-0.09,0.27,0.78,-2.57,0.90,2.03,2056.00
[04:28:50.241],1.00,1.00,0.00,0.00,-0.09,0.27,0.78,-2.57,0.90,2.03,2056.00
[04:28:50.250],1.00,1.00,0.00,0.00,0.03,0.21,1.07,-4.91,0.35,1.44,1989.00
[04:28:50.250],1.00,1.00,0.00,0.00,0.03,0.21,1.07,-4.91,0.35,1.44,1989.00
[04:28:50.331],1.00,1.00,0.00,0.00,0.03,0.21,1.07,-4.91,0.35,1.44,1989.00
[04:28:50.332],1.00,1.00,0.00,0.00,-1.02,-0.11,0.96,7.97,-9.64,-56.06,1989.00
[04:28:50.332],1.00,1.00,0.00,0.00,-1.02,-0.11,0.96,7.97,-9.64,-56.06,1989.00
[04:28:50.332],1.00,1.00,0.00,0.00,-1.02,-0.11,0.96,7.97,-9.64,-56.06,1989.00
[04:28:50.409],1.00,1.00,0.00,0.00,-0.24,0.40,0.76,-2.68,2.64,-64.02,2143.00
[04:28:50.409],1.00,1.00,0.00,0.00,-0.24,0.40,0.76,-2.68,2.64,-64.02,2143.00
[04:28:50.409],1.00,1.00,0.00,0.00,-0.24,0.40,0.76,-2.68,2.64,-64.02,2143.00
[04:28:50.409],1.00,1.00,0.00,0.00,-0.65,-0.42,1.39,2.26,-6.47,-83.35,2143.00
[04:28:50.496],1.00,1.00,0.00,0.00,-0.65,-0.42,1.39,2.26,-6.47,-83.35,2143.00
[04:28:50.497],1.00,1.00,0.00,0.00,-0.65,-0.42,1.39,2.26,-6.47,-83.35,2358.00
[04:28:50.497],1.00,1.00,0.00,0.00,0.13,-0.17,1.28,2.98,0.86,-81.08,2358.00
[04:28:50.497],1.00,1.00,0.00,0.00,0.13,-0.17,1.28,2.98,0.86,-81.08,2358.00
[04:28:50.580],1.00,1.00,0.00,0.00,0.13,-0.17,1.28,2.98,0.86,-81.08,2358.00
[04:28:50.580],1.00,1.00,0.00,0.00,0.08,0.30,1.03,-1.22,3.16,-73.80,2358.00
[04:28:50.580],1.00,1.00,0.00,0.00,0.08,0.30,1.03,-1.22,3.16,-73.80,2551.00
[04:28:50.580],1.00,1.00,0.00,0.00,0.08,0.30,1.03,-1.22,3.16,-73.80,2551.00
[04:28:50.580],1.00,1.00,0.00,0.00,-0.11,-0.47,0.79,3.11,-7.49,-87.78,2551.00
[04:28:50.668],1.00,1.00,0.00,0.00,-0.11,-0.47,0.79,3.11,-7.49,-87.78,2551.00
[04:28:50.678],1.00,1.00,0.00,0.00,-0.11,-0.47,0.79,3.11,-7.49,-87.78,2551.00
[04:28:50.678],1.00,1.00,0.00,0.00,-0.36,0.19,1.03,2.48,0.95,-83.04,3000.00
[04:28:50.679],1.00,1.00,0.00,0.00,-0.36,0.19,1.03,2.48,0.95,-83.04,3000.00
[04:28:50.772],1.00,1.00,0.00,0.00,-0.36,0.19,1.03,2.48,0.95,-83.04,3000.00
[04:28:50.772],1.00,1.00,0.00,0.00,0.15,0.41,0.75,-0.72,5.61,-75.53,3000.00
[04:28:50.772],1.00,1.00,0.00,0.00,0.15,0.41,0.75,-0.72,5.61,-75.53,3000.00
[04:28:50.772],1.00,1.00,0.00,0.00,0.15,0.41,0.75,-0.72,5.61,-75.53,3000.00
[04:28:50.854],1.00,1.00,0.00,0.00,-0.16,0.01,1.09,-4.10,5.35,-74.74,3000.00
[04:28:50.854],1.00,1.00,0.00,0.00,-0.16,0.01,1.09,-4.10,5.35,-74.74,3000.00
[04:28:50.854],1.00,1.00,0.00,0.00,-0.16,0.01,1.09,-4.10,5.35,-74.74,3000.00
[04:28:50.854],1.00,1.00,0.00,0.00,-0.32,-0.10,0.94,7.02,-7.16,-85.80,3000.00
[04:28:50.952],1.00,1.00,0.00,0.00,-0.32,-0.10,0.94,7.02,-7.16,-85.80,3000.00
[04:28:50.952],1.00,1.00,0.00,0.00,-0.32,-0.10,0.94,7.02,-7.16,-85.80,3000.00
[04:28:50.953],1.00,1.00,0.00,0.00,-0.13,0.48,0.84,-3.17,5.12,-75.74,3000.00
[04:28:50.953],1.00,1.00,0.00,0.00,-0.13,0.48,0.84,-3.17,5.12,-75.74,3000.00
[04:28:51.040],1.00,1.00,0.00,0.00,-0.13,0.48,0.84,-3.17,5.12,-75.74,3000.00
[04:28:51.040],1.00,1.00,0.00,0.00,-0.14,0.32,1.26,-4.86,5.59,-75.19,3000.00
[04:28:51.040],1.00,1.00,0.00,0.00,-0.14,0.32,1.26,-4.86,5.59,-75.19,3000.00
[04:28:51.040],1.00,1.00,0.00,0.00,-0.14,0.32,1.26,-4.86,5.59,-75.19,3000.00
[04:28:51.126],1.00,1.00,0.00,0.00,-0.26,0.10,1.27,2.94,-5.82,-83.78,3000.00
[04:28:51.136],1.00,1.00,0.00,0.00,-0.26,0.10,1.27,2.94,-5.82,-83.78,3000.00
[04:28:51.137],1.00,1.00,0.00,0.00,-0.26,0.10,1.27,2.94,-5.82,-83.78,3000.00
[04:28:51.137],1.00,1.00,0.00,0.00,-0.23,-0.06,0.89,4.14,-0.05,-79.88,3000.00
[04:28:51.137],1.00,1.00,0.00,0.00,-0.23,-0.06,0.89,4.14,-0.05,-79.88,3000.00
[04:28:51.228],1.00,1.00,0.00,0.00,-0.23,-0.06,0.89,4.14,-0.05,-79.88,3000.00
[04:28:51.228],1.00,1.00,0.00,0.00,-0.31,0.16,1.06,-6.52,9.83,-76.96,3000.00
[04:28:51.229],1.00,1.00,0.00,0.00,-0.31,0.16,1.06,-6.52,9.83,-76.96,3000.00
[04:28:51.229],1.00,1.00,0.00,0.00,-0.31,0.16,1.06,-6.52,9.83,-76.96,3000.00
[04:28:51.312],1.00,1.00,0.00,0.00,-0.08,-0.01,1.32,1.60,-4.23,-84.41,3000.00
[04:28:51.312],1.00,1.00,0.00,0.00,-0.08,-0.01,1.32,1.60,-4.23,-84.41,3000.00
[04:28:51.312],1.00,1.00,0.00,0.00,-0.08,-0.01,1.32,1.60,-4.23,-84.41,3000.00
[04:28:51.312],1.00,1.00,0.00,0.00,-0.30,0.27,1.14,4.43,-0.35,-81.40,3000.00
[04:28:51.398],1.00,1.00,0.00,0.00,-0.30,0.27,1.14,4.43,-0.35,-81.40,3000.00
[04:28:51.398],1.00,1.00,0.00,0.00,-0.30,0.27,1.14,4.43,-0.35,-81.40,3000.00
[04:28:51.398],1.00,1.00,0.00,0.00,0.18,0.22,0.72,-6.57,9.35,-78.58,3000.00
[04:28:51.398],1.00,1.00,0.00,0.00,0.18,0.22,0.72,-6.57,9.35,-78.58,3000.00
[04:28:51.485],1.00,1.00,0.00,0.00,0.18,0.22,0.72,-6.57,9.35,-78.58,3000.00
[04:28:51.485],1.00,1.00,0.00,0.00,-0.22,-0.35,1.25,1.85,-4.36,-85.58,3000.00
[04:28:51.485],1.00,1.00,0.00,0.00,-0.22,-0.35,1.25,1.85,-4.36,-85.58,3000.00
[04:28:51.485],1.00,1.00,0.00,0.00,-0.22,-0.35,1.25,1.85,-4.36,-85.58,3000.00
[04:28:51.612],1.00,1.00,0.00,0.00,0.04,0.04,1.11,4.38,-0.58,-82.27,3000.00
[04:28:51.613],1.00,1.00,0.00,0.00,0.04,0.04,1.11,4.38,-0.58,-82.27,3000.00
[04:28:51.613],1.00,1.00,0.00,0.00,0.04,0.04,1.11,4.38,-0.58,-82.27,3000.00
[04:28:51.613],1.00,1.00,0.00,0.00,0.09,0.29,1.00,-1.04,3.63,-73.20,3000.00
[04:28:51.713],1.00,0.00,0.00,0.00,0.09,0.29,1.00,-1.04,3.63,-73.20,3000.00
[04:28:51.713],1.00,0.00,0.00,0.00,0.09,0.29,1.00,-1.04,3.63,-73.20,3000.00
[04:28:51.713],1.00,0.00,0.00,0.00,-0.59,-0.56,1.33,3.02,-6.55,-87.38,3000.00
[04:28:51.713],1.00,0.00,0.00,0.00,-0.59,-0.56,1.33,3.02,-6.55,-87.38,3000.00
[04:28:51.713],1.00,0.00,0.00,0.00,-0.59,-0.56,1.33,3.02,-6.55,-87.38,3000.00
[04:28:51.810],1.00,0.00,0.00,0.00,-0.02,-0.07,0.98,2.68,1.35,-82.89,3000.00
[04:28:51.810],1.00,0.00,0.00,0.00,-0.02,-0.07,0.98,2.68,1.35,-82.89,3000.00
[04:28:51.810],1.00,0.00,0.00,0.00,-0.02,-0.07,0.98,2.68,1.35,-82.89,3000.00
[04:28:51.811],1.00,0.00,0.00,0.00,-0.07,0.50,1.02,-0.79,5.73,-74.95,3000.00
[04:28:51.905],1.00,0.00,0.00,0.00,-0.07,0.50,1.02,-0.79,5.73,-74.95,3000.00
[04:28:51.906],1.00,0.00,0.00,0.00,-0.07,0.50,1.02,-0.79,5.73,-74.95,3000.00
[04:28:51.906],1.00,0.00,0.00,0.00,-0.19,0.06,1.32,-4.15,4.84,-74.32,3000.00
[04:28:51.906],1.00,0.00,0.00,0.00,-0.19,0.06,1.32,-4.15,4.84,-74.32,3000.00
[04:28:52.001],1.00,0.00,0.00,0.00,-0.19,0.06,1.32,-4.15,4.84,-74.32,3000.00
[04:28:52.001],1.00,0.00,0.00,0.00,-0.10,-0.37,1.22,7.06,-7.65,-85.40,3000.00
[04:28:52.002],1.00,0.00,0.00,0.00,-0.10,-0.37,1.22,7.06,-7.65,-85.40,3000.00
[04:28:52.022],1.00,0.00,0.00,0.00,-0.10,-0.37,1.22,7.06,-7.65,-85.40,3000.00
[04:28:52.116],1.00,0.00,0.00,0.00,0.27,0.62,1.28,-2.62,10.90,-49.18,3000.00
[04:28:52.116],1.00,0.00,0.00,0.00,0.27,0.62,1.28,-2.62,10.90,-49.18,3000.00
[04:28:52.117],1.00,0.00,0.00,0.00,0.27,0.62,1.28,-2.62,10.90,-49.18,3000.00
[04:28:52.117],1.00,-1.00,0.00,0.00,0.28,-0.03,0.95,-3.21,5.72,-15.34,3000.00
[04:28:52.205],1.00,-1.00,0.00,0.00,0.28,-0.03,0.95,-3.21,5.72,-15.34,3000.00
[04:28:52.205],1.00,-1.00,0.00,0.00,0.28,-0.03,0.95,-3.21,5.72,-15.34,3000.00
[04:28:52.206],1.00,-1.00,0.00,0.00,0.31,-0.05,1.01,3.32,6.86,-3.32,3000.00
[04:28:52.206],1.00,-1.00,0.00,0.00,0.31,-0.05,1.01,3.32,6.86,-3.32,3000.00
[04:28:52.301],1.00,-1.00,0.00,0.00,0.31,-0.05,1.01,3.32,6.86,-3.32,3000.00
[04:28:52.301],1.00,-1.00,0.00,0.00,0.00,0.14,1.04,3.79,2.37,-0.67,3000.00
[04:28:52.301],1.00,-1.00,0.00,0.00,0.00,0.14,1.04,3.79,2.37,-0.67,3000.00
[04:28:52.301],1.00,-1.00,0.00,0.00,0.00,0.14,1.04,3.79,2.37,-0.67,3000.00
[04:28:52.301],1.00,-1.00,0.00,0.00,0.04,0.17,1.12,-7.41,-2.07,1.31,3000.00
[04:28:52.397],1.00,-1.00,0.00,0.00,0.04,0.17,1.12,-7.41,-2.07,1.31,3000.00
[04:28:52.397],1.00,-1.00,0.00,0.00,0.04,0.17,1.12,-7.41,-2.07,1.31,3000.00
[04:28:52.397],1.00,-1.00,0.00,0.00,0.18,-0.18,1.08,1.74,-0.10,1.05,3000.00
[04:28:52.397],1.00,-1.00,0.00,0.00,0.18,-0.18,1.08,1.74,-0.10,1.05,3000.00
[04:28:52.489],1.00,-1.00,0.00,0.00,0.18,-0.18,1.08,1.74,-0.10,1.05,3000.00
[04:28:52.489],1.00,-1.00,0.00,0.00,0.07,-0.09,1.11,3.92,0.32,1.51,3000.00
[04:28:52.502],1.00,-1.00,0.00,0.00,0.07,-0.09,1.11,3.92,0.32,1.51,3000.00
[04:28:52.502],1.00,-1.00,0.00,0.00,0.07,-0.09,1.11,3.92,0.32,1.51,3000.00
[04:28:52.599],1.00,-1.00,0.00,0.00,0.15,0.55,0.87,-0.37,5.60,27.02,3000.00
[04:28:52.599],1.00,-1.00,0.00,0.00,0.15,0.55,0.87,-0.37,5.60,27.02,3000.00
[04:28:52.599],1.00,-1.00,0.00,0.00,0.15,0.55,0.87,-0.37,5.60,27.02,3000.00
[04:28:52.599],1.00,-1.00,0.00,0.00,0.45,-0.42,1.02,1.99,8.06,68.69,3000.00
[04:28:52.699],1.00,-1.00,0.00,0.00,0.45,-0.42,1.02,1.99,8.06,68.69,3000.00
[04:28:52.699],1.00,-1.00,0.00,0.00,0.45,-0.42,1.02,1.99,8.06,68.69,3000.00
[04:28:52.700],1.00,-1.00,0.00,0.00,0.28,0.23,1.06,2.64,1.64,74.26,3000.00
[04:28:52.700],1.00,-1.00,0.00,0.00,0.28,0.23,1.06,2.64,1.64,74.26,3000.00
[04:28:52.802],1.00,-1.00,0.00,0.00,0.28,0.23,1.06,2.64,1.64,74.26,3000.00
[04:28:52.803],1.00,-1.00,0.00,0.00,0.21,0.06,1.12,-7.17,-7.19,73.80,3000.00
[04:28:52.803],1.00,-1.00,0.00,0.00,0.21,0.06,1.12,-7.17,-7.19,73.80,3000.00
[04:28:52.803],1.00,-1.00,0.00,0.00,0.21,0.06,1.12,-7.17,-7.19,73.80,3000.00
[04:28:52.906],1.00,-1.00,0.00,0.00,0.43,-0.36,1.07,1.42,5.66,82.09,3000.00
[04:28:52.906],1.00,-1.00,0.00,0.00,0.43,-0.36,1.07,1.42,5.66,82.09,3000.00
[04:28:52.907],1.00,-1.00,0.00,0.00,0.43,-0.36,1.07,1.42,5.66,82.09,3000.00
[04:28:52.907],1.00,-1.00,0.00,0.00,0.07,0.31,1.16,4.50,1.37,79.96,3000.00
[04:28:52.907],1.00,-1.00,0.00,0.00,0.07,0.31,1.16,4.50,1.37,79.96,3000.00
[04:28:53.000],1.00,-1.00,0.00,0.00,0.07,0.31,1.16,4.50,1.37,79.96,3000.00
[04:28:53.013],1.00,-1.00,0.00,0.00,0.16,0.33,1.05,-0.98,-2.27,71.39,3000.00
[04:28:53.013],1.00,-1.00,0.00,0.00,0.16,0.33,1.05,-0.98,-2.27,71.39,3000.00
[04:28:53.013],1.00,-1.00,0.00,0.00,0.16,0.33,1.05,-0.98,-2.27,71.39,3000.00
[04:28:53.105],1.00,-1.00,0.00,0.00,0.33,-0.68,1.32,2.98,7.66,84.88,3000.00
[04:28:53.105],1.00,-1.00,0.00,0.00,0.33,-0.68,1.32,2.98,7.66,84.88,3000.00
[04:28:53.106],1.00,-1.00,0.00,0.00,0.33,-0.68,1.32,2.98,7.66,84.88,3000.00
[04:28:53.106],1.00,-1.00,0.00,0.00,0.07,0.24,0.81,2.76,0.07,80.10,3000.00
[04:28:53.192],1.00,-1.00,0.00,0.00,0.07,0.24,0.81,2.76,0.07,80.10,3000.00
[04:28:53.193],1.00,-1.00,0.00,0.00,0.07,0.24,0.81,2.76,0.07,80.10,3000.00
[04:28:53.193],1.00,-1.00,0.00,0.00,0.22,0.24,1.15,-0.69,-3.97,73.00,3000.00
[04:28:53.193],1.00,-1.00,0.00,0.00,0.22,0.24,1.15,-0.69,-3.97,73.00,3000.00
[04:28:53.285],1.00,-1.00,0.00,0.00,0.22,0.24,1.15,-0.69,-3.97,73.00,3000.00
[04:28:53.286],1.00,-1.00,0.00,0.00,0.13,-0.22,0.69,-4.19,-3.43,72.36,3000.00
[04:28:53.286],1.00,-1.00,0.00,0.00,0.13,-0.22,0.69,-4.19,-3.43,72.36,3000.00
[04:28:53.286],1.00,-1.00,0.00,0.00,0.13,-0.22,0.69,-4.19,-3.43,72.36,3000.00
[04:28:53.377],1.00,-1.00,0.00,0.00,0.06,-0.21,1.03,7.17,8.65,82.91,3000.00
[04:28:53.377],1.00,-1.00,0.00,0.00,0.06,-0.21,1.03,7.17,8.65,82.91,3000.00
[04:28:53.377],1.00,-1.00,0.00,0.00,0.06,-0.21,1.03,7.17,8.65,82.91,3000.00
[04:28:53.377],1.00,-1.00,0.00,0.00,-0.02,0.19,0.72,-2.75,-3.58,73.51,3000.00
[04:28:53.461],1.00,-1.00,0.00,0.00,-0.02,0.19,0.72,-2.75,-3.58,73.51,3000.00
[04:28:53.473],1.00,-1.00,0.00,0.00,-0.02,0.19,0.72,-2.75,-3.58,73.51,3000.00
[04:28:53.473],1.00,-1.00,0.00,0.00,0.06,-0.25,0.68,-4.77,-3.54,73.57,3000.00
[04:28:53.473],1.00,-1.00,0.00,0.00,0.06,-0.25,0.68,-4.77,-3.54,73.57,3000.00
[04:28:53.473],1.00,-1.00,0.00,0.00,0.06,-0.25,0.68,-4.77,-3.54,73.57,3000.00
[04:28:53.556],1.00,-1.00,0.00,0.00,0.46,-0.12,1.16,7.75,9.57,84.27,3000.00
[04:28:53.556],1.00,-1.00,0.00,0.00,0.46,-0.12,1.16,7.75,9.57,84.27,3000.00
[04:28:53.556],1.00,-1.00,0.00,0.00,0.46,-0.12,1.16,7.75,9.57,84.27,3000.00
[04:28:53.557],1.00,-1.00,0.00,0.00,0.00,0.39,0.96,-3.05,-3.46,74.84,3000.00
[04:28:53.633],1.00,-1.00,0.00,0.00,0.00,0.39,0.96,-3.05,-3.46,74.84,3000.00
[04:28:53.634],1.00,-1.00,0.00,0.00,0.00,0.39,0.96,-3.05,-3.46,74.84,3000.00
[04:28:53.634],1.00,-1.00,0.00,0.00,0.11,0.09,1.05,-4.89,-4.08,74.48,3000.00
[04:28:53.634],1.00,-1.00,0.00,0.00,0.11,0.09,1.05,-4.89,-4.08,74.48,3000.00
[04:28:53.705],1.00,-1.00,0.00,0.00,0.11,0.09,1.05,-4.89,-4.08,74.48,3000.00
[04:28:53.706],1.00,-1.00,0.00,0.00,0.29,-0.27,0.92,3.08,7.41,82.41,3000.00
[04:28:53.706],1.00,-1.00,0.00,0.00,0.29,-0.27,0.92,3.08,7.41,82.41,3000.00
[04:28:53.706],1.00,-1.00,0.00,0.00,0.29,-0.27,0.92,3.08,7.41,82.41,3000.00
[04:28:53.777],1.00,-1.00,0.00,0.00,0.15,0.10,1.12,4.39,1.60,78.60,3000.00
[04:28:53.778],1.00,-1.00,0.00,0.00,0.15,0.10,1.12,4.39,1.60,78.60,3000.00
[04:28:53.778],1.00,-1.00,0.00,0.00,0.15,0.10,1.12,4.39,1.60,78.60,3000.00
[04:28:53.778],1.00,-1.00,0.00,0.00,-0.14,-0.11,0.99,-6.48,-8.17,76.02,3000.00
[04:28:53.860],1.00,-1.00,0.00,0.00,-0.14,-0.11,0.99,-6.48,-8.17,76.02,3000.00
[04:28:53.861],1.00,-1.00,0.00,0.00,-0.14,-0.11,0.99,-6.48,-8.17,76.02,3000.00
[04:28:53.861],1.00,-1.00,0.00,0.00,0.37,0.17,1.08,1.72,5.78,82.95,3000.00
[04:28:53.861],1.00,-1.00,0.00,0.00,0.37,0.17,1.08,1.72,5.78,82.95,3000.00
[04:28:53.924],1.00,-1.00,0.00,0.00,0.37,0.17,1.08,1.72,5.78,82.95,3000.00
[04:28:53.924],1.00,-1.00,0.00,0.00,0.14,0.12,1.08,4.57,1.65,79.79,3000.00
[04:28:53.924],1.00,-1.00,0.00,0.00,0.14,0.12,1.08,4.57,1.65,79.79,3000.00
[04:28:53.925],1.00,-1.00,0.00,0.00,0.14,0.12,1.08,4.57,1.65,79.79,3000.00
[04:28:53.925],1.00,-1.00,0.00,0.00,0.20,-0.18,1.02,-1.12,-1.92,71.87,3000.00
[04:28:53.990],1.00,-1.00,0.00,0.00,0.20,-0.18,1.02,-1.12,-1.92,71.87,3000.00
[04:28:53.990],1.00,-1.00,0.00,0.00,0.20,-0.18,1.02,-1.12,-1.92,71.87,3000.00
[04:28:53.990],1.00,-1.00,0.00,0.00,0.37,-0.31,1.32,3.08,7.77,85.22,3000.00
[04:28:53.990],1.00,-1.00,0.00,0.00,0.37,-0.31,1.32,3.08,7.77,85.22,3000.00
[04:28:54.050],1.00,-1.00,0.00,0.00,0.37,-0.31,1.32,3.08,7.77,85.22,3000.00
[04:28:54.050],1.00,-1.00,0.00,0.00,0.09,0.36,0.91,2.58,0.44,80.70,3000.00
[04:28:54.050],1.00,-1.00,0.00,0.00,0.09,0.36,0.91,2.58,0.44,80.70,3000.00
[04:28:54.050],1.00,-1.00,0.00,0.00,0.09,0.36,0.91,2.58,0.44,80.70,2915.00
[04:28:54.114],1.00,-1.00,0.00,0.00,0.17,0.43,0.84,-0.56,-4.03,73.46,2915.00
[04:28:54.115],1.00,-1.00,0.00,0.00,0.17,0.43,0.84,-0.56,-4.03,73.46,2915.00
[04:28:54.115],1.00,-1.00,0.00,0.00,0.17,0.43,0.84,-0.56,-4.03,73.46,2915.00
[04:28:54.122],1.00,-1.00,0.00,0.00,0.30,0.09,1.05,-4.32,-3.41,72.76,2915.00
[04:28:54.194],1.00,-1.00,0.00,0.00,0.30,0.09,1.05,-4.32,-3.41,72.76,2550.00
[04:28:54.194],1.00,-1.00,0.00,0.00,0.30,0.09,1.05,-4.32,-3.41,72.76,2550.00
[04:28:54.194],1.00,-1.00,0.00,0.00,0.07,0.10,0.95,7.21,8.98,83.27,2550.00
[04:28:54.195],1.00,-1.00,0.00,0.00,0.07,0.10,0.95,7.21,8.98,83.27,2550.00
[04:28:54.250],1.00,-1.00,0.00,0.00,0.07,0.10,0.95,7.21,8.98,83.27,2550.00
[04:28:54.250],1.00,-1.00,0.00,0.00,0.04,0.05,1.16,-2.59,-3.55,74.17,2223.00
[04:28:54.250],1.00,-1.00,0.00,0.00,0.04,0.05,1.16,-2.59,-3.55,74.17,2223.00
[04:28:54.251],1.00,-1.00,0.00,0.00,0.04,0.05,1.16,-2.59,-3.55,74.17,2223.00
[04:28:54.307],1.00,-1.00,0.00,0.00,0.09,0.07,0.73,-4.89,-4.02,73.62,2223.00
[04:28:54.307],1.00,-1.00,0.00,0.00,0.09,0.07,0.73,-4.89,-4.02,73.62,2223.00
[04:28:54.307],1.00,-1.00,0.00,0.00,0.09,0.07,0.73,-4.89,-4.02,73.62,2223.00
[04:28:54.307],1.00,-1.00,0.00,0.00,0.34,-0.19,1.10,3.01,7.29,81.39,1877.00
[04:28:54.307],1.00,-1.00,0.00,0.00,0.34,-0.19,1.10,3.01,7.29,81.39,1877.00
[04:28:54.371],1.00,-1.00,0.00,0.00,0.34,-0.19,1.10,3.01,7.29,81.39,1877.00
[04:28:54.371],1.00,-1.00,0.00,0.00,0.09,0.11,0.94,4.65,1.58,77.85,1877.00
[04:28:54.371],1.00,-1.00,0.00,0.00,0.09,0.11,0.94,4.65,1.58,77.85,1877.00
[04:28:54.371],1.00,-1.00,0.00,0.00,0.09,0.11,0.94,4.65,1.58,77.85,1664.00
[04:28:54.432],1.00,-1.00,0.00,0.00,0.34,0.08,0.95,-6.55,-7.95,75.31,1664.00
[04:28:54.432],1.00,-1.00,0.00,0.00,0.34,0.08,0.95,-6.55,-7.95,75.31,1664.00
[04:28:54.456],1.00,-1.00,0.00,0.00,0.34,0.08,0.95,-6.55,-7.95,75.31,1664.00
[04:28:54.457],1.00,-1.00,0.00,0.00,0.02,-0.14,0.97,1.52,5.90,82.36,1664.00
[04:28:54.529],1.00,-1.00,0.00,0.00,0.02,-0.14,0.97,1.52,5.90,82.36,1530.00
[04:28:54.529],1.00,-1.00,0.00,0.00,0.02,-0.14,0.97,1.52,5.90,82.36,1530.00
[04:28:54.530],1.00,0.00,0.00,0.00,0.17,0.33,1.26,4.56,1.61,79.27,1530.00
[04:28:54.530],1.00,0.00,0.00,0.00,0.17,0.33,1.26,4.56,1.61,79.27,1530.00
[04:28:54.595],1.00,0.00,0.00,0.00,0.17,0.33,1.26,4.56,1.61,79.27,1530.00
[04:28:54.595],1.00,0.00,0.00,0.00,0.08,0.09,1.08,-6.54,-7.92,76.16,1530.00
[04:28:54.596],1.00,0.00,0.00,0.00,0.08,0.09,1.08,-6.54,-7.92,76.16,1341.00
[04:28:54.596],1.00,0.00,0.00,0.00,0.08,0.09,1.08,-6.54,-7.92,76.16,1341.00
[04:28:54.664],1.00,0.00,0.00,0.00,0.27,-0.25,1.19,1.63,5.80,83.21,1341.00
[04:28:54.664],1.00,0.00,0.00,0.00,0.27,-0.25,1.19,1.63,5.80,83.21,1341.00
[04:28:54.665],1.00,0.00,0.00,0.00,0.27,-0.25,1.19,1.63,5.80,83.21,1341.00
[04:28:54.665],1.00,0.00,0.00,0.00,0.05,0.08,1.49,4.44,1.70,80.49,1193.00
[04:28:54.742],1.00,0.00,0.00,0.00,0.05,0.08,1.49,4.44,1.70,80.49,1193.00
[04:28:54.742],1.00,0.00,0.00,0.00,0.05,0.08,1.49,4.44,1.70,80.49,1193.00
[04:28:54.742],1.00,0.00,0.00,0.00,0.14,0.25,0.96,-0.81,-1.99,72.04,1193.00
[04:28:54.742],1.00,0.00,0.00,0.00,0.14,0.25,0.96,-0.81,-1.99,72.04,1193.00
[04:28:54.743],1.00,0.00,0.00,0.00,0.14,0.25,0.96,-0.81,-1.99,72.04,1095.00
[04:28:54.819],1.00,0.00,0.00,0.00,-0.04,-0.21,0.84,2.64,7.77,85.45,1095.00
[04:28:54.839],1.00,0.00,0.00,0.00,-0.04,-0.21,0.84,2.64,7.77,85.45,1095.00
[04:28:54.840],1.00,0.00,0.00,0.00,-0.04,-0.21,0.84,2.64,7.77,85.45,1095.00
[04:28:54.840],1.00,0.00,0.00,0.00,-0.69,0.19,0.95,1.59,-6.77,31.76,1095.00
[04:28:54.921],1.00,0.00,0.00,0.00,-0.69,0.19,0.95,1.59,-6.77,31.76,1050.00
[04:28:54.922],1.00,1.00,0.00,0.00,-0.69,0.19,0.95,1.59,-6.77,31.76,1050.00
[04:28:54.922],1.00,1.00,0.00,0.00,-0.15,0.38,0.85,-0.09,1.17,10.68,1050.00
[04:28:54.922],1.00,1.00,0.00,0.00,-0.15,0.38,0.85,-0.09,1.17,10.68,1050.00
[04:28:54.994],1.00,1.00,0.00,0.00,-0.15,0.38,0.85,-0.09,1.17,10.68,1050.00
[04:28:54.995],1.00,1.00,0.00,0.00,-0.23,-0.08,1.02,-3.59,3.52,5.88,1050.00
[04:28:54.995],1.00,1.00,0.00,0.00,-0.23,-0.08,1.02,-3.59,3.52,5.88,975.00
[04:28:54.995],1.00,1.00,0.00,0.00,-0.23,-0.08,1.02,-3.59,3.52,5.88,975.00
[04:28:55.080],1.00,1.00,0.00,0.00,0.12,-0.21,0.88,4.17,-0.31,3.10,975.00
[04:28:55.081],1.00,1.00,0.00,0.00,0.12,-0.21,0.88,4.17,-0.31,3.10,975.00
[04:28:55.081],1.00,1.00,0.00,0.00,0.12,-0.21,0.88,4.17,-0.31,3.10,975.00
[04:28:55.081],1.00,1.00,0.00,0.00,-0.05,0.09,1.07,5.17,3.04,2.82,977.00
[04:28:55.165],1.00,1.00,0.00,0.00,-0.05,0.09,1.07,5.17,3.04,2.82,977.00
[04:28:55.165],1.00,1.00,0.00,0.00,-0.05,0.09,1.07,5.17,3.04,2.82,977.00
[04:28:55.165],1.00,1.00,0.00,0.00,0.11,0.04,0.83,-9.05,1.30,1.75,977.00
[04:28:55.165],1.00,1.00,0.00,0.00,0.11,0.04,0.83,-9.05,1.30,1.75,977.00
[04:28:55.245],1.00,1.00,0.00,0.00,0.11,0.04,0.83,-9.05,1.30,1.75,855.00
[04:28:55.255],1.00,1.00,0.00,0.00,-0.11,-0.37,1.03,2.35,0.92,1.76,855.00
[04:28:55.255],1.00,1.00,0.00,0.00,-0.11,-0.37,1.03,2.35,0.92,1.76,855.00
[04:28:55.255],1.00,1.00,0.00,0.00,-0.11,-0.37,1.03,2.35,0.92,1.76,855.00
[04:28:55.255],1.00,1.00,0.00,0.00,-0.77,0.25,1.23,6.31,-7.89,-45.42,855.00
[04:28:55.340],1.00,1.00,0.00,0.00,-0.77,0.25,1.23,6.31,-7.89,-45.42,855.00
[04:28:55.341],1.00,1.00,0.00,0.00,-0.77,0.25,1.23,6.31,-7.89,-45.42,782.00
[04:28:55.341],1.00,1.00,0.00,0.00,-0.37,0.16,1.05,-7.55,8.72,-63.53,782.00
[04:28:55.341],1.00,1.00,0.00,0.00,-0.37,0.16,1.05,-7.55,8.72,-63.53,782.00
[04:28:55.421],1.00,1.00,0.00,0.00,-0.37,0.16,1.05,-7.55,8.72,-63.53,782.00
[04:28:55.421],1.00,1.00,0.00,0.00,-0.46,-0.24,1.09,6.20,-5.04,-82.76,782.00
[04:28:55.421],1.00,1.00,0.00,0.00,-0.46,-0.24,1.09,6.20,-5.04,-82.76,796.00
[04:28:55.421],1.00,1.00,0.00,0.00,-0.46,-0.24,1.09,6.20,-5.04,-82.76,796.00
[04:28:55.500],1.00,1.00,0.00,0.00,-0.04,0.18,1.10,-2.95,4.43,-74.67,796.00
[04:28:55.501],1.00,1.00,0.00,0.00,-0.04,0.18,1.10,-2.95,4.43,-74.67,796.00
[04:28:55.501],1.00,1.00,0.00,0.00,-0.04,0.18,1.10,-2.95,4.43,-74.67,796.00
[04:28:55.501],1.00,1.00,0.00,0.00,0.01,0.17,1.09,-5.07,4.81,-74.60,807.00
[04:28:55.589],1.00,1.00,0.00,0.00,0.01,0.17,1.09,-5.07,4.81,-74.60,807.00
[04:28:55.591],1.00,1.00,0.00,0.00,0.01,0.17,1.09,-5.07,4.81,-74.60,807.00
[04:28:55.591],1.00,1.00,0.00,0.00,-0.39,-0.51,1.13,7.57,-4.76,-87.30,807.00
[04:28:55.591],1.00,1.00,0.00,0.00,-0.39,-0.51,1.13,7.57,-4.76,-87.30,807.00
[04:28:55.688],1.00,1.00,0.00,0.00,-0.39,-0.51,1.13,7.57,-4.76,-87.30,807.00
[04:28:55.689],1.00,1.00,0.00,0.00,0.30,0.40,0.72,-3.14,4.99,-76.67,802.00
[04:28:55.689],1.00,1.00,0.00,0.00,0.30,0.40,0.72,-3.14,4.99,-76.67,802.00
[04:28:55.689],1.00,1.00,0.00,0.00,0.30,0.40,0.72,-3.14,4.99,-76.67,802.00
[04:28:55.755],1.00,1.00,0.00,0.00,0.01,0.12,0.50,-4.78,5.95,-75.99,802.00
[04:28:55.755],1.00,1.00,0.00,0.00,0.01,0.12,0.50,-4.78,5.95,-75.99,802.00
[04:28:55.755],1.00,1.00,0.00,0.00,0.01,0.12,0.50,-4.78,5.95,-75.99,875.00
[04:28:55.755],1.00,1.00,0.00,0.00,-0.12,-0.26,1.02,2.83,-6.26,-83.98,875.00
[04:28:55.756],1.00,1.00,0.00,0.00,-0.12,-0.26,1.02,2.83,-6.26,-83.98,875.00
[04:28:55.815],1.00,1.00,0.00,0.00,-0.12,-0.26,1.02,2.83,-6.26,-83.98,875.00
[04:28:55.815],1.00,1.00,0.00,0.00,-0.03,0.12,1.16,4.32,0.01,-80.57,875.00
[04:28:55.815],1.00,1.00,0.00,0.00,-0.03,0.12,1.16,4.32,0.01,-80.57,998.00
[04:28:55.816],1.00,1.00,0.00,0.00,-0.03,0.12,1.16,4.32,0.01,-80.57,998.00
[04:28:55.884],1.00,1.00,0.00,0.00,-0.52,-0.13,0.81,-6.65,9.81,-77.59,998.00
[04:28:55.884],1.00,1.00,0.00,0.00,-0.52,-0.13,0.81,-6.65,9.81,-77.59,998.00
[04:28:55.884],1.00,1.00,0.00,0.00,-0.52,-0.13,0.81,-6.65,9.81,-77.59,998.00
[04:28:55.884],1.00,1.00,0.00,0.00,-0.25,-0.04,1.13,1.59,-4.33,-84.80,998.00
[04:28:55.953],1.00,1.00,0.00,0.00,-0.25,-0.04,1.13,1.59,-4.33,-84.80,965.00
[04:28:55.953],1.00,1.00,0.00,0.00,-0.25,-0.04,1.13,1.59,-4.33,-84.80,965.00
[04:28:55.953],1.00,1.00,0.00,0.00,0.14,0.51,1.11,4.62,-0.24,-81.70,965.00
[04:28:55.963],1.00,1.00,0.00,0.00,0.14,0.51,1.11,4.62,-0.24,-81.70,965.00
[04:28:56.036],1.00,1.00,0.00,0.00,0.14,0.51,1.11,4.62,-0.24,-81.70,965.00
[04:28:56.037],1.00,1.00,0.00,0.00,-0.16,0.14,1.36,-1.08,3.43,-73.05,1117.00
[04:28:56.037],1.00,1.00,0.00,0.00,-0.16,0.14,1.36,-1.08,3.43,-73.05,1117.00
[04:28:56.037],1.00,1.00,0.00,0.00,-0.16,0.14,1.36,-1.08,3.43,-73.05,1117.00
[04:28:56.103],1.00,1.00,0.00,0.00,-0.02,-0.39,1.29,2.94,-6.20,-86.81,1117.00
[04:28:56.103],1.00,1.00,0.00,0.00,-0.02,-0.39,1.29,2.94,-6.20,-86.81,1117.00
[04:28:56.104],1.00,1.00,0.00,0.00,-0.02,-0.39,1.29,2.94,-6.20,-86.81,1338.00
[04:28:56.104],1.00,1.00,0.00,0.00,0.00,0.28,1.05,2.39,1.17,-81.85,1338.00
[04:28:56.180],1.00,1.00,0.00,0.00,0.00,0.28,1.05,2.39,1.17,-81.85,1338.00
[04:28:56.180],1.00,1.00,0.00,0.00,0.00,0.28,1.05,2.39,1.17,-81.85,1338.00
[04:28:56.180],1.00,1.00,0.00,0.00,-0.29,0.09,0.96,-0.42,5.68,-74.10,1338.00
[04:28:56.180],1.00,1.00,0.00,0.00,-0.29,0.09,0.96,-0.42,5.68,-74.10,1338.00
[04:28:56.180],1.00,1.00,0.00,0.00,-0.29,0.09,0.96,-0.42,5.68,-74.10,1612.00
[04:28:56.264],1.00,1.00,0.00,0.00,-0.26,-0.34,1.15,3.19,-7.45,-88.09,1612.00
[04:28:56.264],1.00,1.00,0.00,0.00,-0.26,-0.34,1.15,3.19,-7.45,-88.09,1612.00
[04:28:56.264],1.00,1.00,0.00,0.00,-0.26,-0.34,1.15,3.19,-7.45,-88.09,1612.00
[04:28:56.264],1.00,1.00,0.00,0.00,-0.15,0.38,1.18,2.31,1.35,-83.30,1612.00
[04:28:56.344],1.00,1.00,0.00,0.00,-0.15,0.38,1.18,2.31,1.35,-83.30,1972.00
[04:28:56.344],1.00,1.00,0.00,0.00,-0.15,0.38,1.18,2.31,1.35,-83.30,1972.00
[04:28:56.354],1.00,1.00,0.00,0.00,-0.17,0.07,0.86,-0.75,5.65,-75.40,1972.00
[04:28:56.354],1.00,1.00,0.00,0.00,-0.17,0.07,0.86,-0.75,5.65,-75.40,1972.00
[04:28:56.442],1.00,1.00,0.00,0.00,-0.17,0.07,0.86,-0.75,5.65,-75.40,1972.00
[04:28:56.443],1.00,1.00,0.00,0.00,0.00,-0.35,1.27,-4.31,5.02,-74.85,2525.00
[04:28:56.443],1.00,1.00,0.00,0.00,0.00,-0.35,1.27,-4.31,5.02,-74.85,2525.00
[04:28:56.443],1.00,1.00,0.00,0.00,0.00,-0.35,1.27,-4.31,5.02,-74.85,2525.00
[04:28:56.521],1.00,1.00,0.00,0.00,-0.45,0.02,0.99,7.28,-7.45,-86.08,2525.00
[04:28:56.522],1.00,1.00,0.00,0.00,-0.45,0.02,0.99,7.28,-7.45,-86.08,2525.00
[04:28:56.522],1.00,1.00,0.00,0.00,-0.45,0.02,0.99,7.28,-7.45,-86.08,3000.00
[04:28:56.522],1.00,1.00,0.00,0.00,0.02,0.06,0.96,-3.20,5.32,-75.78,3000.00
[04:28:56.600],1.00,1.00,0.00,0.00,0.02,0.06,0.96,-3.20,5.32,-75.78,3000.00
[04:28:56.601],1.00,1.00,0.00,0.00,0.02,0.06,0.96,-3.20,5.32,-75.78,3000.00
[04:28:56.601],1.00,1.00,0.00,0.00,-0.02,0.20,1.26,-4.89,5.28,-75.71,3000.00
[04:28:56.601],1.00,1.00,0.00,0.00,-0.02,0.20,1.26,-4.89,5.28,-75.71,3000.00
[04:28:56.683],1.00,1.00,0.00,0.00,-0.02,0.20,1.26,-4.89,5.28,-75.71,3000.00
[04:28:56.683],1.00,1.00,0.00,0.00,-0.37,0.19,1.21,3.05,-6.14,-83.82,3000.00
[04:28:56.683],1.00,1.00,0.00,0.00,-0.37,0.19,1.21,3.05,-6.14,-83.82,3000.00
[04:28:56.683],1.00,1.00,0.00,0.00,-0.37,0.19,1.21,3.05,-6.14,-83.82,3000.00
[04:28:56.683],1.00,1.00,0.00,0.00,0.05,0.01,1.00,4.47,-0.06,-79.82,3000.00
[04:28:56.766],1.00,1.00,0.00,0.00,0.05,0.01,1.00,4.47,-0.06,-79.82,3000.00
[04:28:56.777],1.00,1.00,0.00,0.00,0.05,0.01,1.00,4.47,-0.06,-79.82,3000.00
[04:28:56.777],1.00,1.00,0.00,0.00,-0.18,-0.05,0.72,-6.87,9.49,-77.54,3000.00
[04:28:56.777],1.00,1.00,0.00,0.00,-0.18,-0.05,0.72,-6.87,9.49,-77.54,3000.00
[04:28:56.869],1.00,1.00,0.00,0.00,-0.18,-0.05,0.72,-6.87,9.49,-77.54,3000.00
[04:28:56.870],1.00,1.00,0.00,0.00,-0.20,-0.11,1.30,1.21,-4.71,-84.37,3000.00
[04:28:56.870],1.00,1.00,0.00,0.00,-0.20,-0.11,1.30,1.21,-4.71,-84.37,3000.00
[04:28:56.870],1.00,1.00,0.00,0.00,-0.20,-0.11,1.30,1.21,-4.71,-84.37,3000.00
[04:28:56.953],1.00,1.00,0.00,0.00,0.10,0.09,1.26,4.50,-0.21,-81.00,3000.00
[04:28:56.953],1.00,1.00,0.00,0.00,0.10,0.09,1.26,4.50,-0.21,-81.00,3000.00
[04:28:56.953],1.00,1.00,0.00,0.00,0.10,0.09,1.26,4.50,-0.21,-81.00,3000.00
[04:28:56.953],1.00,1.00,0.00,0.00,-0.14,0.24,0.99,-6.66,9.71,-78.48,3000.00
[04:28:57.033],1.00,1.00,0.00,0.00,-0.14,0.24,0.99,-6.66,9.71,-78.48,3000.00
[04:28:57.033],1.00,1.00,0.00,0.00,-0.14,0.24,0.99,-6.66,9.71,-78.48,3000.00
[04:28:57.034],1.00,1.00,0.00,0.00,-0.27,0.03,0.88,1.32,-4.34,-85.74,3000.00
[04:28:57.034],1.00,1.00,0.00,0.00,-0.27,0.03,0.88,1.32,-4.34,-85.74,3000.00
[04:28:57.114],1.00,1.00,0.00,0.00,-0.27,0.03,0.88,1.32,-4.34,-85.74,3000.00
[04:28:57.115],1.00,1.00,0.00,0.00,-0.30,0.00,1.05,4.69,-0.38,-82.33,3000.00
[04:28:57.115],1.00,1.00,0.00,0.00,-0.30,0.00,1.05,4.69,-0.38,-82.33,3000.00
[04:28:57.115],1.00,1.00,0.00,0.00,-0.30,0.00,1.05,4.69,-0.38,-82.33,3000.00
[04:28:57.196],1.00,1.00,0.00,0.00,-0.06,0.30,0.86,-0.70,3.45,-73.65,3000.00
[04:28:57.207],1.00,1.00,0.00,0.00,-0.06,0.30,0.86,-0.70,3.45,-73.65,3000.00
[04:28:57.207],1.00,1.00,0.00,0.00,-0.06,0.30,0.86,-0.70,3.45,-73.65,3000.00
[04:28:57.207],1.00,1.00,0.00,0.00,-0.35,-0.33,0.93,2.92,-6.23,-87.27,3000.00
[04:28:57.207],1.00,1.00,0.00,0.00,-0.35,-0.33,0.93,2.92,-6.23,-87.27,3000.00
[04:28:57.297],1.00,1.00,0.00,0.00,-0.35,-0.33,0.93,2.92,-6.23,-87.27,3000.00
[04:28:57.297],1.00,1.00,0.00,0.00,-0.06,0.24,1.09,2.80,1.38,-82.78,3000.00
[04:28:57.298],1.00,1.00,0.00,0.00,-0.06,0.24,1.09,2.80,1.38,-82.78,3000.00
[04:28:57.298],1.00,1.00,0.00,0.00,-0.06,0.24,1.09,2.80,1.38,-82.78,3000.00
[04:28:57.379],1.00,1.00,0.00,0.00,-0.12,0.60,1.15,-0.58,5.53,-74.92,3000.00
[04:28:57.380],1.00,1.00,0.00,0.00,-0.12,0.60,1.15,-0.58,5.53,-74.92,3000.00
[04:28:57.380],1.00,1.00,0.00,0.00,-0.12,0.60,1.15,-0.58,5.53,-74.92,3000.00
[04:28:57.380],1.00,1.00,0.00,0.00,-0.17,0.15,1.25,-4.07,4.96,-74.46,3000.00
[04:28:57.466],1.00,1.00,0.00,0.00,-0.17,0.15,1.25,-4.07,4.96,-74.46,3000.00
[04:28:57.466],1.00,1.00,0.00,0.00,-0.17,0.15,1.25,-4.07,4.96,-74.46,3000.00
[04:28:57.466],1.00,1.00,0.00,0.00,-0.45,-0.25,1.55,6.87,-7.49,-85.36,3000.00
[04:28:57.466],1.00,1.00,0.00,0.00,-0.45,-0.25,1.55,6.87,-7.49,-85.36,3000.00
[04:28:57.550],1.00,1.00,0.00,0.00,-0.45,-0.25,1.55,6.87,-7.49,-85.36,2835.00
[04:28:57.551],1.00,1.00,0.00,0.00,-0.06,0.05,1.24,-3.02,4.83,-75.54,2835.00
[04:28:57.551],1.00,1.00,0.00,0.00,-0.06,0.05,1.24,-3.02,4.83,-75.54,2835.00
[04:28:57.551],1.00,1.00,0.00,0.00,-0.06,0.05,1.24,-3.02,4.83,-75.54,2835.00
[04:28:57.642],1.00,1.00,0.00,0.00,-0.13,-0.03,0.97,-4.76,5.57,-75.31,2835.00
[04:28:57.643],1.00,1.00,0.00,0.00,-0.13,-0.03,0.97,-4.76,5.57,-75.31,2835.00
[04:28:57.643],1.00,1.00,0.00,0.00,-0.13,-0.03,0.97,-4.76,5.57,-75.31,2371.00
[04:28:57.643],1.00,1.00,0.00,0.00,-0.70,-0.23,1.41,7.34,-8.45,-86.59,2371.00
[04:28:57.715],1.00,1.00,0.00,0.00,-0.70,-0.23,1.41,7.34,-8.45,-86.59,2371.00
[04:28:57.716],1.00,1.00,0.00,0.00,-0.70,-0.23,1.41,7.34,-8.45,-86.59,2371.00
[04:28:57.716],1.00,1.00,0.00,0.00,0.09,0.42,0.80,-2.86,4.97,-76.82,2371.00
[04:28:57.716],1.00,1.00,0.00,0.00,0.09,0.42,0.80,-2.86,4.97,-76.82,2062.00
[04:28:57.716],1.00,1.00,0.00,0.00,0.09,0.42,0.80,-2.86,4.97,-76.82,2062.00
[04:28:57.786],1.00,1.00,0.00,0.00,-0.09,-0.16,0.99,-4.95,5.51,-75.92,2062.00
[04:28:57.786],1.00,1.00,0.00,0.00,-0.09,-0.16,0.99,-4.95,5.51,-75.92,2062.00
[04:28:57.786],1.00,1.00,0.00,0.00,-0.09,-0.16,0.99,-4.95,5.51,-75.92,2062.00
[04:28:57.786],1.00,1.00,0.00,0.00,-0.17,-0.48,1.00,3.34,-6.22,-84.25,1882.00
[04:28:57.858],1.00,1.00,0.00,0.00,-0.17,-0.48,1.00,3.34,-6.22,-84.25,1882.00
[04:28:57.859],1.00,1.00,0.00,0.00,-0.17,-0.48,1.00,3.34,-6.22,-84.25,1882.00
[04:28:57.859],1.00,1.00,0.00,0.00,-0.09,0.19,1.12,4.64,-0.33,-80.79,1882.00
[04:28:57.859],1.00,1.00,0.00,0.00,-0.09,0.19,1.12,4.64,-0.33,-80.79,1882.00
[04:28:57.928],1.00,1.00,0.00,0.00,-0.09,0.19,1.12,4.64,-0.33,-80.79,1882.00
[04:28:57.928],1.00,1.00,0.00,0.00,0.00,0.39,1.15,-6.47,9.65,-78.14,1834.00
[04:28:57.928],1.00,1.00,0.00,0.00,0.00,0.39,1.15,-6.47,9.65,-78.14,1834.00
[04:28:57.938],1.00,1.00,0.00,0.00,0.00,0.39,1.15,-6.47,9.65,-78.14,1834.00
[04:28:58.019],1.00,1.00,0.00,0.00,0.02,0.12,1.37,1.63,-4.26,-84.94,1834.00
[04:28:58.020],1.00,1.00,0.00,0.00,0.02,0.12,1.37,1.63,-4.26,-84.94,1834.00
[04:28:58.020],1.00,1.00,0.00,0.00,0.02,0.12,1.37,1.63,-4.26,-84.94,1944.00
[04:28:58.020],1.00,1.00,0.00,0.00,0.06,0.02,0.84,4.59,-0.24,-81.99,1944.00
[04:28:58.095],1.00,1.00,0.00,0.00,0.06,0.02,0.84,4.59,-0.24,-81.99,1944.00
[04:28:58.095],1.00,1.00,0.00,0.00,0.06,0.02,0.84,4.59,-0.24,-81.99,1944.00
[04:28:58.096],1.00,1.00,0.00,0.00,0.00,0.39,0.82,-1.16,3.49,-73.01,1944.00
[04:28:58.096],1.00,1.00,0.00,0.00,0.00,0.39,0.82,-1.16,3.49,-73.01,2032.00
[04:28:58.169],1.00,1.00,0.00,0.00,0.00,0.39,0.82,-1.16,3.49,-73.01,2032.00
[04:28:58.169],1.00,1.00,0.00,0.00,-0.29,-0.40,0.75,2.98,-6.47,-86.86,2032.00
[04:28:58.170],1.00,1.00,0.00,0.00,-0.29,-0.40,0.75,2.98,-6.47,-86.86,2032.00
[04:28:58.170],1.00,1.00,0.00,0.00,-0.29,-0.40,0.75,2.98,-6.47,-86.86,2032.00
[04:28:58.170],1.00,1.00,0.00,0.00,-0.38,0.23,0.96,2.42,1.33,-82.25,2032.00
[04:28:58.244],1.00,1.00,0.00,0.00,-0.38,0.23,0.96,2.42,1.33,-82.25,2100.00
[04:28:58.244],1.00,1.00,0.00,0.00,-0.38,0.23,0.96,2.42,1.33,-82.25,2100.00
[04:28:58.244],1.00,1.00,0.00,0.00,0.06,0.34,1.03,-0.60,5.45,-74.35,2100.00
[04:28:58.244],1.00,1.00,0.00,0.00,0.06,0.34,1.03,-0.60,5.45,-74.35,2100.00
[04:28:58.306],1.00,1.00,0.00,0.00,0.06,0.34,1.03,-0.60,5.45,-74.35,2100.00
[04:28:58.307],1.00,1.00,0.00,0.00,-0.02,-0.15,0.98,3.39,-7.29,-88.08,2502.00
[04:28:58.316],1.00,1.00,0.00,0.00,-0.02,-0.15,0.98,3.39,-7.29,-88.08,2502.00
[04:28:58.316],1.00,1.00,0.00,0.00,-0.02,-0.15,0.98,3.39,-7.29,-88.08,2502.00
[04:28:58.391],1.00,1.00,0.00,0.00,-0.20,0.28,1.05,2.32,1.33,-83.27,2502.00
[04:28:58.392],1.00,1.00,0.00,0.00,-0.20,0.28,1.05,2.32,1.33,-83.27,2502.00
[04:28:58.392],1.00,1.00,0.00,0.00,-0.20,0.28,1.05,2.32,1.33,-83.27,3000.00
[04:28:58.393],1.00,1.00,0.00,0.00,0.00,0.28,1.11,-0.44,5.40,-75.57,3000.00
[04:28:58.459],1.00,1.00,0.00,0.00,0.00,0.28,1.11,-0.44,5.40,-75.57,3000.00
[04:28:58.459],1.00,1.00,0.00,0.00,0.00,0.28,1.11,-0.44,5.40,-75.57,3000.00
[04:28:58.459],1.00,1.00,0.00,0.00,-0.28,0.05,0.77,-4.37,5.29,-74.67,3000.00
[04:28:58.460],1.00,1.00,0.00,0.00,-0.28,0.05,0.77,-4.37,5.29,-74.67,3000.00
[04:28:58.537],1.00,1.00,0.00,0.00,-0.28,0.05,0.77,-4.37,5.29,-74.67,3000.00
[04:28:58.537],1.00,1.00,0.00,0.00,-0.58,-0.24,1.03,7.01,-7.74,-85.97,3000.00
[04:28:58.537],1.00,1.00,0.00,0.00,-0.58,-0.24,1.03,7.01,-7.74,-85.97,3000.00
[04:28:58.537],1.00,1.00,0.00,0.00,-0.58,-0.24,1.03,7.01,-7.74,-85.97,3000.00
[04:28:58.615],1.00,1.00,0.00,0.00,0.16,0.43,0.94,-2.79,4.85,-76.07,3000.00
[04:28:58.615],1.00,1.00,0.00,0.00,0.16,0.43,0.94,-2.79,4.85,-76.07,3000.00
[04:28:58.615],1.00,1.00,0.00,0.00,0.16,0.43,0.94,-2.79,4.85,-76.07,3000.00
[04:28:58.615],1.00,1.00,0.00,0.00,-0.16,-0.11,1.23,-4.83,5.36,-75.58,3000.00
[04:28:58.615],1.00,1.00,0.00,0.00,-0.16,-0.11,1.23,-4.83,5.36,-75.58,3000.00
[04:28:58.688],1.00,1.00,0.00,0.00,-0.16,-0.11,1.23,-4.83,5.36,-75.58,3000.00
[04:28:58.698],1.00,1.00,0.00,0.00,-0.10,-0.15,1.01,2.77,-6.18,-83.82,3000.00
[04:28:58.698],1.00,1.00,0.00,0.00,-0.10,-0.15,1.01,2.77,-6.18,-83.82,3000.00
[04:28:58.698],1.00,1.00,0.00,0.00,-0.10,-0.15,1.01,2.77,-6.18,-83.82,3000.00
[04:28:58.785],1.00,1.00,0.00,0.00,-0.26,0.23,0.84,4.35,-0.19,-80.16,3000.00
[04:28:58.786],1.00,1.00,0.00,0.00,-0.26,0.23,0.84,4.35,-0.19,-80.16,3000.00
[04:28:58.786],1.00,1.00,0.00,0.00,-0.26,0.23,0.84,4.35,-0.19,-80.16,3000.00
[04:28:58.786],1.00,1.00,0.00,0.00,0.00,0.18,1.02,-6.76,9.69,-77.68,3000.00
[04:28:58.872],1.00,1.00,0.00,0.00,0.00,0.18,1.02,-6.76,9.69,-77.68,3000.00
[04:28:58.872],1.00,1.00,0.00,0.00,0.00,0.18,1.02,-6.76,9.69,-77.68,3000.00
[04:28:58.872],1.00,1.00,0.00,0.00,-0.36,0.00,1.13,1.51,-4.30,-84.65,3000.00
[04:28:58.872],1.00,1.00,0.00,0.00,-0.36,0.00,1.13,1.51,-4.30,-84.65,3000.00
[04:28:58.955],1.00,1.00,0.00,0.00,-0.36,0.00,1.13,1.51,-4.30,-84.65,3000.00
[04:28:58.956],1.00,1.00,0.00,0.00,0.06,0.13,1.09,4.55,-0.37,-81.32,3000.00
[04:28:58.956],1.00,1.00,0.00,0.00,0.06,0.13,1.09,4.55,-0.37,-81.32,3000.00
[04:28:58.956],1.00,1.00,0.00,0.00,0.06,0.13,1.09,4.55,-0.37,-81.32,3000.00
[04:28:59.035],1.00,1.00,0.00,0.00,-0.23,0.18,1.02,-6.92,9.29,-78.34,3000.00
[04:28:59.036],1.00,1.00,0.00,0.00,-0.23,0.18,1.02,-6.92,9.29,-78.34,3000.00
[04:28:59.036],1.00,1.00,0.00,0.00,-0.23,0.18,1.02,-6.92,9.29,-78.34,3000.00
[04:28:59.036],1.00,1.00,0.00,0.00,-0.30,-0.25,1.27,1.61,-4.37,-85.31,3000.00
[04:28:59.119],1.00,1.00,0.00,0.00,-0.30,-0.25,1.27,1.61,-4.37,-85.31,3000.00
[04:28:59.129],1.00,1.00,0.00,0.00,-0.30,-0.25,1.27,1.61,-4.37,-85.31,3000.00
[04:28:59.129],1.00,1.00,0.00,0.00,-0.33,0.16,0.85,4.65,-0.28,-82.53,3000.00
[04:28:59.129],1.00,1.00,0.00,0.00,-0.33,0.16,0.85,4.65,-0.28,-82.53,3000.00
[04:28:59.129],1.00,1.00,0.00,0.00,-0.33,0.16,0.85,4.65,-0.28,-82.53,3000.00
[04:28:59.216],1.00,1.00,0.00,0.00,0.31,0.09,0.98,-0.96,3.23,-73.64,3000.00
[04:28:59.216],1.00,1.00,0.00,0.00,0.31,0.09,0.98,-0.96,3.23,-73.64,3000.00
[04:28:59.216],1.00,1.00,0.00,0.00,0.31,0.09,0.98,-0.96,3.23,-73.64,3000.00
[04:28:59.217],1.00,1.00,0.00,0.00,-0.19,-0.24,0.78,3.01,-6.35,-87.45,2446.00
[04:28:59.288],1.00,1.00,0.00,0.00,-0.19,-0.24,0.78,3.01,-6.35,-87.45,2446.00
[04:28:59.288],1.00,1.00,0.00,0.00,-0.19,-0.24,0.78,3.01,-6.35,-87.45,2446.00
[04:28:59.288],1.00,1.00,0.00,0.00,-0.25,0.36,0.88,2.41,1.30,-82.86,2446.00
[04:28:59.289],1.00,1.00,0.00,0.00,-0.25,0.36,0.88,2.41,1.30,-82.86,2446.00
[04:28:59.360],1.00,1.00,0.00,0.00,-0.25,0.36,0.88,2.41,1.30,-82.86,1834.00
[04:28:59.360],1.00,1.00,0.00,0.00,-0.33,0.39,1.06,-0.67,5.34,-75.15,1834.00
[04:28:59.360],1.00,1.00,0.00,0.00,-0.33,0.39,1.06,-0.67,5.34,-75.15,1834.00
[04:28:59.360],1.00,1.00,0.00,0.00,-0.33,0.39,1.06,-0.67,5.34,-75.15,1834.00
[04:28:59.423],1.00,1.00,0.00,0.00,-0.26,-0.02,0.95,-4.33,4.78,-74.45,1834.00
[04:28:59.423],1.00,1.00,0.00,0.00,-0.26,-0.02,0.95,-4.33,4.78,-74.45,2172.00
[04:28:59.423],1.00,1.00,0.00,0.00,-0.26,-0.02,0.95,-4.33,4.78,-74.45,2172.00
[04:28:59.423],1.00,1.00,0.00,0.00,-0.30,-0.03,1.17,6.97,-7.59,-85.68,2172.00
[04:28:59.523],1.00,1.00,0.00,0.00,-0.30,-0.03,1.17,6.97,-7.59,-85.68,2172.00
[04:28:59.523],1.00,1.00,0.00,0.00,-0.30,-0.03,1.17,6.97,-7.59,-85.68,2172.00
[04:28:59.523],1.00,1.00,0.00,0.00,-0.07,0.21,0.96,-3.08,4.92,-75.61,2172.00
[04:28:59.523],1.00,1.00,0.00,0.00,-0.07,0.21,0.96,-3.08,4.92,-75.61,1724.00
[04:28:59.584],0.00,0.00,0.00,0.00,-0.07,0.21,0.96,-3.08,4.92,-75.61,1724.00
[04:28:59.584],0.00,0.00,0.00,0.00,0.00,0.09,1.16,-4.64,5.27,-75.19,1724.00
[04:28:59.584],0.00,0.00,0.00,0.00,0.00,0.09,1.16,-4.64,5.27,-75.19,1724.00
[04:28:59.585],0.00,0.00,0.00,0.00,0.00,0.09,1.16,-4.64,5.27,-75.19,1724.00
[04:28:59.585],0.00,0.00,0.00,0.00,0.10,0.65,0.89,-2.72,5.60,-54.73,1444.00
[04:28:59.653],0.00,0.00,0.00,0.00,0.10,0.65,0.89,-2.72,5.60,-54.73,1444.00
[04:28:59.653],0.00,0.00,0.00,0.00,0.10,0.65,0.89,-2.72,5.60,-54.73,1444.00
[04:28:59.653],0.00,0.00,0.00,0.00,-0.03,0.50,0.97,-0.21,1.80,-44.23,1444.00
[04:28:59.653],0.00,0.00,0.00,0.00,-0.03,0.50,0.97,-0.21,1.80,-44.23,1444.00
[04:28:59.720],0.00,0.00,0.00,0.00,-0.03,0.50,0.97,-0.21,1.80,-44.23,1288.00
[04:28:59.720],0.00,0.00,0.00,0.00,0.17,0.41,1.09,0.52,1.19,-35.45,1288.00
[04:28:59.722],0.00,0.00,0.00,0.00,0.17,0.41,1.09,0.52,1.19,-35.45,1288.00
[04:28:59.722],0.00,0.00,0.00,0.00,0.17,0.41,1.09,0.52,1.19,-35.45,1288.00
[04:28:59.781],0.00,0.00,0.00,0.00,0.16,0.40,0.93,1.20,1.16,-28.45,1288.00
[04:28:59.782],0.00,0.00,0.00,0.00,0.16,0.40,0.93,1.20,1.16,-28.45,1288.00
[04:28:59.782],0.00,0.00,0.00,0.00,0.16,0.40,0.93,1.20,1.16,-28.45,1163.00
[04:28:59.802],0.00,0.00,0.00,0.00,0.13,0.18,1.06,1.35,1.02,-23.11,1163.00
[04:28:59.876],0.00,0.00,0.00,0.00,0.13,0.18,1.06,1.35,1.02,-23.11,1163.00
[04:28:59.876],0.00,0.00,0.00,0.00,0.13,0.18,1.06,1.35,1.02,-23.11,1163.00
[04:28:59.876],0.00,0.00,0.00,0.00,0.36,0.23,0.97,1.69,0.62,-2.26,1163.00
[04:28:59.876],-1.00,0.00,0.00,0.00,0.36,0.23,0.97,1.69,0.62,-2.26,1165.00
[04:28:59.939],-1.00,0.00,0.00,0.00,0.36,0.23,0.97,1.69,0.62,-2.26,1165.00
[04:28:59.940],-1.00,0.00,0.00,0.00,0.07,0.77,0.85,-22.59,-0.98,1.16,1165.00
[04:28:59.940],-1.00,0.00,0.00,0.00,0.07,0.77,0.85,-22.59,-0.98,1.16,1165.00
[04:28:59.940],-1.00,0.00,0.00,0.00,0.07,0.77,0.85,-22.59,-0.98,1.16,1165.00
[04:29:00.009],-1.00,0.00,0.00,0.00,-0.01,0.44,1.21,1.24,0.75,1.32,1144.00
[04:29:00.009],-1.00,0.00,0.00,0.00,-0.01,0.44,1.21,1.24,0.75,1.32,1144.00
[04:29:00.010],-1.00,0.00,0.00,0.00,-0.01,0.44,1.21,1.24,0.75,1.32,1144.00
[04:29:00.010],-1.00,0.00,0.00,0.00,0.04,0.46,1.02,-0.19,0.32,1.23,1144.00
[04:29:00.010],-1.00,0.00,0.00,0.00,0.04,0.46,1.02,-0.19,0.32,1.23,1144.00
[04:29:00.074],-1.00,0.00,0.00,0.00,0.04,0.46,1.02,-0.19,0.32,1.23,1144.00
[04:29:00.075],-1.00,0.00,0.00,0.00,0.03,0.57,1.09,0.96,0.29,1.60,1211.00
[04:29:00.075],-1.00,0.00,0.00,0.00,0.03,0.57,1.09,0.96,0.29,1.60,1211.00
[04:29:00.075],-1.00,0.00,0.00,0.00,0.03,0.57,1.09,0.96,0.29,1.60,1211.00
[04:29:00.147],-1.00,0.00,0.00,0.00,-0.18,0.55,1.07,0.69,0.71,1.53,1211.00
[04:29:00.147],-1.00,0.00,0.00,0.00,-0.18,0.55,1.07,0.69,0.71,1.53,1211.00
[04:29:00.156],-1.00,0.00,0.00,0.00,-0.18,0.55,1.07,0.69,0.71,1.53,1238.00
[04:29:00.158],-1.00,0.00,0.00,0.00,0.06,-0.08,1.15,6.17,0.70,1.79,1238.00
[04:29:00.233],-1.00,0.00,0.00,0.00,0.06,-0.08,1.15,6.17,0.70,1.79,1238.00
[04:29:00.234],-1.00,0.00,0.00,0.00,0.06,-0.08,1.15,6.17,0.70,1.79,1238.00
[04:29:00.234],-1.00,0.00,0.00,0.00,0.00,0.37,1.01,0.93,0.71,1.44,1238.00
[04:29:00.235],-1.00,0.00,0.00,0.00,0.00,0.37,1.01,0.93,0.71,1.44,1258.00
[04:29:00.304],-1.00,0.00,0.00,0.00,0.00,0.37,1.01,0.93,0.71,1.44,1258.00
[04:29:00.305],-1.00,0.00,0.00,0.00,0.07,-0.25,1.13,1.81,0.63,1.33,1258.00
[04:29:00.305],-1.00,0.00,0.00,0.00,0.07,-0.25,1.13,1.81,0.63,1.33,1258.00
[04:29:00.305],-1.00,0.00,0.00,0.00,0.07,-0.25,1.13,1.81,0.63,1.33,1258.00
[04:29:00.376],-1.00,0.00,0.00,0.00,0.19,0.20,1.12,3.56,0.80,1.38,1219.00
[04:29:00.376],-1.00,0.00,0.00,0.00,0.19,0.20,1.12,3.56,0.80,1.38,1219.00
[04:29:00.376],-1.00,0.00,0.00,0.00,0.19,0.20,1.12,3.56,0.80,1.38,1219.00
[04:29:00.376],-1.00,0.00,0.00,0.00,-0.02,0.14,1.00,-0.37,0.58,1.19,1219.00
[04:29:00.447],-1.00,0.00,0.00,0.00,-0.02,0.14,1.00,-0.37,0.58,1.19,1219.00
[04:29:00.447],-1.00,0.00,0.00,0.00,-0.02,0.14,1.00,-0.37,0.58,1.19,1219.00
[04:29:00.447],-1.00,0.00,0.00,0.00,0.04,-0.42,1.10,1.00,0.68,1.67,1287.00
[04:29:00.448],-1.00,0.00,0.00,0.00,0.04,-0.42,1.10,1.00,0.68,1.67,1287.00
[04:29:00.448],-1.00,0.00,0.00,0.00,0.04,-0.42,1.10,1.00,0.68,1.67,1287.00
[04:29:00.518],-1.00,0.00,0.00,0.00,-0.07,0.36,1.05,1.42,0.94,1.36,1287.00
[04:29:00.529],-1.00,0.00,0.00,0.00,-0.07,0.36,1.05,1.42,0.94,1.36,1287.00
[04:29:00.529],-1.00,0.00,0.00,0.00,-0.07,0.36,1.05,1.42,0.94,1.36,1310.00
[04:29:00.529],-1.00,0.00,0.00,0.00,0.06,-0.03,0.96,-3.19,0.78,1.43,1310.00
[04:29:00.606],-1.00,0.00,0.00,0.00,0.06,-0.03,0.96,-3.19,0.78,1.43,1310.00
[04:29:00.606],-1.00,0.00,0.00,0.00,0.06,-0.03,0.96,-3.19,0.78,1.43,1310.00
[04:29:00.606],-1.00,0.00,0.00,0.00,-0.08,-0.14,1.08,5.49,0.78,1.35,1310.00
[04:29:00.607],-1.00,0.00,0.00,0.00,-0.08,-0.14,1.08,5.49,0.78,1.35,1260.00
[04:29:00.677],-1.00,0.00,0.00,0.00,-0.08,-0.14,1.08,5.49,0.78,1.35,1260.00
[04:29:00.678],-1.00,0.00,0.00,0.00,-0.02,0.22,1.00,-3.18,0.66,1.35,1260.00
[04:29:00.678],-1.00,0.00,0.00,0.00,-0.02,0.22,1.00,-3.18,0.66,1.35,1260.00
[04:29:00.678],-1.00,0.00,0.00,0.00,-0.02,0.22,1.00,-3.18,0.66,1.35,1260.00
[04:29:00.745],-1.00,0.00,0.00,0.00,0.13,-0.04,1.17,-1.20,0.99,1.41,1260.00
[04:29:00.745],-1.00,0.00,0.00,0.00,0.13,-0.04,1.17,-1.20,0.99,1.41,1354.00
[04:29:00.745],-1.00,0.00,0.00,0.00,0.13,-0.04,1.17,-1.20,0.99,1.41,1354.00
[04:29:00.745],-1.00,0.00,0.00,0.00,-0.04,-0.22,1.14,6.13,0.79,1.55,1354.00
[04:29:00.814],-1.00,0.00,0.00,0.00,-0.04,-0.22,1.14,6.13,0.79,1.55,1354.00
[04:29:00.815],-1.00,0.00,0.00,0.00,-0.04,-0.22,1.14,6.13,0.79,1.55,1354.00
[04:29:00.815],-1.00,0.00,0.00,0.00,-0.02,0.38,0.89,-3.07,0.46,1.61,1409.00
[04:29:00.815],-1.00,0.00,0.00,0.00,-0.02,0.38,0.89,-3.07,0.46,1.61,1409.00
[04:29:00.882],-1.00,0.00,0.00,0.00,-0.02,0.38,0.89,-3.07,0.46,1.61,1409.00
[04:29:00.905],-1.00,0.00,0.00,0.00,0.03,-0.35,0.99,1.32,0.73,1.65,1409.00
[04:29:00.906],-1.00,0.00,0.00,0.00,0.03,-0.35,0.99,1.32,0.73,1.65,1409.00
[04:29:00.906],-1.00,0.00,0.00,0.00,0.03,-0.35,0.99,1.32,0.73,1.65,1431.00
[04:29:00.906],-1.00,0.00,0.00,0.00,0.03,0.13,1.17,3.84,0.77,1.50,1431.00
[04:29:00.986],-1.00,-1.00,0.00,0.00,0.03,0.13,1.17,3.84,0.77,1.50,1431.00
[04:29:00.987],-1.00,-1.00,0.00,0.00,0.03,0.13,1.17,3.84,0.77,1.50,1431.00
[04:29:00.987],-1.00,-1.00,0.00,0.00,0.09,-0.01,0.95,-4.82,0.44,1.43,1431.00
[04:29:00.987],-1.00,-1.00,0.00,0.00,0.09,-0.01,0.95,-4.82,0.44,1.43,1445.00
[04:29:01.060],-1.00,-1.00,0.00,0.00,0.09,-0.01,0.95,-4.82,0.44,1.43,1445.00
[04:29:01.061],-1.00,-1.00,0.00,0.00,0.01,-0.02,1.11,1.79,0.81,1.30,1445.00
[04:29:01.061],-1.00,-1.00,0.00,0.00,0.01,-0.02,1.11,1.79,0.81,1.30,1445.00
[04:29:01.061],-1.00,-1.00,0.00,0.00,0.01,-0.02,1.11,1.79,0.81,1.30,1445.00
[04:29:01.125],-1.00,-1.00,0.00,0.00,-0.06,0.26,0.92,5.07,0.52,1.64,1445.00
[04:29:01.125],-1.00,-1.00,0.00,0.00,-0.06,0.26,0.92,5.07,0.52,1.64,1462.00
[04:29:01.125],-1.00,-1.00,0.00,0.00,-0.06,0.26,0.92,5.07,0.52,1.64,1462.00
[04:29:01.125],-1.00,-1.00,0.00,0.00,-0.12,-0.08,0.97,-4.70,0.77,1.46,1462.00
[04:29:01.200],-1.00,-1.00,0.00,0.00,-0.12,-0.08,0.97,-4.70,0.77,1.46,1462.00
[04:29:01.201],-1.00,-1.00,0.00,0.00,-0.12,-0.08,0.97,-4.70,0.77,1.46,1462.00
[04:29:01.201],-1.00,-1.00,0.00,0.00,-0.12,-0.10,1.07,5.46,0.51,1.45,1462.00
[04:29:01.201],-1.00,-1.00,0.00,0.00,-0.12,-0.10,1.07,5.46,0.51,1.45,1436.00
[04:29:01.286],-1.00,-1.00,0.00,0.00,-0.12,-0.10,1.07,5.46,0.51,1.45,1436.00
[04:29:01.287],-1.00,-1.00,0.00,0.00,-0.29,0.30,0.96,-1.02,-3.41,-16.84,1436.00
[04:29:01.287],-1.00,-1.00,0.00,0.00,-0.29,0.30,0.96,-1.02,-3.41,-16.84,1436.00
[04:29:01.287],-1.00,-1.00,0.00,0.00,-0.29,0.30,0.96,-1.02,-3.41,-16.84,1436.00
[04:29:01.353],-1.00,-1.00,0.00,0.00,-0.11,-0.11,0.95,-1.92,1.81,-32.55,1541.00
[04:29:01.353],-1.00,-1.00,0.00,0.00,-0.11,-0.11,0.95,-1.92,1.81,-32.55,1541.00
[04:29:01.353],-1.00,-1.00,0.00,0.00,-0.11,-0.11,0.95,-1.92,1.81,-32.55,1541.00
[04:29:01.354],-1.00,-1.00,0.00,0.00,-0.08,-0.12,1.20,5.31,3.99,-32.36,1541.00
[04:29:01.354],-1.00,-1.00,0.00,0.00,-0.08,-0.12,1.20,5.31,3.99,-32.36,1541.00
[04:29:01.430],-1.00,-1.00,0.00,0.00,-0.08,-0.12,1.20,5.31,3.99,-32.36,1541.00
[04:29:01.430],-1.00,-1.00,0.00,0.00,-0.27,0.26,0.94,-2.32,3.67,-41.46,986.00
[04:29:01.430],-1.00,-1.00,0.00,0.00,-0.27,0.26,0.94,-2.32,3.67,-41.46,986.00
[04:29:01.430],-1.00,-1.00,0.00,0.00,-0.27,0.26,0.94,-2.32,3.67,-41.46,986.00
[04:29:01.508],-1.00,-1.00,0.00,0.00,0.09,-0.07,1.08,-1.42,0.17,-40.60,986.00
[04:29:01.508],-1.00,-1.00,0.00,0.00,0.09,-0.07,1.08,-1.42,0.17,-40.60,986.00
[04:29:01.508],-1.00,-1.00,0.00,0.00,0.09,-0.07,1.08,-1.42,0.17,-40.60,986.00
[04:29:01.508],-1.00,-1.00,0.00,0.00,0.14,-0.14,1.20,7.21,5.26,-35.01,1423.00
[04:29:01.574],-1.00,-1.00,0.00,0.00,0.14,-0.14,1.20,7.21,5.26,-35.01,1423.00
[04:29:01.574],-1.00,-1.00,0.00,0.00,0.14,-0.14,1.20,7.21,5.26,-35.01,1423.00
[04:29:01.575],-1.00,-1.00,0.00,0.00,-0.12,0.38,0.84,-2.84,-1.53,-43.14,1423.00
[04:29:01.594],-1.00,-1.00,0.00,0.00,-0.12,0.38,0.84,-2.84,-1.53,-43.14,1423.00
[04:29:01.673],-1.00,-1.00,0.00,0.00,-0.12,0.38,0.84,-2.84,-1.53,-43.14,1423.00
[04:29:01.673],-1.00,-1.00,0.00,0.00,0.33,-0.27,1.01,2.79,2.59,-32.84,1321.00
[04:29:01.673],-1.00,-1.00,0.00,0.00,0.33,-0.27,1.01,2.79,2.59,-32.84,1321.00
[04:29:01.674],-1.00,0.00,0.00,0.00,0.33,-0.27,1.01,2.79,2.59,-32.84,1321.00
[04:29:01.734],-1.00,0.00,0.00,0.00,-0.14,0.23,1.10,3.39,0.17,-36.81,1321.00
[04:29:01.735],-1.00,0.00,0.00,0.00,-0.14,0.23,1.10,3.39,0.17,-36.81,1321.00
[04:29:01.735],-1.00,0.00,0.00,0.00,-0.14,0.23,1.10,3.39,0.17,-36.81,1362.00
[04:29:01.735],-1.00,0.00,0.00,0.00,-0.06,0.32,0.93,-1.24,0.41,-43.71,1362.00
[04:29:01.802],-1.00,0.00,0.00,0.00,-0.06,0.32,0.93,-1.24,0.41,-43.71,1362.00
[04:29:01.802],-1.00,0.00,0.00,0.00,-0.06,0.32,0.93,-1.24,0.41,-43.71,1362.00
[04:29:01.802],-1.00,0.00,0.00,0.00,0.22,-0.20,1.01,2.21,2.04,-33.76,1362.00
[04:29:01.802],-1.00,0.00,0.00,0.00,0.22,-0.20,1.01,2.21,2.04,-33.76,1362.00
[04:29:01.802],-1.00,0.00,0.00,0.00,0.22,-0.20,1.01,2.21,2.04,-33.76,1266.00
[04:29:01.875],-1.00,0.00,0.00,0.00,-0.11,0.20,0.94,1.37,1.45,-37.94,1266.00
[04:29:01.875],-1.00,0.00,0.00,0.00,-0.11,0.20,0.94,1.37,1.45,-37.94,1266.00
[04:29:01.875],-1.00,0.00,0.00,0.00,-0.11,0.20,0.94,1.37,1.45,-37.94,1266.00
[04:29:01.875],-1.00,0.00,0.00,0.00,-0.17,-0.01,0.97,-3.74,-1.17,-38.16,1266.00
[04:29:01.941],-1.00,0.00,0.00,0.00,-0.17,-0.01,0.97,-3.74,-1.17,-38.16,1266.00
[04:29:01.941],-1.00,0.00,0.00,0.00,-0.17,-0.01,0.97,-3.74,-1.17,-38.16,1233.00
[04:29:01.948],-1.00,0.00,0.00,0.00,0.12,-0.08,1.07,2.00,0.23,-35.20,1233.00
[04:29:01.948],-1.00,0.00,0.00,0.00,0.12,-0.08,1.07,2.00,0.23,-35.20,1233.00
[04:29:02.024],-1.00,0.00,0.00,0.00,0.12,-0.08,1.07,2.00,0.23,-35.20,1233.00
[04:29:02.025],-1.00,0.00,0.00,0.00,0.71,0.08,0.95,4.47,2.00,-5.54,1233.00
[04:29:02.025],-1.00,0.00,0.00,0.00,0.71,0.08,0.95,4.47,2.00,-5.54,1268.00
[04:29:02.025],-1.00,0.00,0.00,0.00,0.71,0.08,0.95,4.47,2.00,-5.54,1268.00
[04:29:02.093],-1.00,0.00,0.00,0.00,0.06,0.03,1.02,-4.16,-1.68,-1.11,1268.00
[04:29:02.093],-1.00,0.00,0.00,0.00,0.06,0.03,1.02,-4.16,-1.68,-1.11,1268.00
[04:29:02.094],-1.00,0.00,0.00,0.00,0.06,0.03,1.02,-4.16,-1.68,-1.11,1268.00
[04:29:02.094],-1.00,0.00,0.00,0.00,0.03,-0.15,1.08,4.08,1.42,0.89,1268.00
[04:29:02.155],-1.00,0.00,0.00,0.00,0.03,-0.15,1.08,4.08,1.42,0.89,1313.00
[04:29:02.156],-1.00,0.00,0.00,0.00,0.03,-0.15,1.08,4.08,1.42,0.89,1313.00
[04:29:02.156],-1.00,0.00,0.00,0.00,0.01,0.23,0.91,-1.90,-2.05,0.78,1313.00
[04:29:02.156],-1.00,0.00,0.00,0.00,0.01,0.23,0.91,-1.90,-2.05,0.78,1313.00
[04:29:02.220],-1.00,0.00,0.00,0.00,0.01,0.23,0.91,-1.90,-2.05,0.78,1313.00
[04:29:02.220],-1.00,0.00,0.00,0.00,0.01,-0.01,1.09,-1.63,-2.46,2.14,1313.00
[04:29:02.220],-1.00,0.00,0.00,0.00,0.01,-0.01,1.09,-1.63,-2.46,2.14,1407.00
[04:29:02.220],-1.00,0.00,0.00,0.00,0.01,-0.01,1.09,-1.63,-2.46,2.14,1407.00
[04:29:02.220],-1.00,0.00,0.00,0.00,-0.03,-0.07,1.17,5.99,0.40,1.73,1407.00
[04:29:02.292],-1.00,0.00,0.00,0.00,-0.03,-0.07,1.17,5.99,0.40,1.73,1407.00
[04:29:02.313],-1.00,0.00,0.00,0.00,-0.03,-0.07,1.17,5.99,0.40,1.73,1407.00
[04:29:02.313],-1.00,0.00,0.00,0.00,0.03,0.22,0.88,-2.87,0.81,1.51,1320.00
[04:29:02.313],-1.00,0.00,0.00,0.00,0.03,0.22,0.88,-2.87,0.81,1.51,1320.00
[04:29:02.392],-1.00,0.00,0.00,0.00,0.03,0.22,0.88,-2.87,0.81,1.51,1320.00
[04:29:02.392],-1.00,-1.00,0.00,0.00,0.04,-0.44,1.22,2.94,-1.76,1.73,1320.00
[04:29:02.392],-1.00,-1.00,0.00,0.00,0.04,-0.44,1.22,2.94,-1.76,1.73,1320.00
[04:29:02.393],-1.00,-1.00,0.00,0.00,0.04,-0.44,1.22,2.94,-1.76,1.73,1320.00
[04:29:02.468],-1.00,-1.00,0.00,0.00,0.03,0.31,1.10,2.54,-0.93,1.48,1410.00
[04:29:02.468],-1.00,-1.00,0.00,0.00,0.03,0.31,1.10,2.54,-0.93,1.48,1410.00
[04:29:02.468],-1.00,-1.00,0.00,0.00,0.03,0.31,1.10,2.54,-0.93,1.48,1410.00
[04:29:02.468],-1.00,-1.00,0.00,0.00,-0.05,-0.03,0.91,-4.36,1.14,1.35,1410.00
[04:29:02.541],-1.00,-1.00,0.00,0.00,-0.05,-0.03,0.91,-4.36,1.14,1.35,1410.00
[04:29:02.542],-1.00,-1.00,0.00,0.00,-0.05,-0.03,0.91,-4.36,1.14,1.35,1410.00
[04:29:02.542],-1.00,-1.00,0.00,0.00,0.02,-0.05,1.16,1.74,1.00,1.10,1401.00
[04:29:02.542],-1.00,-1.00,0.00,0.00,0.02,-0.05,1.16,1.74,1.00,1.10,1401.00
[04:29:02.611],-1.00,-1.00,0.00,0.00,0.02,-0.05,1.16,1.74,1.00,1.10,1401.00
[04:29:02.611],-1.00,-1.00,0.00,0.00,0.00,0.20,1.02,4.23,3.26,1.65,1401.00
[04:29:02.611],-1.00,-1.00,0.00,0.00,0.00,0.20,1.02,4.23,3.26,1.65,1401.00
[04:29:02.611],-1.00,-1.00,0.00,0.00,0.00,0.20,1.02,4.23,3.26,1.65,1401.00
[04:29:02.680],-1.00,-1.00,0.00,0.00,0.01,0.11,0.93,-4.42,0.36,1.60,1441.00
[04:29:02.700],-1.00,-1.00,0.00,0.00,0.01,0.11,0.93,-4.42,0.36,1.60,1441.00
[04:29:02.700],-1.00,-1.00,0.00,0.00,0.01,0.11,0.93,-4.42,0.36,1.60,1441.00
[04:29:02.700],-1.00,-1.00,0.00,0.00,-0.20,-0.17,1.16,6.01,-7.73,-19.04,1441.00
[04:29:02.700],-1.00,-1.00,0.00,0.00,-0.20,-0.17,1.16,6.01,-7.73,-19.04,1441.00
[04:29:02.788],-1.00,0.00,0.00,0.00,-0.20,-0.17,1.16,6.01,-7.73,-19.04,1430.00
[04:29:02.788],-1.00,0.00,0.00,0.00,-0.39,0.21,0.84,-5.15,2.42,-36.19,1430.00
[04:29:02.789],-1.00,0.00,0.00,0.00,-0.39,0.21,0.84,-5.15,2.42,-36.19,1430.00
[04:29:02.789],-1.00,0.00,0.00,0.00,-0.39,0.21,0.84,-5.15,2.42,-36.19,1430.00
[04:29:02.875],-1.00,0.00,0.00,0.00,0.00,-0.04,1.13,4.96,0.19,-34.02,1430.00
[04:29:02.875],-1.00,0.00,0.00,0.00,0.00,-0.04,1.13,4.96,0.19,-34.02,1430.00
[04:29:02.876],-1.00,0.00,0.00,0.00,0.00,-0.04,1.13,4.96,0.19,-34.02,1580.00
[04:29:02.876],-1.00,0.00,0.00,0.00,-0.12,0.30,1.03,-1.57,4.25,-42.70,1580.00
[04:29:02.961],-1.00,0.00,0.00,0.00,-0.12,0.30,1.03,-1.57,4.25,-42.70,1580.00
[04:29:02.961],-1.00,0.00,0.00,0.00,-0.12,0.30,1.03,-1.57,4.25,-42.70,1580.00
[04:29:02.961],-1.00,0.00,0.00,0.00,0.24,-0.38,1.17,1.13,3.13,-33.26,1580.00
[04:29:02.961],-1.00,0.00,0.00,0.00,0.24,-0.38,1.17,1.13,3.13,-33.26,1580.00
[04:29:03.047],-1.00,0.00,0.00,0.00,0.24,-0.38,1.17,1.13,3.13,-33.26,1674.00
[04:29:03.047],-1.00,0.00,0.00,0.00,0.04,0.11,1.13,1.32,1.42,-37.49,1674.00
[04:29:03.048],-1.00,0.00,0.00,0.00,0.04,0.11,1.13,1.32,1.42,-37.49,1674.00
[04:29:03.048],-1.00,0.00,0.00,0.00,0.04,0.11,1.13,1.32,1.42,-37.49,1674.00
[04:29:03.151],-1.00,0.00,0.00,0.00,-0.22,0.35,1.25,-0.67,0.40,-44.49,1674.00
[04:29:03.152],-1.00,0.00,0.00,0.00,-0.22,0.35,1.25,-0.67,0.40,-44.49,1869.00
[04:29:03.152],-1.00,0.00,0.00,0.00,-0.22,0.35,1.25,-0.67,0.40,-44.49,1869.00
[04:29:03.152],-1.00,0.00,0.00,0.00,0.58,-0.34,1.14,3.44,9.82,-8.75,1869.00
[04:29:03.248],-1.00,0.00,0.00,0.00,0.58,-0.34,1.14,3.44,9.82,-8.75,1869.00
[04:29:03.248],-1.00,0.00,0.00,0.00,0.58,-0.34,1.14,3.44,9.82,-8.75,1869.00
[04:29:03.249],-1.00,0.00,0.00,0.00,0.25,-0.02,1.00,1.47,0.94,-1.28,1869.00
[04:29:03.249],-1.00,0.00,0.00,0.00,0.25,-0.02,1.00,1.47,0.94,-1.28,1897.00
[04:29:03.249],-1.00,0.00,0.00,0.00,0.25,-0.02,1.00,1.47,0.94,-1.28,1897.00
[04:29:03.341],-1.00,0.00,0.00,0.00,0.06,-0.04,1.06,-3.41,-1.55,0.21,1897.00
[04:29:03.341],-1.00,0.00,0.00,0.00,0.06,-0.04,1.06,-3.41,-1.55,0.21,1897.00
[04:29:03.341],-1.00,0.00,0.00,0.00,0.06,-0.04,1.06,-3.41,-1.55,0.21,1897.00
[04:29:03.341],-1.00,0.00,0.00,0.00,0.02,-0.05,1.07,1.33,1.30,1.65,1897.00
[04:29:03.436],-1.00,0.00,0.00,0.00,0.02,-0.05,1.07,1.33,1.30,1.65,1881.00
[04:29:03.436],-1.00,0.00,0.00,0.00,0.02,-0.05,1.07,1.33,1.30,1.65,1881.00
[04:29:03.437],-1.00,0.00,0.00,0.00,-0.01,0.16,1.06,3.51,-0.35,1.23,1881.00
[04:29:03.437],-1.00,0.00,0.00,0.00,-0.01,0.16,1.06,3.51,-0.35,1.23,1881.00
[04:29:03.526],-1.00,0.00,0.00,0.00,-0.01,0.16,1.06,3.51,-0.35,1.23,1881.00
[04:29:03.526],-1.00,0.00,0.00,0.00,0.17,-0.01,0.93,-3.73,0.18,1.63,1881.00
[04:29:03.526],-1.00,0.00,0.00,0.00,0.17,-0.01,0.93,-3.73,0.18,1.63,1994.00
[04:29:03.547],-1.00,0.00,0.00,0.00,0.17,-0.01,0.93,-3.73,0.18,1.63,1994.00
[04:29:03.645],-1.00,0.00,0.00,0.00,-0.04,-0.14,1.15,5.07,1.13,1.60,1994.00
[04:29:03.645],-1.00,0.00,0.00,0.00,-0.04,-0.14,1.15,5.07,1.13,1.60,1994.00
[04:29:03.645],-1.00,0.00,0.00,0.00,-0.04,-0.14,1.15,5.07,1.13,1.60,1994.00
[04:29:03.646],1.00,0.00,0.00,0.00,-0.04,0.01,1.03,-2.22,1.54,1.58,1965.00
[04:29:03.738],1.00,0.00,0.00,0.00,-0.04,0.01,1.03,-2.22,1.54,1.58,1965.00
[04:29:03.739],1.00,0.00,0.00,0.00,-0.04,0.01,1.03,-2.22,1.54,1.58,1965.00
[04:29:03.739],1.00,0.00,0.00,0.00,-0.01,-0.66,1.19,8.05,1.21,1.22,1965.00
[04:29:03.739],1.00,0.00,0.00,0.00,-0.01,-0.66,1.19,8.05,1.21,1.22,1965.00
[04:29:03.829],1.00,0.00,0.00,0.00,-0.01,-0.66,1.19,8.05,1.21,1.22,1965.00
[04:29:03.830],1.00,0.00,0.00,0.00,0.03,-0.64,0.87,1.88,0.57,1.64,2024.00
[04:29:03.830],1.00,0.00,0.00,0.00,0.03,-0.64,0.87,1.88,0.57,1.64,2024.00
[04:29:03.830],1.00,0.00,0.00,0.00,0.03,-0.64,0.87,1.88,0.57,1.64,2024.00
[04:29:03.830],1.00,0.00,0.00,0.00,0.00,-0.54,1.07,3.71,0.75,1.28,2024.00
[04:29:03.923],1.00,0.00,0.00,0.00,0.00,-0.54,1.07,3.71,0.75,1.28,2024.00
[04:29:03.923],1.00,0.00,0.00,0.00,0.00,-0.54,1.07,3.71,0.75,1.28,2024.00
[04:29:03.923],1.00,0.00,0.00,0.00,0.02,-0.54,1.09,2.24,0.86,1.24,1974.00
[04:29:03.923],1.00,0.00,0.00,0.00,0.02,-0.54,1.09,2.24,0.86,1.24,1974.00
[04:29:04.011],1.00,0.00,0.00,0.00,0.02,-0.54,1.09,2.24,0.86,1.24,1974.00
[04:29:04.011],1.00,0.00,0.00,0.00,0.01,-0.64,1.07,2.01,0.60,1.21,1974.00
[04:29:04.021],1.00,0.00,0.00,0.00,0.01,-0.64,1.07,2.01,0.60,1.21,1974.00
[04:29:04.021],1.00,0.00,0.00,0.00,0.01,-0.64,1.07,2.01,0.60,1.21,1972.00
[04:29:04.117],1.00,0.00,0.00,0.00,-0.06,-0.67,0.93,1.50,0.68,1.50,1972.00
[04:29:04.117],1.00,0.00,0.00,0.00,-0.06,-0.67,0.93,1.50,0.68,1.50,1972.00
[04:29:04.117],1.00,0.00,0.00,0.00,-0.06,-0.67,0.93,1.50,0.68,1.50,1972.00
[04:29:04.117],1.00,0.00,0.00,0.00,0.02,-0.66,0.99,1.43,1.05,1.83,1972.00
[04:29:04.208],1.00,0.00,0.00,0.00,0.02,-0.66,0.99,1.43,1.05,1.83,1972.00
[04:29:04.208],1.00,0.00,0.00,0.00,0.02,-0.66,0.99,1.43,1.05,1.83,1920.00
[04:29:04.209],1.00,0.00,0.00,0.00,-0.17,-0.66,0.98,0.99,1.07,1.56,1920.00
[04:29:04.209],1.00,0.00,0.00,0.00,-0.17,-0.66,0.98,0.99,1.07,1.56,1920.00
[04:29:04.294],1.00,0.00,0.00,0.00,-0.17,-0.66,0.98,0.99,1.07,1.56,1920.00
[04:29:04.294],1.00,0.00,0.00,0.00,0.19,-0.48,1.26,1.12,0.60,1.49,1920.00
[04:29:04.295],1.00,0.00,0.00,0.00,0.19,-0.48,1.26,1.12,0.60,1.49,1920.00
[04:29:04.295],1.00,0.00,0.00,0.00,0.19,-0.48,1.26,1.12,0.60,1.49,1879.00
[04:29:04.390],1.00,0.00,0.00,0.00,-0.22,-0.46,1.28,-3.75,0.96,1.31,1879.00
[04:29:04.391],1.00,0.00,0.00,0.00,-0.22,-0.46,1.28,-3.75,0.96,1.31,1879.00
[04:29:04.391],1.00,0.00,0.00,0.00,-0.22,-0.46,1.28,-3.75,0.96,1.31,1879.00
[04:29:04.391],1.00,0.00,0.00,0.00,-0.18,0.25,1.07,-0.53,0.77,1.30,1879.00
[04:29:04.391],1.00,0.00,0.00,0.00,-0.18,0.25,1.07,-0.53,0.77,1.30,1781.00
[04:29:04.482],1.00,0.00,0.00,0.00,-0.18,0.25,1.07,-0.53,0.77,1.30,1781.00
[04:29:04.493],1.00,0.00,0.00,0.00,-0.04,0.14,1.04,-2.73,0.55,1.40,1781.00
[04:29:04.493],1.00,0.00,0.00,0.00,-0.04,0.14,1.04,-2.73,0.55,1.40,1781.00
[04:29:04.493],1.00,0.00,0.00,0.00,-0.04,0.14,1.04,-2.73,0.55,1.40,1781.00
[04:29:04.588],1.00,0.00,0.00,0.00,0.07,0.22,1.08,-6.85,0.63,1.48,1781.00
[04:29:04.589],1.00,0.00,0.00,0.00,0.07,0.22,1.08,-6.85,0.63,1.48,1820.00
[04:29:04.589],1.00,0.00,0.00,0.00,0.07,0.22,1.08,-6.85,0.63,1.48,1820.00
[04:29:04.589],1.00,0.00,0.00,0.00,0.32,-0.20,1.13,3.57,0.60,1.28,1820.00
[04:29:04.676],1.00,0.00,0.00,0.00,0.32,-0.20,1.13,3.57,0.60,1.28,1820.00
[04:29:04.677],1.00,0.00,0.00,0.00,0.32,-0.20,1.13,3.57,0.60,1.28,1820.00
[04:29:04.677],1.00,0.00,0.00,0.00,0.24,-0.02,1.30,4.03,0.70,1.42,1820.00
[04:29:04.677],1.00,0.00,0.00,0.00,0.24,-0.02,1.30,4.03,0.70,1.42,1720.00
[04:29:04.770],1.00,0.00,0.00,0.00,0.24,-0.02,1.30,4.03,0.70,1.42,1720.00
[04:29:04.770],1.00,0.00,0.00,0.00,0.04,0.22,0.99,-8.90,0.82,1.45,1720.00
[04:29:04.770],1.00,0.00,0.00,0.00,0.04,0.22,0.99,-8.90,0.82,1.45,1720.00
[04:29:04.770],1.00,0.00,0.00,0.00,0.04,0.22,0.99,-8.90,0.82,1.45,1720.00
[04:29:04.848],1.00,0.00,0.00,0.00,-0.10,-0.03,1.31,2.26,0.74,1.59,1720.00
[04:29:04.848],1.00,0.00,0.00,0.00,-0.10,-0.03,1.31,2.26,0.74,1.59,1650.00
[04:29:04.848],1.00,0.00,0.00,0.00,-0.10,-0.03,1.31,2.26,0.74,1.59,1650.00
[04:29:04.848],1.00,0.00,0.00,0.00,0.13,0.03,1.01,4.41,0.84,1.50,1650.00
[04:29:04.928],1.00,0.00,0.00,0.00,0.13,0.03,1.01,4.41,0.84,1.50,1650.00
[04:29:04.939],1.00,0.00,0.00,0.00,0.13,0.03,1.01,4.41,0.84,1.50,1650.00
[04:29:04.939],1.00,0.00,0.00,0.00,-0.02,0.26,1.08,0.14,0.62,1.35,1676.00
[04:29:04.939],1.00,0.00,0.00,0.00,-0.02,0.26,1.08,0.14,0.62,1.35,1676.00
[04:29:04.939],1.00,0.00,0.00,0.00,-0.02,0.26,1.08,0.14,0.62,1.35,1676.00
[04:29:05.022],1.00,0.00,0.00,0.00,0.23,-0.66,1.01,5.75,0.59,1.33,1676.00
[04:29:05.022],1.00,0.00,0.00,0.00,0.23,-0.66,1.01,5.75,0.59,1.33,1676.00
[04:29:05.022],1.00,0.00,0.00,0.00,0.23,-0.66,1.01,5.75,0.59,1.33,1676.00
[04:29:05.023],1.00,0.00,0.00,0.00,-0.02,0.56,0.88,-2.66,0.80,1.42,1609.00
[04:29:05.102],1.00,0.00,0.00,0.00,-0.02,0.56,0.88,-2.66,0.80,1.42,1609.00
[04:29:05.102],1.00,0.00,0.00,0.00,-0.02,0.56,0.88,-2.66,0.80,1.42,1609.00
[04:29:05.102],1.00,0.00,0.00,0.00,-0.08,-0.42,1.05,4.58,0.67,1.76,1609.00
[04:29:05.103],1.00,0.00,0.00,0.00,-0.08,-0.42,1.05,4.58,0.67,1.76,1609.00
[04:29:05.175],1.00,0.00,0.00,0.00,-0.08,-0.42,1.05,4.58,0.67,1.76,1609.00
[04:29:05.176],1.00,0.00,0.00,0.00,-0.12,0.16,0.97,5.64,0.58,1.35,1450.00
[04:29:05.176],1.00,0.00,0.00,0.00,-0.12,0.16,0.97,5.64,0.58,1.35,1450.00
[04:29:05.176],1.00,0.00,0.00,0.00,-0.12,0.16,0.97,5.64,0.58,1.35,1450.00
[04:29:05.244],1.00,0.00,0.00,0.00,0.05,0.16,0.73,-2.07,0.81,1.37,1450.00
[04:29:05.244],1.00,0.00,0.00,0.00,0.05,0.16,0.73,-2.07,0.81,1.37,1450.00
[04:29:05.245],1.00,0.00,0.00,0.00,0.05,0.16,0.73,-2.07,0.81,1.37,1470.00
[04:29:05.245],1.00,0.00,0.00,0.00,-0.05,-0.38,1.01,2.09,0.57,1.52,1470.00
[04:29:05.350],1.00,0.00,0.00,0.00,-0.05,-0.38,1.01,2.09,0.57,1.52,1470.00
[04:29:05.350],1.00,0.00,0.00,0.00,-0.05,-0.38,1.01,2.09,0.57,1.52,1470.00
[04:29:05.350],1.00,0.00,0.00,0.00,0.02,0.02,1.27,1.69,0.86,1.54,1470.00
[04:29:05.350],1.00,0.00,0.00,0.00,0.02,0.02,1.27,1.69,0.86,1.54,1470.00
[04:29:05.432],1.00,1.00,0.00,0.00,0.02,0.02,1.27,1.69,0.86,1.54,1367.00
[04:29:05.433],1.00,1.00,0.00,0.00,0.13,-0.01,0.99,-0.17,0.47,1.51,1367.00
[04:29:05.433],1.00,1.00,0.00,0.00,0.13,-0.01,0.99,-0.17,0.47,1.51,1367.00
[04:29:05.433],1.00,1.00,0.00,0.00,0.13,-0.01,0.99,-0.17,0.47,1.51,1367.00
[04:29:05.433],1.00,1.00,0.00,0.00,0.00,-0.15,1.24,-4.48,0.81,1.45,1367.00
[04:29:05.512],1.00,1.00,0.00,0.00,0.00,-0.15,1.24,-4.48,0.81,1.45,1367.00
[04:29:05.512],1.00,1.00,0.00,0.00,0.00,-0.15,1.24,-4.48,0.81,1.45,1411.00
[04:29:05.513],1.00,1.00,0.00,0.00,0.07,-0.17,1.33,10.60,0.81,1.56,1411.00
[04:29:05.513],1.00,1.00,0.00,0.00,0.07,-0.17,1.33,10.60,0.81,1.56,1411.00
[04:29:05.591],1.00,1.00,0.00,0.00,0.07,-0.17,1.33,10.60,0.81,1.56,1411.00
[04:29:05.591],1.00,1.00,0.00,0.00,-0.04,0.25,1.07,-4.07,0.77,1.53,1411.00
[04:29:05.592],1.00,1.00,0.00,0.00,-0.04,0.25,1.07,-4.07,0.77,1.53,1411.00
[04:29:05.592],1.00,1.00,0.00,0.00,-0.04,0.25,1.07,-4.07,0.77,1.53,1292.00
[04:29:05.671],1.00,1.00,0.00,0.00,-0.22,-0.13,1.24,-3.21,0.88,1.64,1292.00
[04:29:05.672],1.00,1.00,0.00,0.00,-0.22,-0.13,1.24,-3.21,0.88,1.64,1292.00
[04:29:05.672],1.00,1.00,0.00,0.00,-0.22,-0.13,1.24,-3.21,0.88,1.64,1292.00
[04:29:05.682],1.00,1.00,0.00,0.00,0.43,-0.12,1.07,3.68,0.79,1.19,1292.00
[04:29:05.766],1.00,1.00,0.00,0.00,0.43,-0.12,1.07,3.68,0.79,1.19,1199.00
[04:29:05.766],1.00,1.00,0.00,0.00,0.43,-0.12,1.07,3.68,0.79,1.19,1199.00
[04:29:05.766],1.00,1.00,0.00,0.00,-0.76,0.32,0.89,5.84,-7.59,-45.20,1199.00
[04:29:05.767],1.00,1.00,0.00,0.00,-0.76,0.32,0.89,5.84,-7.59,-45.20,1199.00
[04:29:05.850],1.00,1.00,0.00,0.00,-0.76,0.32,0.89,5.84,-7.59,-45.20,1199.00
[04:29:05.850],1.00,1.00,0.00,0.00,-0.25,0.16,1.09,-9.70,7.78,-62.28,1199.00
[04:29:05.850],1.00,1.00,0.00,0.00,-0.25,0.16,1.09,-9.70,7.78,-62.28,1376.00
[04:29:05.850],1.00,1.00,0.00,0.00,-0.25,0.16,1.09,-9.70,7.78,-62.28,1376.00
[04:29:05.933],1.00,1.00,0.00,0.00,-0.44,-0.10,1.06,6.12,-4.77,-82.57,1376.00
[04:29:05.933],1.00,1.00,0.00,0.00,-0.44,-0.10,1.06,6.12,-4.77,-82.57,1376.00
[04:29:05.934],1.00,1.00,0.00,0.00,-0.44,-0.10,1.06,6.12,-4.77,-82.57,1376.00
[04:29:05.934],1.00,1.00,0.00,0.00,-0.24,0.30,0.86,-3.09,4.50,-74.15,1376.00
[04:29:05.934],1.00,1.00,0.00,0.00,-0.24,0.30,0.86,-3.09,4.50,-74.15,1665.00
[04:29:06.020],1.00,1.00,0.00,0.00,-0.24,0.30,0.86,-3.09,4.50,-74.15,1665.00
[04:29:06.020],1.00,1.00,0.00,0.00,-0.15,-0.07,0.87,-5.09,4.99,-74.91,1665.00
[04:29:06.020],1.00,1.00,0.00,0.00,-0.15,-0.07,0.87,-5.09,4.99,-74.91,1665.00
[04:29:06.020],1.00,1.00,0.00,0.00,-0.15,-0.07,0.87,-5.09,4.99,-74.91,1665.00
[04:29:06.094],1.00,1.00,0.00,0.00,-0.51,-0.42,0.79,7.46,-5.02,-87.30,1940.00
[04:29:06.095],1.00,1.00,0.00,0.00,-0.51,-0.42,0.79,7.46,-5.02,-87.30,1940.00
[04:29:06.105],1.00,1.00,0.00,0.00,-0.51,-0.42,0.79,7.46,-5.02,-87.30,1940.00
[04:29:06.105],1.00,1.00,0.00,0.00,0.27,0.45,1.22,-2.76,4.54,-76.84,1940.00
[04:29:06.197],1.00,1.00,0.00,0.00,0.27,0.45,1.22,-2.76,4.54,-76.84,1940.00
[04:29:06.197],1.00,1.00,0.00,0.00,0.27,0.45,1.22,-2.76,4.54,-76.84,1940.00
[04:29:06.197],1.00,1.00,0.00,0.00,-0.28,0.16,0.84,-5.30,5.63,-75.95,2102.00
[04:29:06.198],1.00,1.00,0.00,0.00,-0.28,0.16,0.84,-5.30,5.63,-75.95,2102.00
[04:29:06.284],1.00,1.00,0.00,0.00,-0.28,0.16,0.84,-5.30,5.63,-75.95,2102.00
[04:29:06.285],1.00,1.00,0.00,0.00,-0.53,-0.20,1.16,2.82,-6.38,-84.35,2102.00
[04:29:06.285],1.00,1.00,0.00,0.00,-0.53,-0.20,1.16,2.82,-6.38,-84.35,2102.00
[04:29:06.285],1.00,1.00,0.00,0.00,-0.53,-0.20,1.16,2.82,-6.38,-84.35,2102.00
[04:29:06.368],1.00,1.00,0.00,0.00,-0.19,-0.13,1.15,4.42,-0.01,-80.35,3000.00
[04:29:06.369],1.00,1.00,0.00,0.00,-0.19,-0.13,1.15,4.42,-0.01,-80.35,3000.00
[04:29:06.369],1.00,1.00,0.00,0.00,-0.19,-0.13,1.15,4.42,-0.01,-80.35,3000.00
[04:29:06.369],1.00,1.00,0.00,0.00,-0.18,-0.23,0.97,-6.77,9.93,-77.70,3000.00
[04:29:06.451],1.00,1.00,0.00,0.00,-0.18,-0.23,0.97,-6.77,9.93,-77.70,3000.00
[04:29:06.451],1.00,1.00,0.00,0.00,-0.18,-0.23,0.97,-6.77,9.93,-77.70,3000.00
[04:29:06.451],1.00,1.00,0.00,0.00,-0.24,-0.18,0.98,1.62,-4.05,-84.91,3000.00
[04:29:06.451],1.00,1.00,0.00,0.00,-0.24,-0.18,0.98,1.62,-4.05,-84.91,3000.00
[04:29:06.452],1.00,1.00,0.00,0.00,-0.24,-0.18,0.98,1.62,-4.05,-84.91,3000.00
[04:29:06.528],1.00,1.00,0.00,0.00,0.22,0.28,0.99,4.71,0.00,-81.34,3000.00
[04:29:06.542],1.00,1.00,0.00,0.00,0.22,0.28,0.99,4.71,0.00,-81.34,3000.00
[04:29:06.542],1.00,1.00,0.00,0.00,0.22,0.28,0.99,4.71,0.00,-81.34,3000.00
[04:29:06.542],1.00,1.00,0.00,0.00,-0.02,0.27,0.84,-1.23,3.57,-73.16,3000.00
[04:29:06.635],1.00,1.00,0.00,0.00,-0.02,0.27,0.84,-1.23,3.57,-73.16,3000.00
[04:29:06.635],1.00,1.00,0.00,0.00,-0.02,0.27,0.84,-1.23,3.57,-73.16,3000.00
[04:29:06.635],1.00,1.00,0.00,0.00,-0.37,-0.34,1.04,2.64,-6.21,-87.02,3000.00
[04:29:06.636],1.00,1.00,0.00,0.00,-0.37,-0.34,1.04,2.64,-6.21,-87.02,3000.00
[04:29:06.721],1.00,1.00,0.00,0.00,-0.37,-0.34,1.04,2.64,-6.21,-87.02,3000.00
[04:29:06.721],1.00,1.00,0.00,0.00,0.07,0.21,0.83,2.55,1.42,-82.32,3000.00
[04:29:06.722],1.00,1.00,0.00,0.00,0.07,0.21,0.83,2.55,1.42,-82.32,3000.00
[04:29:06.722],1.00,1.00,0.00,0.00,0.07,0.21,0.83,2.55,1.42,-82.32,3000.00
[04:29:06.806],1.00,1.00,0.00,0.00,0.23,0.21,1.04,-0.51,5.42,-74.58,3000.00
[04:29:06.807],1.00,1.00,0.00,0.00,0.23,0.21,1.04,-0.51,5.42,-74.58,3000.00
[04:29:06.807],1.00,1.00,0.00,0.00,0.23,0.21,1.04,-0.51,5.42,-74.58,3000.00
[04:29:06.807],1.00,1.00,0.00,0.00,-0.22,-0.53,0.98,3.35,-7.05,-88.26,3000.00
[04:29:06.890],1.00,1.00,0.00,0.00,-0.22,-0.53,0.98,3.35,-7.05,-88.26,3000.00
[04:29:06.890],1.00,1.00,0.00,0.00,-0.22,-0.53,0.98,3.35,-7.05,-88.26,3000.00
[04:29:06.890],1.00,1.00,0.00,0.00,-0.05,0.49,1.34,2.28,1.52,-83.03,3000.00
[04:29:06.891],1.00,1.00,0.00,0.00,-0.05,0.49,1.34,2.28,1.52,-83.03,3000.00
[04:29:06.969],1.00,1.00,0.00,0.00,-0.05,0.49,1.34,2.28,1.52,-83.03,3000.00
[04:29:06.980],1.00,1.00,0.00,0.00,0.12,0.32,1.22,-0.60,5.46,-75.35,3000.00
[04:29:06.980],1.00,1.00,0.00,0.00,0.12,0.32,1.22,-0.60,5.46,-75.35,3000.00
[04:29:06.980],1.00,1.00,0.00,0.00,0.12,0.32,1.22,-0.60,5.46,-75.35,3000.00
[04:29:06.980],1.00,1.00,0.00,0.00,-0.19,-0.04,0.66,-4.22,4.95,-74.72,3000.00
[04:29:07.066],1.00,1.00,0.00,0.00,-0.19,-0.04,0.66,-4.22,4.95,-74.72,3000.00
[04:29:07.066],1.00,1.00,0.00,0.00,-0.19,-0.04,0.66,-4.22,4.95,-74.72,3000.00
[04:29:07.067],1.00,1.00,0.00,0.00,-0.16,-0.47,1.09,7.19,-7.09,-86.03,3000.00
[04:29:07.067],1.00,1.00,0.00,0.00,-0.16,-0.47,1.09,7.19,-7.09,-86.03,3000.00
[04:29:07.142],1.00,1.00,0.00,0.00,-0.16,-0.47,1.09,7.19,-7.09,-86.03,3000.00
[04:29:07.142],1.00,1.00,0.00,0.00,-0.15,0.58,1.06,-3.14,4.74,-75.90,3000.00
[04:29:07.142],1.00,1.00,0.00,0.00,-0.15,0.58,1.06,-3.14,4.74,-75.90,3000.00
[04:29:07.142],1.00,1.00,0.00,0.00,-0.15,0.58,1.06,-3.14,4.74,-75.90,3000.00
[04:29:07.221],1.00,1.00,0.00,0.00,-0.30,-0.11,0.94,-4.71,5.51,-75.47,3000.00
[04:29:07.221],1.00,1.00,0.00,0.00,-0.30,-0.11,0.94,-4.71,5.51,-75.47,3000.00
[04:29:07.221],1.00,1.00,0.00,0.00,-0.30,-0.11,0.94,-4.71,5.51,-75.47,3000.00
[04:29:07.221],1.00,1.00,0.00,0.00,-0.02,0.10,0.90,3.01,-6.25,-83.70,3000.00
[04:29:07.307],1.00,1.00,0.00,0.00,-0.02,0.10,0.90,3.01,-6.25,-83.70,3000.00
[04:29:07.307],1.00,1.00,0.00,0.00,-0.02,0.10,0.90,3.01,-6.25,-83.70,3000.00
[04:29:07.308],1.00,1.00,0.00,0.00,-0.31,0.09,1.24,4.45,0.12,-79.96,3000.00
[04:29:07.308],1.00,1.00,0.00,0.00,-0.31,0.09,1.24,4.45,0.12,-79.96,3000.00
[04:29:07.423],1.00,1.00,0.00,0.00,-0.31,0.09,1.24,4.45,0.12,-79.96,3000.00
[04:29:07.424],1.00,1.00,0.00,0.00,-0.32,-0.11,1.01,-6.86,9.81,-77.50,2374.00
[04:29:07.424],1.00,1.00,0.00,0.00,-0.32,-0.11,1.01,-6.86,9.81,-77.50,2374.00
[04:29:07.424],1.00,1.00,0.00,0.00,-0.32,-0.11,1.01,-6.86,9.81,-77.50,2374.00
[04:29:07.504],1.00,0.00,0.00,0.00,-0.35,-0.25,0.94,1.52,-4.56,-84.59,2374.00
[04:29:07.504],1.00,0.00,0.00,0.00,-0.35,-0.25,0.94,1.52,-4.56,-84.59,2374.00
[04:29:07.505],1.00,0.00,0.00,0.00,-0.35,-0.25,0.94,1.52,-4.56,-84.59,2374.00
[04:29:07.505],1.00,0.00,0.00,0.00,-0.19,0.08,1.11,4.48,-0.43,-81.35,2033.00
[04:29:07.505],1.00,0.00,0.00,0.00,-0.19,0.08,1.11,4.48,-0.43,-81.35,2033.00
[04:29:07.581],1.00,0.00,0.00,0.00,-0.19,0.08,1.11,4.48,-0.43,-81.35,2033.00
[04:29:07.581],1.00,0.00,0.00,0.00,-0.28,0.05,1.05,-6.84,9.37,-78.38,2033.00
[04:29:07.582],1.00,0.00,0.00,0.00,-0.28,0.05,1.05,-6.84,9.37,-78.38,2033.00
[04:29:07.582],1.00,0.00,0.00,0.00,-0.28,0.05,1.05,-6.84,9.37,-78.38,2033.00
[04:29:07.650],1.00,0.00,0.00,0.00,-0.50,-0.26,1.06,1.18,-4.47,-85.36,1737.00
[04:29:07.651],1.00,0.00,0.00,0.00,-0.50,-0.26,1.06,1.18,-4.47,-85.36,1737.00
[04:29:07.651],1.00,0.00,0.00,0.00,-0.50,-0.26,1.06,1.18,-4.47,-85.36,1737.00
[04:29:07.651],1.00,0.00,0.00,0.00,-0.42,0.06,1.08,4.79,-0.25,-82.46,1737.00
[04:29:07.718],1.00,0.00,0.00,0.00,-0.42,0.06,1.08,4.79,-0.25,-82.46,1737.00
[04:29:07.719],1.00,0.00,0.00,0.00,-0.42,0.06,1.08,4.79,-0.25,-82.46,1588.00
[04:29:07.719],1.00,0.00,0.00,0.00,0.03,0.18,0.70,-1.28,3.57,-73.56,1588.00
[04:29:07.726],1.00,0.00,0.00,0.00,0.03,0.18,0.70,-1.28,3.57,-73.56,1588.00
[04:29:07.803],1.00,0.00,0.00,0.00,0.03,0.18,0.70,-1.28,3.57,-73.56,1588.00
[04:29:07.803],1.00,0.00,0.00,0.00,0.37,-0.40,1.31,3.30,9.04,-40.13,1588.00
[04:29:07.803],1.00,0.00,0.00,0.00,0.37,-0.40,1.31,3.30,9.04,-40.13,1588.00
[04:29:07.804],1.00,0.00,0.00,0.00,0.37,-0.40,1.31,3.30,9.04,-40.13,1459.00
[04:29:07.873],1.00,0.00,0.00,0.00,0.27,-0.12,1.01,5.25,8.26,-9.26,1459.00
[04:29:07.873],1.00,0.00,0.00,0.00,0.27,-0.12,1.01,5.25,8.26,-9.26,1459.00
[04:29:07.873],1.00,0.00,0.00,0.00,0.27,-0.12,1.01,5.25,8.26,-9.26,1459.00
[04:29:07.873],1.00,0.00,0.00,0.00,0.05,0.14,0.94,-1.81,-3.11,-3.31,1459.00
[04:29:07.942],1.00,0.00,0.00,0.00,0.05,0.14,0.94,-1.81,-3.11,-3.31,1459.00
[04:29:07.942],1.00,0.00,0.00,0.00,0.05,0.14,0.94,-1.81,-3.11,-3.31,1354.00
[04:29:07.943],1.00,0.00,0.00,0.00,0.14,-0.27,1.19,-3.76,-3.51,-0.77,1354.00
[04:29:07.943],1.00,0.00,0.00,0.00,0.14,-0.27,1.19,-3.76,-3.51,-0.77,1354.00
[04:29:07.943],1.00,0.00,0.00,0.00,0.14,-0.27,1.19,-3.76,-3.51,-0.77,1354.00
[04:29:08.009],1.00,0.00,0.00,0.00,0.04,-0.31,1.15,7.68,-1.25,0.69,1354.00
[04:29:08.010],1.00,0.00,0.00,0.00,0.04,-0.31,1.15,7.68,-1.25,0.69,1244.00
[04:29:08.010],1.00,0.00,0.00,0.00,0.04,-0.31,1.15,7.68,-1.25,0.69,1244.00
[04:29:08.010],1.00,0.00,0.00,0.00,0.04,-0.04,0.93,-2.36,1.98,0.39,1244.00
[04:29:08.081],1.00,0.00,0.00,0.00,0.04,-0.04,0.93,-2.36,1.98,0.39,1244.00
[04:29:08.081],1.00,0.00,0.00,0.00,0.04,-0.04,0.93,-2.36,1.98,0.39,1244.00
[04:29:08.101],1.00,0.00,0.00,0.00,0.01,-0.09,0.99,-5.19,2.00,1.93,1244.00
[04:29:08.102],1.00,0.00,0.00,0.00,0.01,-0.09,0.99,-5.19,2.00,1.93,1258.00
[04:29:08.176],1.00,0.00,0.00,0.00,0.01,-0.09,0.99,-5.19,2.00,1.93,1258.00
[04:29:08.177],1.00,0.00,0.00,0.00,-0.12,-0.08,1.17,3.38,0.23,1.68,1258.00
[04:29:08.177],1.00,-1.00,0.00,0.00,-0.12,-0.08,1.17,3.38,0.23,1.68,1258.00
[04:29:08.177],1.00,-1.00,0.00,0.00,-0.12,-0.08,1.17,3.38,0.23,1.68,1258.00
[04:29:08.243],1.00,-1.00,0.00,0.00,0.14,0.12,0.90,6.20,0.73,1.38,1258.00
[04:29:08.243],1.00,-1.00,0.00,0.00,0.14,0.12,0.90,6.20,0.73,1.38,1167.00
[04:29:08.243],1.00,-1.00,0.00,0.00,0.14,0.12,0.90,6.20,0.73,1.38,1167.00
[04:29:08.243],1.00,-1.00,0.00,0.00,-0.31,-0.06,0.83,-9.52,1.19,1.81,1167.00
[04:29:08.306],1.00,-1.00,0.00,0.00,-0.31,-0.06,0.83,-9.52,1.19,1.81,1167.00
[04:29:08.307],1.00,-1.00,0.00,0.00,-0.31,-0.06,0.83,-9.52,1.19,1.81,1167.00
[04:29:08.307],1.00,-1.00,0.00,0.00,0.12,-0.11,1.43,1.79,0.78,1.27,1037.00
[04:29:08.307],1.00,-1.00,0.00,0.00,0.12,-0.11,1.43,1.79,0.78,1.27,1037.00
[04:29:08.376],1.00,-1.00,0.00,0.00,0.12,-0.11,1.43,1.79,0.78,1.27,1037.00
[04:29:08.376],1.00,-1.00,0.00,0.00,0.22,0.13,1.02,4.17,0.56,1.68,1037.00
[04:29:08.376],1.00,-1.00,0.00,0.00,0.22,0.13,1.02,4.17,0.56,1.68,1037.00
[04:29:08.376],1.00,-1.00,0.00,0.00,0.22,0.13,1.02,4.17,0.56,1.68,1037.00
[04:29:08.377],1.00,-1.00,0.00,0.00,-0.11,0.53,0.84,0.00,0.99,1.35,1058.00
[04:29:08.446],1.00,-1.00,0.00,0.00,-0.11,0.53,0.84,0.00,0.99,1.35,1058.00
[04:29:08.455],1.00,-1.00,0.00,0.00,-0.11,0.53,0.84,0.00,0.99,1.35,1058.00
[04:29:08.455],1.00,-1.00,0.00,0.00,0.14,0.28,0.97,-4.54,4.21,10.03,1058.00
[04:29:08.456],1.00,-1.00,0.00,0.00,0.14,0.28,0.97,-4.54,4.21,10.03,1058.00
[04:29:08.537],1.00,-1.00,0.00,0.00,0.14,0.28,0.97,-4.54,4.21,10.03,1058.00
[04:29:08.537],1.00,-1.00,0.00,0.00,0.57,-0.27,1.02,6.49,7.62,62.00,995.00
[04:29:08.537],1.00,-1.00,0.00,0.00,0.57,-0.27,1.02,6.49,7.62,62.00,995.00
[04:29:08.537],1.00,-1.00,0.00,0.00,0.57,-0.27,1.02,6.49,7.62,62.00,995.00
[04:29:08.603],1.00,-1.00,0.00,0.00,0.35,0.24,1.34,-2.89,-1.48,65.38,995.00
[04:29:08.603],1.00,-1.00,0.00,0.00,0.35,0.24,1.34,-2.89,-1.48,65.38,995.00
[04:29:08.604],1.00,-1.00,0.00,0.00,0.35,0.24,1.34,-2.89,-1.48,65.38,995.00
[04:29:08.604],1.00,-1.00,0.00,0.00,0.50,-0.28,1.06,2.70,8.39,82.23,1069.00
[04:29:08.671],1.00,-1.00,0.00,0.00,0.50,-0.28,1.06,2.70,8.39,82.23,1069.00
[04:29:08.671],1.00,-1.00,0.00,0.00,0.50,-0.28,1.06,2.70,8.39,82.23,1069.00
[04:29:08.671],1.00,-1.00,0.00,0.00,0.22,-0.11,0.89,2.83,-0.01,79.37,1069.00
[04:29:08.672],1.00,-1.00,0.00,0.00,0.22,-0.11,0.89,2.83,-0.01,79.37,1069.00
[04:29:08.739],1.00,-1.00,0.00,0.00,0.22,-0.11,0.89,2.83,-0.01,79.37,1055.00
[04:29:08.739],1.00,-1.00,0.00,0.00,-0.27,0.20,0.92,-0.24,-4.22,72.68,1055.00
[04:29:08.740],1.00,-1.00,0.00,0.00,-0.27,0.20,0.92,-0.24,-4.22,72.68,1055.00
[04:29:08.740],1.00,-1.00,0.00,0.00,-0.27,0.20,0.92,-0.24,-4.22,72.68,1055.00
[04:29:08.807],1.00,-1.00,0.00,0.00,0.66,-0.57,1.09,3.22,8.37,85.30,1055.00
[04:29:08.817],1.00,-1.00,0.00,0.00,0.66,-0.57,1.09,3.22,8.37,85.30,1055.00
[04:29:08.817],1.00,-1.00,0.00,0.00,0.66,-0.57,1.09,3.22,8.37,85.30,1176.00
[04:29:08.818],1.00,-1.00,0.00,0.00,-0.03,0.32,1.25,2.42,-0.15,80.57,1176.00
[04:29:08.897],1.00,-1.00,0.00,0.00,-0.03,0.32,1.25,2.42,-0.15,80.57,1176.00
[04:29:08.897],1.00,-1.00,0.00,0.00,-0.03,0.32,1.25,2.42,-0.15,80.57,1176.00
[04:29:08.897],1.00,-1.00,0.00,0.00,0.01,-0.09,1.19,-0.75,-4.02,73.70,1176.00
[04:29:08.897],1.00,-1.00,0.00,0.00,0.01,-0.09,1.19,-0.75,-4.02,73.70,1176.00
[04:29:08.982],1.00,-1.00,0.00,0.00,0.01,-0.09,1.19,-0.75,-4.02,73.70,1247.00
[04:29:08.982],1.00,-1.00,0.00,0.00,0.42,0.05,0.89,-4.27,-3.38,73.09,1247.00
[04:29:08.982],1.00,-1.00,0.00,0.00,0.42,0.05,0.89,-4.27,-3.38,73.09,1247.00
[04:29:08.982],1.00,-1.00,0.00,0.00,0.42,0.05,0.89,-4.27,-3.38,73.09,1247.00
[04:29:09.068],1.00,-1.00,0.00,0.00,0.23,-0.26,1.21,7.17,8.61,84.10,1247.00
[04:29:09.069],1.00,-1.00,0.00,0.00,0.23,-0.26,1.21,7.17,8.61,84.10,1412.00
[04:29:09.069],1.00,-1.00,0.00,0.00,0.23,-0.26,1.21,7.17,8.61,84.10,1412.00
[04:29:09.069],1.00,-1.00,0.00,0.00,-0.09,0.29,0.64,-2.75,-3.50,74.15,1412.00
[04:29:09.155],1.00,-1.00,0.00,0.00,-0.09,0.29,0.64,-2.75,-3.50,74.15,1412.00
[04:29:09.156],1.00,-1.00,0.00,0.00,-0.09,0.29,0.64,-2.75,-3.50,74.15,1412.00
[04:29:09.156],1.00,-1.00,0.00,0.00,0.04,0.01,0.87,-4.81,-3.76,74.04,1412.00
[04:29:09.156],1.00,-1.00,0.00,0.00,0.04,0.01,0.87,-4.81,-3.76,74.04,1630.00
[04:29:09.240],1.00,-1.00,0.00,0.00,0.04,0.01,0.87,-4.81,-3.76,74.04,1630.00
[04:29:09.250],1.00,-1.00,0.00,0.00,-0.05,0.03,1.26,2.95,7.69,81.76,1630.00
[04:29:09.250],1.00,-1.00,0.00,0.00,-0.05,0.03,1.26,2.95,7.69,81.76,1630.00
[04:29:09.251],1.00,-1.00,0.00,0.00,-0.05,0.03,1.26,2.95,7.69,81.76,1630.00
[04:29:09.251],1.00,-1.00,0.00,0.00,-0.12,0.01,1.17,4.67,1.45,78.39,1630.00
[04:29:09.346],1.00,-1.00,0.00,0.00,-0.12,0.01,1.17,4.67,1.45,78.39,2294.00
[04:29:09.347],1.00,-1.00,0.00,0.00,-0.12,0.01,1.17,4.67,1.45,78.39,2294.00
[04:29:09.347],1.00,-1.00,0.00,0.00,-0.08,0.14,0.94,-6.63,-8.12,75.84,2294.00
[04:29:09.347],1.00,-1.00,0.00,0.00,-0.08,0.14,0.94,-6.63,-8.12,75.84,2294.00
[04:29:09.435],1.00,-1.00,0.00,0.00,-0.08,0.14,0.94,-6.63,-8.12,75.84,2294.00
[04:29:09.436],1.00,-1.00,0.00,0.00,-0.30,-0.10,0.97,1.58,5.85,82.41,2294.00
[04:29:09.436],1.00,-1.00,0.00,0.00,-0.30,-0.10,0.97,1.58,5.85,82.41,3000.00
[04:29:09.436],1.00,-1.00,0.00,0.00,-0.30,-0.10,0.97,1.58,5.85,82.41,3000.00
[04:29:09.522],1.00,-1.00,0.00,0.00,0.12,0.30,1.12,4.56,1.15,79.79,3000.00
[04:29:09.523],1.00,-1.00,0.00,0.00,0.12,0.30,1.12,4.56,1.15,79.79,3000.00
[04:29:09.523],1.00,-1.00,0.00,0.00,0.12,0.30,1.12,4.56,1.15,79.79,3000.00
[04:29:09.523],1.00,-1.00,0.00,0.00,0.09,0.13,1.03,-0.71,-2.25,71.16,3000.00
[04:29:09.604],1.00,-1.00,0.00,0.00,0.09,0.13,1.03,-0.71,-2.25,71.16,3000.00
[04:29:09.605],1.00,-1.00,0.00,0.00,0.09,0.13,1.03,-0.71,-2.25,71.16,3000.00
[04:29:09.605],1.00,-1.00,0.00,0.00,0.33,-0.31,1.26,2.86,7.87,84.62,3000.00
[04:29:09.605],1.00,-1.00,0.00,0.00,0.33,-0.31,1.26,2.86,7.87,84.62,3000.00
[04:29:09.713],1.00,-1.00,0.00,0.00,0.33,-0.31,1.26,2.86,7.87,84.62,3000.00
[04:29:09.714],1.00,-1.00,0.00,0.00,-0.27,0.25,1.22,2.62,0.14,80.07,3000.00
[04:29:09.714],1.00,-1.00,0.00,0.00,-0.27,0.25,1.22,2.62,0.14,80.07,3000.00
[04:29:09.714],1.00,-1.00,0.00,0.00,-0.27,0.25,1.22,2.62,0.14,80.07,3000.00
[04:29:09.806],1.00,-1.00,0.00,0.00,-0.04,0.23,0.85,-0.75,-4.03,73.11,3000.00
[04:29:09.806],1.00,-1.00,0.00,0.00,-0.04,0.23,0.85,-0.75,-4.03,73.11,3000.00
[04:29:09.806],1.00,-1.00,0.00,0.00,-0.04,0.23,0.85,-0.75,-4.03,73.11,3000.00
[04:29:09.806],1.00,-1.00,0.00,0.00,0.19,-0.40,1.05,3.37,8.51,85.94,3000.00
[04:29:09.806],1.00,-1.00,0.00,0.00,0.19,-0.40,1.05,3.37,8.51,85.94,3000.00
[04:29:09.889],1.00,-1.00,0.00,0.00,0.19,-0.40,1.05,3.37,8.51,85.94,3000.00
[04:29:09.889],1.00,-1.00,0.00,0.00,-0.01,0.49,1.07,-2.17,-4.12,68.99,3000.00
[04:29:09.889],1.00,-1.00,0.00,0.00,-0.01,0.49,1.07,-2.17,-4.12,68.99,3000.00
[04:29:09.889],1.00,-1.00,0.00,0.00,-0.01,0.49,1.07,-2.17,-4.12,68.99,3000.00
[04:29:09.983],1.00,-1.00,0.00,0.00,0.53,-0.10,1.49,4.30,8.82,82.44,3000.00
[04:29:09.984],1.00,-1.00,0.00,0.00,0.53,-0.10,1.49,4.30,8.82,82.44,3000.00
[04:29:09.984],1.00,-1.00,0.00,0.00,0.53,-0.10,1.49,4.30,8.82,82.44,3000.00
[04:29:09.984],1.00,-1.00,0.00,0.00,0.03,0.21,0.82,4.37,1.40,78.56,3000.00
[04:29:10.061],1.00,-1.00,0.00,0.00,0.03,0.21,0.82,4.37,1.40,78.56,3000.00
[04:29:10.061],1.00,-1.00,0.00,0.00,0.03,0.21,0.82,4.37,1.40,78.56,3000.00
[04:29:10.061],1.00,-1.00,0.00,0.00,0.48,0.11,1.08,-6.74,-8.16,75.74,3000.00
[04:29:10.070],1.00,-1.00,0.00,0.00,0.48,0.11,1.08,-6.74,-8.16,75.74,3000.00
[04:29:10.151],1.00,-1.00,0.00,0.00,0.48,0.11,1.08,-6.74,-8.16,75.74,3000.00
[04:29:10.151],1.00,-1.00,0.00,0.00,0.19,-0.32,1.25,1.83,5.61,82.65,3000.00
[04:29:10.152],1.00,-1.00,0.00,0.00,0.19,-0.32,1.25,1.83,5.61,82.65,3000.00
[04:29:10.152],1.00,-1.00,0.00,0.00,0.19,-0.32,1.25,1.83,5.61,82.65,3000.00
[04:29:10.226],1.00,-1.00,0.00,0.00,0.18,-0.02,1.64,5.00,1.45,79.60,3000.00
[04:29:10.226],1.00,-1.00,0.00,0.00,0.18,-0.02,1.64,5.00,1.45,79.60,3000.00
[04:29:10.226],1.00,-1.00,0.00,0.00,0.18,-0.02,1.64,5.00,1.45,79.60,3000.00
[04:29:10.227],1.00,-1.00,0.00,0.00,0.02,0.27,1.15,-0.97,-1.72,71.62,3000.00
[04:29:10.300],1.00,-1.00,0.00,0.00,0.02,0.27,1.15,-0.97,-1.72,71.62,3000.00
[04:29:10.301],1.00,-1.00,0.00,0.00,0.02,0.27,1.15,-0.97,-1.72,71.62,3000.00
[04:29:10.301],1.00,-1.00,0.00,0.00,0.52,-0.44,0.85,2.83,7.47,84.65,3000.00
[04:29:10.301],1.00,-1.00,0.00,0.00,0.52,-0.44,0.85,2.83,7.47,84.65,3000.00
[04:29:10.301],1.00,-1.00,0.00,0.00,0.52,-0.44,0.85,2.83,7.47,84.65,3000.00
[04:29:10.376],1.00,-1.00,0.00,0.00,0.34,0.12,0.72,2.77,0.33,80.08,3000.00
[04:29:10.376],1.00,-1.00,0.00,0.00,0.34,0.12,0.72,2.77,0.33,80.08,3000.00
[04:29:10.376],1.00,-1.00,0.00,0.00,0.34,0.12,0.72,2.77,0.33,80.08,3000.00
[04:29:10.376],1.00,-1.00,0.00,0.00,0.21,0.12,0.93,-0.56,-3.69,73.05,3000.00
[04:29:10.449],1.00,-1.00,0.00,0.00,0.21,0.12,0.93,-0.56,-3.69,73.05,3000.00
[04:29:10.449],1.00,-1.00,0.00,0.00,0.21,0.12,0.93,-0.56,-3.69,73.05,3000.00
[04:29:10.472],1.00,-1.00,0.00,0.00,0.35,0.10,0.94,-4.26,-3.45,72.42,3000.00
[04:29:10.472],1.00,-1.00,0.00,0.00,0.35,0.10,0.94,-4.26,-3.45,72.42,3000.00
[04:29:10.558],1.00,-1.00,0.00,0.00,0.35,0.10,0.94,-4.26,-3.45,72.42,3000.00
[04:29:10.558],1.00,-1.00,0.00,0.00,0.19,-0.42,1.36,6.73,8.91,83.14,3000.00
[04:29:10.558],1.00,0.00,0.00,0.00,0.19,-0.42,1.36,6.73,8.91,83.14,3000.00
[04:29:10.558],1.00,0.00,0.00,0.00,0.19,-0.42,1.36,6.73,8.91,83.14,3000.00
[04:29:10.635],1.00,0.00,0.00,0.00,-0.12,0.26,1.08,-2.70,-3.44,73.82,3000.00
[04:29:10.636],1.00,0.00,0.00,0.00,-0.12,0.26,1.08,-2.70,-3.44,73.82,2829.00
[04:29:10.636],1.00,0.00,0.00,0.00,-0.12,0.26,1.08,-2.70,-3.44,73.82,2829.00
[04:29:10.636],1.00,0.00,0.00,0.00,0.05,0.21,1.04,-4.93,-3.58,73.46,2829.00
[04:29:10.712],1.00,0.00,0.00,0.00,0.05,0.21,1.04,-4.93,-3.58,73.46,2829.00
[04:29:10.712],1.00,0.00,0.00,0.00,0.05,0.21,1.04,-4.93,-3.58,73.46,2829.00
[04:29:10.713],1.00,0.00,0.00,0.00,0.07,-0.20,1.04,7.40,9.66,84.37,2507.00
[04:29:10.713],1.00,0.00,0.00,0.00,0.07,-0.20,1.04,7.40,9.66,84.37,2507.00
[04:29:10.799],1.00,0.00,0.00,0.00,0.07,-0.20,1.04,7.40,9.66,84.37,2507.00
[04:29:10.799],1.00,0.00,0.00,0.00,-0.02,0.48,0.93,-7.90,-5.70,70.17,2507.00
[04:29:10.799],1.00,0.00,0.00,0.00,-0.02,0.48,0.93,-7.90,-5.70,70.17,2507.00
[04:29:10.800],1.00,0.00,0.00,0.00,-0.02,0.48,0.93,-7.90,-5.70,70.17,2507.00
[04:29:10.800],1.00,0.00,0.00,0.00,0.30,-0.10,1.24,6.15,6.14,80.70,2110.00
[04:29:10.876],1.00,0.00,0.00,0.00,0.30,-0.10,1.24,6.15,6.14,80.70,2110.00
[04:29:10.883],1.00,0.00,0.00,0.00,0.30,-0.10,1.24,6.15,6.14,80.70,2110.00
[04:29:10.883],1.00,0.00,0.00,0.00,-0.22,0.56,0.95,-1.06,-7.09,49.92,2110.00
[04:29:10.883],1.00,0.00,0.00,0.00,-0.22,0.56,0.95,-1.06,-7.09,49.92,2110.00
[04:29:10.970],1.00,0.00,0.00,0.00,-0.22,0.56,0.95,-1.06,-7.09,49.92,2110.00
[04:29:10.971],1.00,0.00,0.00,0.00,-0.48,-0.50,1.24,4.51,-6.85,17.35,1988.00
[04:29:10.971],1.00,0.00,0.00,0.00,-0.48,-0.50,1.24,4.51,-6.85,17.35,1988.00
[04:29:10.971],1.00,0.00,0.00,0.00,-0.48,-0.50,1.24,4.51,-6.85,17.35,1988.00
[04:29:11.048],1.00,0.00,0.00,0.00,-0.13,0.17,1.04,2.93,-0.85,6.64,1988.00
[04:29:11.049],1.00,0.00,0.00,0.00,-0.13,0.17,1.04,2.93,-0.85,6.64,1988.00
[04:29:11.049],1.00,0.00,0.00,0.00,-0.13,0.17,1.04,2.93,-0.85,6.64,1890.00
[04:29:11.049],1.00,0.00,0.00,0.00,-0.04,0.16,0.85,-0.58,2.67,4.74,1890.00
[04:29:11.134],1.00,0.00,0.00,0.00,-0.04,0.16,0.85,-0.58,2.67,4.74,1890.00
[04:29:11.134],1.00,0.00,0.00,0.00,-0.04,0.16,0.85,-0.58,2.67,4.74,1890.00
[04:29:11.134],1.00,0.00,0.00,0.00,-0.18,0.03,0.92,-5.12,2.16,2.33,1890.00
[04:29:11.134],1.00,0.00,0.00,0.00,-0.18,0.03,0.92,-5.12,2.16,2.33,1890.00
[04:29:11.216],1.00,0.00,0.00,0.00,-0.18,0.03,0.92,-5.12,2.16,2.33,1744.00
[04:29:11.217],1.00,0.00,0.00,0.00,-0.05,-0.34,1.47,10.58,1.93,2.27,1744.00
[04:29:11.217],1.00,0.00,0.00,0.00,-0.05,-0.34,1.47,10.58,1.93,2.27,1744.00
[04:29:11.217],1.00,0.00,0.00,0.00,-0.05,-0.34,1.47,10.58,1.93,2.27,1744.00
[04:29:11.295],1.00,0.00,0.00,0.00,0.08,0.16,0.96,-2.63,0.39,0.98,1744.00
[04:29:11.317],1.00,0.00,0.00,0.00,0.08,0.16,0.96,-2.63,0.39,0.98,1744.00
[04:29:11.318],1.00,0.00,0.00,0.00,0.08,0.16,0.96,-2.63,0.39,0.98,1665.00
[04:29:11.318],1.00,0.00,0.00,0.00,0.13,0.10,1.15,-4.87,0.37,1.29,1665.00
[04:29:11.318],1.00,0.00,0.00,0.00,0.13,0.10,1.15,-4.87,0.37,1.29,1665.00
[04:29:11.410],1.00,1.00,0.00,0.00,0.13,0.10,1.15,-4.87,0.37,1.29,1665.00
[04:29:11.410],1.00,1.00,0.00,0.00,0.08,-0.10,1.30,3.79,0.74,1.24,1665.00
[04:29:11.410],1.00,1.00,0.00,0.00,0.08,-0.10,1.30,3.79,0.74,1.24,1665.00
[04:29:11.410],1.00,1.00,0.00,0.00,0.08,-0.10,1.30,3.79,0.74,1.24,1710.00
[04:29:11.493],1.00,1.00,0.00,0.00,0.00,-0.03,1.06,6.29,0.73,1.62,1710.00
[04:29:11.493],1.00,1.00,0.00,0.00,0.00,-0.03,1.06,6.29,0.73,1.62,1710.00
[04:29:11.494],1.00,1.00,0.00,0.00,0.00,-0.03,1.06,6.29,0.73,1.62,1710.00
[04:29:11.494],1.00,1.00,0.00,0.00,0.02,0.04,0.89,-1.82,0.62,1.52,1710.00
[04:29:11.573],1.00,1.00,0.00,0.00,0.02,0.04,0.89,-1.82,0.62,1.52,1690.00
[04:29:11.574],1.00,1.00,0.00,0.00,0.02,0.04,0.89,-1.82,0.62,1.52,1690.00
[04:29:11.574],1.00,1.00,0.00,0.00,-0.05,-0.56,1.39,2.59,0.53,1.67,1690.00
[04:29:11.574],1.00,1.00,0.00,0.00,-0.05,-0.56,1.39,2.59,0.53,1.67,1690.00
[04:29:11.656],1.00,1.00,0.00,0.00,-0.05,-0.56,1.39,2.59,0.53,1.67,1690.00
[04:29:11.657],1.00,1.00,0.00,0.00,-0.02,-0.09,0.78,1.75,0.80,1.68,1690.00
[04:29:11.657],1.00,1.00,0.00,0.00,-0.02,-0.09,0.78,1.75,0.80,1.68,1553.00
[04:29:11.657],1.00,1.00,0.00,0.00,-0.02,-0.09,0.78,1.75,0.80,1.68,1553.00
[04:29:11.753],1.00,1.00,0.00,0.00,0.04,0.12,0.82,-0.20,0.39,1.32,1553.00
[04:29:11.754],1.00,1.00,0.00,0.00,0.04,0.12,0.82,-0.20,0.39,1.32,1553.00
[04:29:11.754],1.00,1.00,0.00,0.00,0.04,0.12,0.82,-0.20,0.39,1.32,1553.00
[04:29:11.754],1.00,1.00,0.00,0.00,-1.14,-0.39,1.29,4.23,-9.08,-54.90,1553.00
[04:29:11.826],1.00,1.00,0.00,0.00,-1.14,-0.39,1.29,4.23,-9.08,-54.90,1590.00
[04:29:11.826],1.00,1.00,0.00,0.00,-1.14,-0.39,1.29,4.23,-9.08,-54.90,1590.00
[04:29:11.826],1.00,1.00,0.00,0.00,0.04,0.20,0.86,2.92,-0.76,-70.82,1590.00
[04:29:11.827],1.00,1.00,0.00,0.00,0.04,0.20,0.86,2.92,-0.76,-70.82,1590.00
[04:29:11.827],1.00,1.00,0.00,0.00,0.04,0.20,0.86,2.92,-0.76,-70.82,1590.00
[04:29:11.903],1.00,1.00,0.00,0.00,-0.14,-0.17,0.78,-6.69,7.60,-74.23,1750.00
[04:29:11.903],1.00,1.00,0.00,0.00,-0.14,-0.17,0.78,-6.69,7.60,-74.23,1750.00
[04:29:11.903],1.00,1.00,0.00,0.00,-0.14,-0.17,0.78,-6.69,7.60,-74.23,1750.00
[04:29:11.903],1.00,1.00,0.00,0.00,-0.17,-0.35,1.34,2.65,-2.17,-83.07,1750.00
[04:29:11.973],1.00,1.00,0.00,0.00,-0.17,-0.35,1.34,2.65,-2.17,-83.07,1750.00
[04:29:11.973],1.00,1.00,0.00,0.00,-0.17,-0.35,1.34,2.65,-2.17,-83.07,1750.00
[04:29:11.973],1.00,1.00,0.00,0.00,-0.32,0.25,1.16,4.31,-0.12,-81.25,2002.00
[04:29:11.973],1.00,1.00,0.00,0.00,-0.32,0.25,1.16,4.31,-0.12,-81.25,2002.00
[04:29:12.040],1.00,1.00,0.00,0.00,-0.32,0.25,1.16,4.31,-0.12,-81.25,2002.00
[04:29:12.041],1.00,1.00,0.00,0.00,-0.18,0.32,0.80,-1.25,3.23,-72.69,2002.00
[04:29:12.041],1.00,1.00,0.00,0.00,-0.18,0.32,0.80,-1.25,3.23,-72.69,2002.00
[04:29:12.064],1.00,1.00,0.00,0.00,-0.18,0.32,0.80,-1.25,3.23,-72.69,2002.00
[04:29:12.142],1.00,1.00,0.00,0.00,-0.30,-0.44,0.84,2.99,-6.41,-86.68,2335.00
[04:29:12.142],1.00,1.00,0.00,0.00,-0.30,-0.44,0.84,2.99,-6.41,-86.68,2335.00
[04:29:12.142],1.00,1.00,0.00,0.00,-0.30,-0.44,0.84,2.99,-6.41,-86.68,2335.00
[04:29:12.142],1.00,0.00,0.00,0.00,0.17,0.49,0.80,2.32,1.73,-82.06,2335.00
[04:29:12.212],1.00,0.00,0.00,0.00,0.17,0.49,0.80,2.32,1.73,-82.06,2335.00
[04:29:12.212],1.00,0.00,0.00,0.00,0.17,0.49,0.80,2.32,1.73,-82.06,2723.00
[04:29:12.212],1.00,0.00,0.00,0.00,0.25,0.19,0.67,-0.78,5.63,-74.66,2723.00
[04:29:12.212],1.00,0.00,0.00,0.00,0.25,0.19,0.67,-0.78,5.63,-74.66,2723.00
[04:29:12.283],1.00,0.00,0.00,0.00,0.25,0.19,0.67,-0.78,5.63,-74.66,2723.00
[04:29:12.283],1.00,0.00,0.00,0.00,-0.07,-0.27,1.14,3.21,-7.20,-87.96,2723.00
[04:29:12.283],1.00,0.00,0.00,0.00,-0.07,-0.27,1.14,3.21,-7.20,-87.96,2723.00
[04:29:12.283],1.00,0.00,0.00,0.00,-0.07,-0.27,1.14,3.21,-7.20,-87.96,3000.00
[04:29:12.284],1.00,0.00,0.00,0.00,-0.02,0.52,0.93,2.13,1.41,-83.08,3000.00
[04:29:12.356],1.00,0.00,0.00,0.00,-0.02,0.52,0.93,2.13,1.41,-83.08,3000.00
[04:29:12.357],1.00,0.00,0.00,0.00,-0.02,0.52,0.93,2.13,1.41,-83.08,3000.00
[04:29:12.357],1.00,0.00,0.00,0.00,-0.21,0.21,1.30,-0.76,5.90,-75.38,3000.00
[04:29:12.357],1.00,0.00,0.00,0.00,-0.21,0.21,1.30,-0.76,5.90,-75.38,3000.00
[04:29:12.426],1.00,0.00,0.00,0.00,-0.21,0.21,1.30,-0.76,5.90,-75.38,3000.00
[04:29:12.426],1.00,0.00,0.00,0.00,-0.26,0.03,1.01,-4.36,5.05,-74.81,3000.00
[04:29:12.433],1.00,0.00,0.00,0.00,-0.26,0.03,1.01,-4.36,5.05,-74.81,3000.00
[04:29:12.433],1.00,0.00,0.00,0.00,-0.26,0.03,1.01,-4.36,5.05,-74.81,3000.00
[04:29:12.516],1.00,0.00,0.00,0.00,0.72,-0.45,1.32,6.80,10.70,-33.48,3000.00
[04:29:12.517],1.00,0.00,0.00,0.00,0.72,-0.45,1.32,6.80,10.70,-33.48,3000.00
[04:29:12.517],1.00,0.00,0.00,0.00,0.72,-0.45,1.32,6.80,10.70,-33.48,3000.00
[04:29:12.517],1.00,0.00,0.00,0.00,0.46,-0.08,0.99,-2.13,0.02,-10.59,3000.00
[04:29:12.593],1.00,0.00,0.00,0.00,0.46,-0.08,0.99,-2.13,0.02,-10.59,3000.00
[04:29:12.593],1.00,0.00,0.00,0.00,0.46,-0.08,0.99,-2.13,0.02,-10.59,3000.00
[04:29:12.593],1.00,0.00,0.00,0.00,0.25,0.17,0.91,-4.91,-3.71,-3.98,3000.00
[04:29:12.594],1.00,0.00,0.00,0.00,0.25,0.17,0.91,-4.91,-3.71,-3.98,3000.00
[04:29:12.661],1.00,0.00,0.00,0.00,0.25,0.17,0.91,-4.91,-3.71,-3.98,3000.00
[04:29:12.662],1.00,0.00,0.00,0.00,0.23,-0.01,0.86,2.82,-0.96,-0.27,3000.00
[04:29:12.662],1.00,0.00,0.00,0.00,0.23,-0.01,0.86,2.82,-0.96,-0.27,3000.00
[04:29:12.662],1.00,0.00,0.00,0.00,0.23,-0.01,0.86,2.82,-0.96,-0.27,3000.00
[04:29:12.733],1.00,0.00,0.00,0.00,0.12,0.14,1.23,5.72,-0.06,0.48,3000.00
[04:29:12.733],1.00,0.00,0.00,0.00,0.12,0.14,1.23,5.72,-0.06,0.48,3000.00
[04:29:12.734],1.00,0.00,0.00,0.00,0.12,0.14,1.23,5.72,-0.06,0.48,3000.00
[04:29:12.734],1.00,0.00,0.00,0.00,0.06,-0.03,0.83,-9.28,0.94,1.45,3000.00
[04:29:12.734],1.00,0.00,0.00,0.00,0.06,-0.03,0.83,-9.28,0.94,1.45,3000.00
[04:29:12.808],1.00,0.00,0.00,0.00,0.06,-0.03,0.83,-9.28,0.94,1.45,3000.00
[04:29:12.815],1.00,0.00,0.00,0.00,-0.17,-0.46,1.04,2.02,1.05,1.36,3000.00
[04:29:12.816],1.00,0.00,0.00,0.00,-0.17,-0.46,1.04,2.02,1.05,1.36,3000.00
[04:29:12.816],1.00,0.00,0.00,0.00,-0.17,-0.46,1.04,2.02,1.05,1.36,3000.00
[04:29:12.894],1.00,0.00,0.00,0.00,0.13,0.04,0.95,4.03,0.54,1.54,3000.00
[04:29:12.894],1.00,0.00,0.00,0.00,0.13,0.04,0.95,4.03,0.54,1.54,3000.00
[04:29:12.894],1.00,0.00,0.00,0.00,0.13,0.04,0.95,4.03,0.54,1.54,3000.00
[04:29:12.895],1.00,0.00,0.00,0.00,0.15,0.11,0.97,0.09,0.84,1.75,3000.00
[04:29:12.966],1.00,0.00,0.00,0.00,0.15,0.11,0.97,0.09,0.84,1.75,3000.00
[04:29:12.967],1.00,0.00,0.00,0.00,0.15,0.11,0.97,0.09,0.84,1.75,3000.00
[04:29:12.967],1.00,0.00,0.00,0.00,-0.08,-0.15,0.59,-5.32,0.90,1.55,3000.00
[04:29:12.967],1.00,0.00,0.00,0.00,-0.08,-0.15,0.59,-5.32,0.90,1.55,3000.00
[04:29:13.039],1.00,0.00,0.00,0.00,-0.08,-0.15,0.59,-5.32,0.90,1.55,3000.00
[04:29:13.039],1.00,0.00,0.00,0.00,-0.21,-0.15,1.48,8.85,0.77,1.64,3000.00
[04:29:13.039],1.00,0.00,0.00,0.00,-0.21,-0.15,1.48,8.85,0.77,1.64,3000.00
[04:29:13.039],1.00,0.00,0.00,0.00,-0.21,-0.15,1.48,8.85,0.77,1.64,3000.00
[04:29:13.108],1.00,0.00,0.00,0.00,-0.16,0.37,1.10,-3.01,0.80,1.57,3000.00
[04:29:13.109],1.00,0.00,0.00,0.00,-0.16,0.37,1.10,-3.01,0.80,1.57,3000.00
[04:29:13.109],1.00,0.00,0.00,0.00,-0.16,0.37,1.10,-3.01,0.80,1.57,3000.00
[04:29:13.109],1.00,0.00,0.00,0.00,-0.23,0.03,1.06,-3.26,0.69,1.30,3000.00
[04:29:13.183],1.00,0.00,0.00,0.00,-0.23,0.03,1.06,-3.26,0.69,1.30,3000.00
[04:29:13.191],1.00,0.00,0.00,0.00,-0.23,0.03,1.06,-3.26,0.69,1.30,3000.00
[04:29:13.191],1.00,0.00,0.00,0.00,-0.15,-0.22,1.19,6.23,1.08,1.24,3000.00
[04:29:13.191],1.00,0.00,0.00,0.00,-0.15,-0.22,1.19,6.23,1.08,1.24,3000.00
[04:29:13.191],1.00,0.00,0.00,0.00,-0.15,-0.22,1.19,6.23,1.08,1.24,3000.00
[04:29:13.271],1.00,0.00,0.00,0.00,-0.06,0.05,1.13,4.47,0.82,1.47,3000.00
[04:29:13.271],1.00,0.00,0.00,0.00,-0.06,0.05,1.13,4.47,0.82,1.47,3000.00
[04:29:13.272],1.00,0.00,0.00,0.00,-0.06,0.05,1.13,4.47,0.82,1.47,3000.00
[04:29:13.272],1.00,0.00,0.00,0.00,-0.01,-0.12,0.87,-8.92,0.80,1.42,3000.00
[04:29:13.338],1.00,0.00,0.00,0.00,-0.01,-0.12,0.87,-8.92,0.80,1.42,3000.00
[04:29:13.339],1.00,0.00,0.00,0.00,-0.01,-0.12,0.87,-8.92,0.80,1.42,3000.00
[04:29:13.339],1.00,0.00,0.00,0.00,0.30,-0.31,1.22,2.07,1.04,1.48,3000.00
[04:29:13.339],1.00,0.00,0.00,0.00,0.30,-0.31,1.22,2.07,1.04,1.48,3000.00
[04:29:13.409],1.00,0.00,0.00,0.00,0.30,-0.31,1.22,2.07,1.04,1.48,3000.00
[04:29:13.410],1.00,0.00,0.00,0.00,-0.04,0.17,1.11,4.18,0.90,1.50,3000.00
[04:29:13.410],1.00,0.00,0.00,0.00,-0.04,0.17,1.11,4.18,0.90,1.50,3000.00
[04:29:13.410],1.00,0.00,0.00,0.00,-0.04,0.17,1.11,4.18,0.90,1.50,3000.00
[04:29:13.478],1.00,0.00,0.00,0.00,-0.24,0.47,1.12,0.01,0.83,1.75,3000.00
[04:29:13.479],1.00,0.00,0.00,0.00,-0.24,0.47,1.12,0.01,0.83,1.75,3000.00
[04:29:13.479],1.00,0.00,0.00,0.00,-0.24,0.47,1.12,0.01,0.83,1.75,3000.00
[04:29:13.479],1.00,0.00,0.00,0.00,0.18,0.11,0.84,-5.17,0.68,1.56,3000.00
[04:29:13.570],1.00,0.00,0.00,0.00,0.18,0.11,0.84,-5.17,0.68,1.56,3000.00
[04:29:13.571],1.00,0.00,0.00,0.00,0.18,0.11,0.84,-5.17,0.68,1.56,3000.00
[04:29:13.571],1.00,0.00,0.00,0.00,0.00,-0.22,1.44,8.91,0.64,1.76,3000.00
[04:29:13.571],1.00,0.00,0.00,0.00,0.00,-0.22,1.44,8.91,0.64,1.76,3000.00
[04:29:13.638],1.00,0.00,0.00,0.00,0.00,-0.22,1.44,8.91,0.64,1.76,3000.00
[04:29:13.638],1.00,0.00,0.00,0.00,-0.17,0.23,1.14,-1.83,0.79,1.54,3000.00
[04:29:13.638],1.00,0.00,0.00,0.00,-0.17,0.23,1.14,-1.83,0.79,1.54,3000.00
[04:29:13.638],1.00,0.00,0.00,0.00,-0.17,0.23,1.14,-1.83,0.79,1.54,3000.00
[04:29:13.638],1.00,0.00,0.00,0.00,0.06,-0.17,1.02,-4.94,0.67,1.63,3000.00
[04:29:13.716],1.00,0.00,0.00,0.00,0.06,-0.17,1.02,-4.94,0.67,1.63,3000.00
[04:29:13.716],1.00,0.00,0.00,0.00,0.06,-0.17,1.02,-4.94,0.67,1.63,3000.00
[04:29:13.717],1.00,0.00,0.00,0.00,-0.01,-0.33,1.10,3.55,0.64,1.39,3000.00
[04:29:13.717],1.00,0.00,0.00,0.00,-0.01,-0.33,1.10,3.55,0.64,1.39,3000.00
[04:29:13.786],1.00,0.00,0.00,0.00,-0.01,-0.33,1.10,3.55,0.64,1.39,3000.00
[04:29:13.787],1.00,0.00,0.00,0.00,0.08,0.52,1.01,6.57,0.68,1.30,3000.00
[04:29:13.787],1.00,0.00,0.00,0.00,0.08,0.52,1.01,6.57,0.68,1.30,3000.00
[04:29:13.787],1.00,0.00,0.00,0.00,0.08,0.52,1.01,6.57,0.68,1.30,3000.00
[04:29:13.850],1.00,0.00,0.00,0.00,-0.10,-0.21,1.05,-10.32,0.61,1.21,3000.00
[04:29:13.850],1.00,0.00,0.00,0.00,-0.10,-0.21,1.05,-10.32,0.61,1.21,3000.00
[04:29:13.850],1.00,0.00,0.00,0.00,-0.10,-0.21,1.05,-10.32,0.61,1.21,3000.00
[04:29:13.858],1.00,0.00,0.00,0.00,-0.22,-0.15,0.93,1.77,0.73,1.60,3000.00
[04:29:13.936],1.00,0.00,0.00,0.00,-0.22,-0.15,0.93,1.77,0.73,1.60,3000.00
[04:29:13.936],1.00,0.00,0.00,0.00,-0.22,-0.15,0.93,1.77,0.73,1.60,3000.00
[04:29:13.936],1.00,0.00,0.00,0.00,0.18,-0.08,1.07,3.84,0.78,1.62,3000.00
[04:29:13.936],1.00,0.00,0.00,0.00,0.18,-0.08,1.07,3.84,0.78,1.62,3000.00
[04:29:14.003],1.00,0.00,0.00,0.00,0.18,-0.08,1.07,3.84,0.78,1.62,3000.00
[04:29:14.003],1.00,0.00,0.00,0.00,0.21,0.57,1.11,-0.10,0.78,1.48,3000.00
[04:29:14.003],1.00,0.00,0.00,0.00,0.21,0.57,1.11,-0.10,0.78,1.48,3000.00
[04:29:14.003],1.00,0.00,0.00,0.00,0.21,0.57,1.11,-0.10,0.78,1.48,3000.00
[04:29:14.069],1.00,0.00,0.00,0.00,0.05,0.11,1.36,-5.35,0.41,1.38,3000.00
[04:29:14.070],1.00,0.00,0.00,0.00,0.05,0.11,1.36,-5.35,0.41,1.38,3000.00
[04:29:14.070],1.00,0.00,0.00,0.00,0.05,0.11,1.36,-5.35,0.41,1.38,3000.00
[04:29:14.070],1.00,0.00,0.00,0.00,-0.43,-0.29,1.09,9.07,0.79,1.31,3000.00
[04:29:14.070],1.00,0.00,0.00,0.00,-0.43,-0.29,1.09,9.07,0.79,1.31,3000.00
[04:29:14.138],1.00,0.00,0.00,0.00,-0.43,-0.29,1.09,9.07,0.79,1.31,3000.00
[04:29:14.139],1.00,0.00,0.00,0.00,-0.03,0.39,0.98,-1.96,0.92,1.51,3000.00
[04:29:14.139],1.00,0.00,0.00,0.00,-0.03,0.39,0.98,-1.96,0.92,1.51,3000.00
[04:29:14.139],1.00,0.00,0.00,0.00,-0.03,0.39,0.98,-1.96,0.92,1.51,3000.00
[04:29:14.208],1.00,0.00,0.00,0.00,-0.09,-0.11,0.75,-4.87,0.84,1.63,3000.00
[04:29:14.208],1.00,0.00,0.00,0.00,-0.09,-0.11,0.75,-4.87,0.84,1.63,3000.00
[04:29:14.215],1.00,0.00,0.00,0.00,-0.09,-0.11,0.75,-4.87,0.84,1.63,3000.00
[04:29:14.215],1.00,0.00,0.00,0.00,-0.10,-0.51,1.01,3.87,0.66,1.41,3000.00
[04:29:14.294],1.00,0.00,0.00,0.00,-0.10,-0.51,1.01,3.87,0.66,1.41,3000.00
[04:29:14.294],1.00,0.00,0.00,0.00,-0.10,-0.51,1.01,3.87,0.66,1.41,3000.00
[04:29:14.294],1.00,0.00,0.00,0.00,-0.13,0.14,1.14,6.20,0.86,1.18,3000.00
[04:29:14.294],1.00,0.00,0.00,0.00,-0.13,0.14,1.14,6.20,0.86,1.18,3000.00
[04:29:14.358],1.00,0.00,0.00,0.00,-0.13,0.14,1.14,6.20,0.86,1.18,3000.00
[04:29:14.359],1.00,0.00,0.00,0.00,-0.17,-0.09,0.95,-10.31,0.74,1.47,3000.00
[04:29:14.359],1.00,0.00,0.00,0.00,-0.17,-0.09,0.95,-10.31,0.74,1.47,3000.00
[04:29:14.359],1.00,0.00,0.00,0.00,-0.17,-0.09,0.95,-10.31,0.74,1.47,3000.00
[04:29:14.434],1.00,0.00,0.00,0.00,-0.05,-0.25,1.17,1.39,0.40,1.41,3000.00
[04:29:14.434],1.00,0.00,0.00,0.00,-0.05,-0.25,1.17,1.39,0.40,1.41,3000.00
[04:29:14.434],1.00,0.00,0.00,0.00,-0.05,-0.25,1.17,1.39,0.40,1.41,3000.00
[04:29:14.434],1.00,0.00,0.00,0.00,-0.09,0.17,1.21,3.85,0.53,1.34,3000.00
[04:29:14.502],1.00,0.00,0.00,0.00,-0.09,0.17,1.21,3.85,0.53,1.34,3000.00
[04:29:14.502],1.00,0.00,0.00,0.00,-0.09,0.17,1.21,3.85,0.53,1.34,3000.00
[04:29:14.502],1.00,0.00,0.00,0.00,-0.17,-0.10,0.94,-0.01,0.68,1.35,3000.00
[04:29:14.502],1.00,0.00,0.00,0.00,-0.17,-0.10,0.94,-0.01,0.68,1.35,3000.00
[04:29:14.502],1.00,0.00,0.00,0.00,-0.17,-0.10,0.94,-0.01,0.68,1.35,3000.00
[04:29:14.567],1.00,0.00,0.00,0.00,-0.20,-0.30,0.86,-5.34,0.56,1.22,3000.00
[04:29:14.575],1.00,0.00,0.00,0.00,-0.20,-0.30,0.86,-5.34,0.56,1.22,3000.00
[04:29:14.575],1.00,0.00,0.00,0.00,-0.20,-0.30,0.86,-5.34,0.56,1.22,3000.00
[04:29:14.575],1.00,0.00,0.00,0.00,0.08,-0.31,1.05,8.86,0.52,1.31,3000.00
[04:29:14.651],1.00,0.00,0.00,0.00,0.08,-0.31,1.05,8.86,0.52,1.31,3000.00
[04:29:14.651],1.00,0.00,0.00,0.00,0.08,-0.31,1.05,8.86,0.52,1.31,3000.00
[04:29:14.651],1.00,0.00,0.00,0.00,-0.23,0.14,1.02,-2.65,0.73,1.34,3000.00
[04:29:14.651],1.00,0.00,0.00,0.00,-0.23,0.14,1.02,-2.65,0.73,1.34,3000.00
[04:29:14.717],1.00,0.00,0.00,0.00,-0.23,0.14,1.02,-2.65,0.73,1.34,3000.00
[04:29:14.717],1.00,0.00,0.00,0.00,0.18,0.24,1.14,-4.90,0.76,1.37,3000.00
[04:29:14.717],1.00,0.00,0.00,0.00,0.18,0.24,1.14,-4.90,0.76,1.37,3000.00
[04:29:14.718],1.00,0.00,0.00,0.00,0.18,0.24,1.14,-4.90,0.76,1.37,3000.00
[04:29:14.783],1.00,0.00,0.00,0.00,-0.29,-0.03,1.22,3.82,0.71,1.47,3000.00
[04:29:14.784],1.00,0.00,0.00,0.00,-0.29,-0.03,1.22,3.82,0.71,1.47,3000.00
[04:29:14.784],1.00,0.00,0.00,0.00,-0.29,-0.03,1.22,3.82,0.71,1.47,3000.00
[04:29:14.784],1.00,0.00,0.00,0.00,-0.03,0.25,0.92,6.28,0.63,1.57,3000.00
[04:29:14.850],1.00,0.00,0.00,0.00,-0.03,0.25,0.92,6.28,0.63,1.57,3000.00
[04:29:14.850],1.00,0.00,0.00,0.00,-0.03,0.25,0.92,6.28,0.63,1.57,3000.00
[04:29:14.850],1.00,0.00,0.00,0.00,0.01,0.11,0.94,-9.99,0.84,1.44,3000.00
[04:29:14.851],1.00,0.00,0.00,0.00,0.01,0.11,0.94,-9.99,0.84,1.44,3000.00
[04:29:14.919],1.00,0.00,0.00,0.00,0.01,0.11,0.94,-9.99,0.84,1.44,3000.00
[04:29:14.939],1.00,0.00,0.00,0.00,0.04,0.25,1.34,3.50,0.67,1.34,3000.00
[04:29:14.939],1.00,0.00,0.00,0.00,0.04,0.25,1.34,3.50,0.67,1.34,3000.00
[04:29:14.939],1.00,0.00,0.00,0.00,0.04,0.25,1.34,3.50,0.67,1.34,3000.00
[04:29:14.939],1.00,0.00,0.00,0.00,0.06,-0.11,1.15,-3.79,0.61,1.74,3000.00
[04:29:15.022],1.00,1.00,0.00,0.00,0.06,-0.11,1.15,-3.79,0.61,1.74,3000.00
[04:29:15.022],1.00,1.00,0.00,0.00,0.06,-0.11,1.15,-3.79,0.61,1.74,3000.00
[04:29:15.022],1.00,1.00,0.00,0.00,0.05,-0.23,1.21,5.96,0.75,1.62,3000.00
[04:29:15.022],1.00,1.00,0.00,0.00,0.05,-0.23,1.21,5.96,0.75,1.62,3000.00
[04:29:15.097],1.00,1.00,0.00,0.00,0.05,-0.23,1.21,5.96,0.75,1.62,3000.00
[04:29:15.097],1.00,1.00,0.00,0.00,0.02,0.16,0.91,4.28,0.77,1.24,3000.00
[04:29:15.098],1.00,1.00,0.00,0.00,0.02,0.16,0.91,4.28,0.77,1.24,3000.00
[04:29:15.098],1.00,1.00,0.00,0.00,0.02,0.16,0.91,4.28,0.77,1.24,3000.00
[04:29:15.178],1.00,1.00,0.00,0.00,0.20,-0.03,0.70,-8.79,0.88,1.65,3000.00
[04:29:15.179],1.00,1.00,0.00,0.00,0.20,-0.03,0.70,-8.79,0.88,1.65,3000.00
[04:29:15.179],1.00,1.00,0.00,0.00,0.20,-0.03,0.70,-8.79,0.88,1.65,3000.00
[04:29:15.179],1.00,1.00,0.00,0.00,-0.08,-0.48,1.11,2.44,0.44,1.34,3000.00
[04:29:15.255],1.00,1.00,0.00,0.00,-0.08,-0.48,1.11,2.44,0.44,1.34,3000.00
[04:29:15.255],1.00,1.00,0.00,0.00,-0.08,-0.48,1.11,2.44,0.44,1.34,3000.00
[04:29:15.256],1.00,1.00,0.00,0.00,0.08,0.07,0.94,4.12,0.88,1.40,3000.00
[04:29:15.256],1.00,1.00,0.00,0.00,0.08,0.07,0.94,4.12,0.88,1.40,3000.00
[04:29:15.348],1.00,1.00,0.00,0.00,0.08,0.07,0.94,4.12,0.88,1.40,3000.00
[04:29:15.348],1.00,1.00,0.00,0.00,-0.23,0.45,0.78,-0.79,-4.51,-14.85,3000.00
[04:29:15.348],1.00,1.00,0.00,0.00,-0.23,0.45,0.78,-0.79,-4.51,-14.85,3000.00
[04:29:15.348],1.00,1.00,0.00,0.00,-0.23,0.45,0.78,-0.79,-4.51,-14.85,3000.00
[04:29:15.434],1.00,1.00,0.00,0.00,-1.01,-0.08,1.06,4.40,-7.56,-63.98,3000.00
[04:29:15.435],1.00,1.00,0.00,0.00,-1.01,-0.08,1.06,4.40,-7.56,-63.98,3000.00
[04:29:15.435],1.00,1.00,0.00,0.00,-1.01,-0.08,1.06,4.40,-7.56,-63.98,3000.00
[04:29:15.435],1.00,1.00,0.00,0.00,-0.28,0.12,0.93,2.58,-0.72,-73.06,3000.00
[04:29:15.436],1.00,1.00,0.00,0.00,-0.28,0.12,0.93,2.58,-0.72,-73.06,3000.00
[04:29:15.516],1.00,1.00,0.00,0.00,-0.28,0.12,0.93,2.58,-0.72,-73.06,3000.00
[04:29:15.516],1.00,1.00,0.00,0.00,-0.07,0.06,0.91,-6.95,8.71,-73.90,3000.00
[04:29:15.517],1.00,1.00,0.00,0.00,-0.07,0.06,0.91,-6.95,8.71,-73.90,3000.00
[04:29:15.517],1.00,1.00,0.00,0.00,-0.07,0.06,0.91,-6.95,8.71,-73.90,3000.00
[04:29:15.596],1.00,1.00,0.00,0.00,0.02,-0.15,1.07,2.98,-1.88,-82.14,3000.00
[04:29:15.596],1.00,1.00,0.00,0.00,0.02,-0.15,1.07,2.98,-1.88,-82.14,3000.00
[04:29:15.597],1.00,1.00,0.00,0.00,0.02,-0.15,1.07,2.98,-1.88,-82.14,3000.00
[04:29:15.597],1.00,1.00,0.00,0.00,-0.24,0.25,1.23,4.28,-0.35,-80.26,3000.00
[04:29:15.666],1.00,1.00,0.00,0.00,-0.24,0.25,1.23,4.28,-0.35,-80.26,3000.00
[04:29:15.666],1.00,1.00,0.00,0.00,-0.24,0.25,1.23,4.28,-0.35,-80.26,3000.00
[04:29:15.667],1.00,1.00,0.00,0.00,0.18,-0.03,1.15,-6.43,8.98,-77.27,3000.00
[04:29:15.676],1.00,1.00,0.00,0.00,0.18,-0.03,1.15,-6.43,8.98,-77.27,3000.00
[04:29:15.764],1.00,1.00,0.00,0.00,0.18,-0.03,1.15,-6.43,8.98,-77.27,3000.00
[04:29:15.764],1.00,1.00,0.00,0.00,-0.04,-0.19,1.25,1.25,-3.92,-84.69,3000.00
[04:29:15.764],1.00,1.00,0.00,0.00,-0.04,-0.19,1.25,1.25,-3.92,-84.69,3000.00
[04:29:15.764],1.00,1.00,0.00,0.00,-0.04,-0.19,1.25,1.25,-3.92,-84.69,3000.00
[04:29:15.840],1.00,1.00,0.00,0.00,0.11,0.02,1.39,4.56,-0.14,-81.22,3000.00
[04:29:15.841],1.00,1.00,0.00,0.00,0.11,0.02,1.39,4.56,-0.14,-81.22,3000.00
[04:29:15.841],1.00,1.00,0.00,0.00,0.11,0.02,1.39,4.56,-0.14,-81.22,3000.00
[04:29:15.841],1.00,1.00,0.00,0.00,-0.12,0.09,1.12,-6.61,9.75,-78.13,3000.00
[04:29:15.914],1.00,1.00,0.00,0.00,-0.12,0.09,1.12,-6.61,9.75,-78.13,3000.00
[04:29:15.914],1.00,1.00,0.00,0.00,-0.12,0.09,1.12,-6.61,9.75,-78.13,3000.00
[04:29:15.914],1.00,1.00,0.00,0.00,-0.04,-0.17,1.47,1.62,-4.12,-85.52,3000.00
[04:29:15.915],1.00,1.00,0.00,0.00,-0.04,-0.17,1.47,1.62,-4.12,-85.52,3000.00
[04:29:15.915],1.00,1.00,0.00,0.00,-0.04,-0.17,1.47,1.62,-4.12,-85.52,3000.00
[04:29:16.001],1.00,1.00,0.00,0.00,-0.09,0.26,1.10,4.43,-0.12,-82.18,3000.00
[04:29:16.002],1.00,1.00,0.00,0.00,-0.09,0.26,1.10,4.43,-0.12,-82.18,3000.00
[04:29:16.002],1.00,1.00,0.00,0.00,-0.09,0.26,1.10,4.43,-0.12,-82.18,3000.00
[04:29:16.002],1.00,1.00,0.00,0.00,0.30,0.18,1.00,-1.06,3.88,-73.53,3000.00
[04:29:16.087],1.00,1.00,0.00,0.00,0.30,0.18,1.00,-1.06,3.88,-73.53,3000.00
[04:29:16.087],1.00,1.00,0.00,0.00,0.30,0.18,1.00,-1.06,3.88,-73.53,3000.00
[04:29:16.098],1.00,1.00,0.00,0.00,-0.30,-0.21,1.17,2.79,-6.14,-87.72,3000.00
[04:29:16.098],1.00,1.00,0.00,0.00,-0.30,-0.21,1.17,2.79,-6.14,-87.72,3000.00
[04:29:16.187],1.00,1.00,0.00,0.00,-0.30,-0.21,1.17,2.79,-6.14,-87.72,3000.00
[04:29:16.188],1.00,1.00,0.00,0.00,-0.20,0.36,1.19,2.60,1.67,-82.67,3000.00
[04:29:16.188],1.00,1.00,0.00,0.00,-0.20,0.36,1.19,2.60,1.67,-82.67,3000.00
[04:29:16.188],1.00,1.00,0.00,0.00,-0.20,0.36,1.19,2.60,1.67,-82.67,3000.00
[04:29:16.263],1.00,1.00,0.00,0.00,-0.14,0.42,1.05,-0.66,5.64,-74.97,3000.00
[04:29:16.263],1.00,1.00,0.00,0.00,-0.14,0.42,1.05,-0.66,5.64,-74.97,3000.00
[04:29:16.263],1.00,1.00,0.00,0.00,-0.14,0.42,1.05,-0.66,5.64,-74.97,3000.00
[04:29:16.263],1.00,1.00,0.00,0.00,-0.32,-0.01,1.00,-4.14,5.23,-74.53,3000.00
[04:29:16.343],1.00,1.00,0.00,0.00,-0.32,-0.01,1.00,-4.14,5.23,-74.53,3000.00
[04:29:16.343],1.00,1.00,0.00,0.00,-0.32,-0.01,1.00,-4.14,5.23,-74.53,3000.00
[04:29:16.343],1.00,1.00,0.00,0.00,0.17,-0.31,0.83,7.09,-7.37,-85.12,3000.00
[04:29:16.344],1.00,1.00,0.00,0.00,0.17,-0.31,0.83,7.09,-7.37,-85.12,3000.00
[04:29:16.416],1.00,1.00,0.00,0.00,0.17,-0.31,0.83,7.09,-7.37,-85.12,3000.00
[04:29:16.416],1.00,1.00,0.00,0.00,0.02,0.11,0.94,-2.69,4.67,-75.58,3000.00
[04:29:16.416],1.00,1.00,0.00,0.00,0.02,0.11,0.94,-2.69,4.67,-75.58,3000.00
[04:29:16.416],1.00,1.00,0.00,0.00,0.02,0.11,0.94,-2.69,4.67,-75.58,3000.00
[04:29:16.417],1.00,1.00,0.00,0.00,-0.37,0.04,1.24,-4.89,5.46,-74.85,3000.00
[04:29:16.499],1.00,1.00,0.00,0.00,-0.37,0.04,1.24,-4.89,5.46,-74.85,3000.00
[04:29:16.509],1.00,1.00,0.00,0.00,-0.37,0.04,1.24,-4.89,5.46,-74.85,3000.00
[04:29:16.509],1.00,1.00,0.00,0.00,-0.37,-0.11,1.07,7.54,-8.31,-86.70,3000.00
[04:29:16.509],1.00,1.00,0.00,0.00,-0.37,-0.11,1.07,7.54,-8.31,-86.70,3000.00
[04:29:16.594],1.00,1.00,0.00,0.00,-0.37,-0.11,1.07,7.54,-8.31,-86.70,3000.00
[04:29:16.594],1.00,1.00,0.00,0.00,0.42,0.50,0.74,-2.87,4.87,-76.64,3000.00
[04:29:16.594],1.00,1.00,0.00,0.00,0.42,0.50,0.74,-2.87,4.87,-76.64,3000.00
[04:29:16.595],1.00,1.00,0.00,0.00,0.42,0.50,0.74,-2.87,4.87,-76.64,3000.00
[04:29:16.677],1.00,1.00,0.00,0.00,-0.09,0.05,1.29,-5.08,5.60,-76.12,3000.00
[04:29:16.677],1.00,1.00,0.00,0.00,-0.09,0.05,1.29,-5.08,5.60,-76.12,3000.00
[04:29:16.677],1.00,1.00,0.00,0.00,-0.09,0.05,1.29,-5.08,5.60,-76.12,3000.00
[04:29:16.677],1.00,1.00,0.00,0.00,-0.25,-0.35,1.24,3.06,-6.18,-84.36,3000.00
[04:29:16.750],1.00,1.00,0.00,0.00,-0.25,-0.35,1.24,3.06,-6.18,-84.36,3000.00
[04:29:16.750],1.00,1.00,0.00,0.00,-0.25,-0.35,1.24,3.06,-6.18,-84.36,3000.00
[04:29:16.751],1.00,1.00,0.00,0.00,-0.09,0.39,1.10,4.49,0.16,-80.64,3000.00
[04:29:16.751],1.00,1.00,0.00,0.00,-0.09,0.39,1.10,4.49,0.16,-80.64,3000.00
[04:29:16.827],1.00,1.00,0.00,0.00,-0.09,0.39,1.10,4.49,0.16,-80.64,3000.00
[04:29:16.827],1.00,1.00,0.00,0.00,0.05,-0.04,1.09,-6.73,9.77,-77.63,3000.00
[04:29:16.827],1.00,1.00,0.00,0.00,0.05,-0.04,1.09,-6.73,9.77,-77.63,3000.00
[04:29:16.828],1.00,1.00,0.00,0.00,0.05,-0.04,1.09,-6.73,9.77,-77.63,3000.00
[04:29:16.891],1.00,1.00,0.00,0.00,-0.39,-0.07,1.19,1.75,-4.69,-84.83,3000.00
[04:29:16.914],1.00,1.00,0.00,0.00,-0.39,-0.07,1.19,1.75,-4.69,-84.83,3000.00
[04:29:16.914],1.00,1.00,0.00,0.00,-0.39,-0.07,1.19,1.75,-4.69,-84.83,3000.00
[04:29:16.914],1.00,1.00,0.00,0.00,-0.19,0.29,1.19,4.68,-0.46,-81.81,3000.00
[04:29:16.915],1.00,1.00,0.00,0.00,-0.19,0.29,1.19,4.68,-0.46,-81.81,3000.00
[04:29:17.003],0.00,0.00,0.00,0.00,-0.19,0.29,1.19,4.68,-0.46,-81.81,3000.00
[04:29:17.004],0.00,0.00,0.00,0.00,-0.14,0.46,0.66,-4.92,7.07,-66.37,3000.00
[04:29:17.004],0.00,0.00,0.00,0.00,-0.14,0.46,0.66,-4.92,7.07,-66.37,3000.00
[04:29:17.004],0.00,0.00,0.00,0.00,-0.14,0.46,0.66,-4.92,7.07,-66.37,3000.00
[04:29:17.082],0.00,0.00,0.00,0.00,0.09,0.52,1.13,-0.23,3.33,-50.23,3000.00
[04:29:17.083],0.00,0.00,0.00,0.00,0.09,0.52,1.13,-0.23,3.33,-50.23,3000.00
[04:29:17.083],0.00,0.00,0.00,0.00,0.09,0.52,1.13,-0.23,3.33,-50.23,3000.00
[04:29:17.083],0.00,0.00,0.00,0.00,0.07,0.51,1.07,-0.08,1.85,-40.24,3000.00
[04:29:17.163],0.00,0.00,0.00,0.00,0.07,0.51,1.07,-0.08,1.85,-40.24,3000.00
[04:29:17.163],0.00,0.00,0.00,0.00,0.07,0.51,1.07,-0.08,1.85,-40.24,3000.00
[04:29:17.164],0.00,0.00,0.00,0.00,0.07,0.32,1.13,0.85,1.34,-32.77,3000.00
[04:29:17.164],0.00,0.00,0.00,0.00,0.07,0.32,1.13,0.85,1.34,-32.77,3000.00
[04:29:17.240],0.00,0.00,0.00,0.00,0.07,0.32,1.13,0.85,1.34,-32.77,3000.00
[04:29:17.240],0.00,0.00,0.00,0.00,0.00,0.34,1.12,1.15,0.99,-26.01,3000.00
[04:29:17.240],0.00,0.00,0.00,0.00,0.00,0.34,1.12,1.15,0.99,-26.01,3000.00
[04:29:17.240],0.00,0.00,0.00,0.00,0.00,0.34,1.12,1.15,0.99,-26.01,3000.00
[04:29:17.330],0.00,0.00,0.00,0.00,0.07,0.28,1.12,1.76,1.04,-21.10,3000.00
[04:29:17.330],0.00,0.00,0.00,0.00,0.07,0.28,1.12,1.76,1.04,-21.10,3000.00
[04:29:17.330],0.00,0.00,0.00,0.00,0.07,0.28,1.12,1.76,1.04,-21.10,3000.00
[04:29:17.330],0.00,0.00,0.00,0.00,0.26,0.14,1.02,1.68,0.32,-1.96,3000.00
[04:29:17.405],0.00,0.00,0.00,0.00,0.26,0.14,1.02,1.68,0.32,-1.96,3000.00
[04:29:17.405],0.00,0.00,0.00,0.00,0.26,0.14,1.02,1.68,0.32,-1.96,3000.00
[04:29:17.405],0.00,0.00,0.00,0.00,0.09,0.16,1.02,1.67,-0.65,0.92,3000.00
[04:29:17.406],0.00,0.00,0.00,0.00,0.09,0.16,1.02,1.67,-0.65,0.92,3000.00
[04:29:17.406],0.00,0.00,0.00,0.00,0.09,0.16,1.02,1.67,-0.65,0.92,3000.00
[04:29:17.489],0.00,0.00,0.00,0.00,0.03,0.14,1.06,1.97,1.79,1.20,3000.00
[04:29:17.489],0.00,0.00,0.00,0.00,0.03,0.14,1.06,1.97,1.79,1.20,3000.00
[04:29:17.489],0.00,0.00,0.00,0.00,0.03,0.14,1.06,1.97,1.79,1.20,3000.00
[04:29:17.489],0.00,0.00,0.00,0.00,0.01,0.14,1.05,1.76,3.44,1.82,3000.00
[04:29:17.567],0.00,0.00,0.00,0.00,0.01,0.14,1.05,1.76,3.44,1.82,3000.00
[04:29:17.567],0.00,0.00,0.00,0.00,0.01,0.14,1.05,1.76,3.44,1.82,3000.00
[04:29:17.567],0.00,0.00,0.00,0.00,0.02,0.07,1.05,1.88,1.12,1.49,3000.00
[04:29:17.567],0.00,0.00,0.00,0.00,0.02,0.07,1.05,1.88,1.12,1.49,3000.00
[04:29:17.644],0.00,0.00,0.00,0.00,0.02,0.07,1.05,1.88,1.12,1.49,3000.00
[04:29:17.644],0.00,0.00,0.00,0.00,0.03,0.04,1.02,0.81,1.02,1.36,3000.00
[04:29:17.644],0.00,0.00,0.00,0.00,0.03,0.04,1.02,0.81,1.02,1.36,3000.00
[04:29:17.664],0.00,0.00,0.00,0.00,0.03,0.04,1.02,0.81,1.02,1.36,3000.00
[04:29:17.748],0.00,0.00,0.00,0.00,0.02,0.04,1.06,4.12,0.95,1.38,3000.00
[04:29:17.748],0.00,0.00,0.00,0.00,0.02,0.04,1.06,4.12,0.95,1.38,3000.00
[04:29:17.748],0.00,0.00,0.00,0.00,0.02,0.04,1.06,4.12,0.95,1.38,3000.00
[04:29:17.748],-1.00,0.00,0.00,0.00,0.00,0.04,0.99,-0.09,0.64,1.53,3000.00
[04:29:17.832],-1.00,0.00,0.00,0.00,0.00,0.04,0.99,-0.09,0.64,1.53,3000.00
[04:29:17.832],-1.00,0.00,0.00,0.00,0.00,0.04,0.99,-0.09,0.64,1.53,3000.00
[04:29:17.833],-1.00,0.00,0.00,0.00,0.03,0.57,1.02,-1.04,0.29,1.51,3000.00
[04:29:17.833],-1.00,0.00,0.00,0.00,0.03,0.57,1.02,-1.04,0.29,1.51,3000.00
[04:29:17.917],-1.00,0.00,0.00,0.00,0.03,0.57,1.02,-1.04,0.29,1.51,3000.00
[04:29:17.918],-1.00,0.00,0.00,0.00,-0.03,0.54,1.03,-0.62,0.77,1.51,3000.00
[04:29:17.918],-1.00,0.00,0.00,0.00,-0.03,0.54,1.03,-0.62,0.77,1.51,3000.00
[04:29:17.918],-1.00,0.00,0.00,0.00,-0.03,0.54,1.03,-0.62,0.77,1.51,3000.00
[04:29:17.918],-1.00,0.00,0.00,0.00,0.01,0.47,1.06,-0.15,0.61,1.46,3000.00
[04:29:18.002],-1.00,0.00,0.00,0.00,0.01,0.47,1.06,-0.15,0.61,1.46,3000.00
[04:29:18.003],-1.00,0.00,0.00,0.00,0.01,0.47,1.06,-0.15,0.61,1.46,3000.00
[04:29:18.003],-1.00,0.00,0.00,0.00,-0.03,0.36,1.08,0.15,0.90,1.24,3000.00
[04:29:18.003],-1.00,0.00,0.00,0.00,-0.03,0.36,1.08,0.15,0.90,1.24,3000.00
[04:29:18.086],-1.00,0.00,0.00,0.00,-0.03,0.36,1.08,0.15,0.90,1.24,3000.00
[04:29:18.086],-1.00,0.00,0.00,0.00,-0.02,-0.28,1.11,6.40,0.69,1.57,3000.00
[04:29:18.108],-1.00,0.00,0.00,0.00,-0.02,-0.28,1.11,6.40,0.69,1.57,3000.00
[04:29:18.108],-1.00,0.00,0.00,0.00,-0.02,-0.28,1.11,6.40,0.69,1.57,3000.00
[04:29:18.197],-1.00,0.00,0.00,0.00,0.04,0.25,1.04,-0.29,0.73,1.43,3000.00
[04:29:18.197],-1.00,0.00,0.00,0.00,0.04,0.25,1.04,-0.29,0.73,1.43,3000.00
[04:29:18.197],-1.00,-1.00,0.00,0.00,0.04,0.25,1.04,-0.29,0.73,1.43,3000.00
[04:29:18.198],-1.00,-1.00,0.00,0.00,0.00,-0.24,1.24,4.20,0.72,1.45,3000.00
[04:29:18.281],-1.00,-1.00,0.00,0.00,0.00,-0.24,1.24,4.20,0.72,1.45,3000.00
[04:29:18.282],-1.00,-1.00,0.00,0.00,0.00,-0.24,1.24,4.20,0.72,1.45,3000.00
[04:29:18.282],-1.00,-1.00,0.00,0.00,0.09,0.23,1.00,5.19,0.69,1.18,3000.00
[04:29:18.282],-1.00,-1.00,0.00,0.00,0.09,0.23,1.00,5.19,0.69,1.18,3000.00
[04:29:18.365],-1.00,-1.00,0.00,0.00,0.09,0.23,1.00,5.19,0.69,1.18,3000.00
[04:29:18.366],-1.00,-1.00,0.00,0.00,-0.15,-0.07,0.97,-6.13,0.80,1.59,3000.00
[04:29:18.366],-1.00,-1.00,0.00,0.00,-0.15,-0.07,0.97,-6.13,0.80,1.59,3000.00
[04:29:18.366],-1.00,-1.00,0.00,0.00,-0.15,-0.07,0.97,-6.13,0.80,1.59,3000.00
[04:29:18.447],-1.00,-1.00,0.00,0.00,0.12,-0.16,1.21,5.23,0.71,1.73,3000.00
[04:29:18.448],-1.00,-1.00,0.00,0.00,0.12,-0.16,1.21,5.23,0.71,1.73,3000.00
[04:29:18.448],-1.00,-1.00,0.00,0.00,0.12,-0.16,1.21,5.23,0.71,1.73,3000.00
[04:29:18.448],-1.00,-1.00,0.00,0.00,0.12,0.42,1.02,-1.65,0.95,1.73,3000.00
[04:29:18.448],-1.00,-1.00,0.00,0.00,0.12,0.42,1.02,-1.65,0.95,1.73,3000.00
[04:29:18.530],-1.00,-1.00,0.00,0.00,0.12,0.42,1.02,-1.65,0.95,1.73,3000.00
[04:29:18.540],-1.00,-1.00,0.00,0.00,-0.06,-0.02,0.95,-1.22,0.67,1.50,3000.00
[04:29:18.542],-1.00,-1.00,0.00,0.00,-0.06,-0.02,0.95,-1.22,0.67,1.50,3000.00
[04:29:18.542],-1.00,-1.00,0.00,0.00,-0.06,-0.02,0.95,-1.22,0.67,1.50,3000.00
[04:29:18.631],-1.00,-1.00,0.00,0.00,-0.47,-0.18,1.25,6.46,-2.81,-25.48,3000.00
[04:29:18.631],-1.00,-1.00,0.00,0.00,-0.47,-0.18,1.25,6.46,-2.81,-25.48,3000.00
[04:29:18.631],-1.00,-1.00,0.00,0.00,-0.47,-0.18,1.25,6.46,-2.81,-25.48,3000.00
[04:29:18.632],-1.00,-1.00,0.00,0.00,-0.18,0.19,0.90,-3.13,3.41,-38.35,3000.00
[04:29:18.709],-1.00,-1.00,0.00,0.00,-0.18,0.19,0.90,-3.13,3.41,-38.35,3000.00
[04:29:18.710],-1.00,-1.00,0.00,0.00,-0.18,0.19,0.90,-3.13,3.41,-38.35,3000.00
[04:29:18.710],-1.00,-1.00,0.00,0.00,0.07,0.07,1.11,-1.66,1.85,-38.84,3000.00
[04:29:18.710],-1.00,-1.00,0.00,0.00,0.07,0.07,1.11,-1.66,1.85,-38.84,3000.00
[04:29:18.790],-1.00,-1.00,0.00,0.00,0.07,0.07,1.11,-1.66,1.85,-38.84,3000.00
[04:29:18.791],-1.00,-1.00,0.00,0.00,0.14,-0.21,1.09,7.37,7.04,-34.42,3000.00
[04:29:18.791],-1.00,-1.00,0.00,0.00,0.14,-0.21,1.09,7.37,7.04,-34.42,3000.00
[04:29:18.791],-1.00,-1.00,0.00,0.00,0.14,-0.21,1.09,7.37,7.04,-34.42,3000.00
[04:29:18.865],-1.00,-1.00,0.00,0.00,-0.13,0.22,0.97,-2.89,-1.21,-42.25,3000.00
[04:29:18.867],-1.00,-1.00,0.00,0.00,-0.13,0.22,0.97,-2.89,-1.21,-42.25,3000.00
[04:29:18.867],-1.00,-1.00,0.00,0.00,-0.13,0.22,0.97,-2.89,-1.21,-42.25,3000.00
[04:29:18.867],-1.00,-1.00,0.00,0.00,0.24,-0.20,1.01,3.21,4.09,-32.93,3000.00
[04:29:18.947],-1.00,-1.00,0.00,0.00,0.24,-0.20,1.01,3.21,4.09,-32.93,3000.00
[04:29:18.961],-1.00,-1.00,0.00,0.00,0.24,-0.20,1.01,3.21,4.09,-32.93,3000.00
[04:29:18.962],-1.00,-1.00,0.00,0.00,-0.07,0.14,0.98,2.43,3.17,-37.14,3000.00
[04:29:18.962],-1.00,-1.00,0.00,0.00,-0.07,0.14,0.98,2.43,3.17,-37.14,3000.00
[04:29:18.962],-1.00,-1.00,0.00,0.00,-0.07,0.14,0.98,2.43,3.17,-37.14,3000.00
[04:29:19.041],-1.00,-1.00,0.00,0.00,-0.10,0.07,1.08,-1.13,-0.37,-43.93,3000.00
[04:29:19.041],-1.00,-1.00,0.00,0.00,-0.10,0.07,1.08,-1.13,-0.37,-43.93,3000.00
[04:29:19.041],-1.00,-1.00,0.00,0.00,-0.10,0.07,1.08,-1.13,-0.37,-43.93,1018.00
[04:29:19.042],-1.00,-1.00,0.00,0.00,0.20,-0.25,0.97,2.18,3.39,-33.68,1018.00
[04:29:19.120],-1.00,-1.00,0.00,0.00,0.20,-0.25,0.97,2.18,3.39,-33.68,1018.00
[04:29:19.120],-1.00,-1.00,0.00,0.00,0.20,-0.25,0.97,2.18,3.39,-33.68,1018.00
[04:29:19.121],-1.00,-1.00,0.00,0.00,0.02,0.13,1.12,2.13,3.24,-37.75,1018.00
[04:29:19.121],-1.00,-1.00,0.00,0.00,0.02,0.13,1.12,2.13,3.24,-37.75,1018.00
[04:29:19.201],-1.00,-1.00,0.00,0.00,0.02,0.13,1.12,2.13,3.24,-37.75,1034.00
[04:29:19.202],-1.00,-1.00,0.00,0.00,-0.05,0.09,1.11,-3.67,-2.01,-37.85,1034.00
[04:29:19.202],-1.00,-1.00,0.00,0.00,-0.05,0.09,1.11,-3.67,-2.01,-37.85,1034.00
[04:29:19.202],-1.00,-1.00,0.00,0.00,-0.05,0.09,1.11,-3.67,-2.01,-37.85,1034.00
[04:29:19.289],-1.00,-1.00,0.00,0.00,-0.06,0.11,0.98,4.07,-1.26,-40.13,1034.00
[04:29:19.290],-1.00,-1.00,0.00,0.00,-0.06,0.11,0.98,4.07,-1.26,-40.13,1069.00
[04:29:19.290],-1.00,-1.00,0.00,0.00,-0.06,0.11,0.98,4.07,-1.26,-40.13,1069.00
[04:29:19.290],-1.00,-1.00,0.00,0.00,0.05,-0.07,0.97,-2.65,-1.57,-39.78,1069.00
[04:29:19.397],-1.00,-1.00,0.00,0.00,0.05,-0.07,0.97,-2.65,-1.57,-39.78,1069.00
[04:29:19.397],-1.00,-1.00,0.00,0.00,0.05,-0.07,0.97,-2.65,-1.57,-39.78,1069.00
[04:29:19.397],-1.00,-1.00,0.00,0.00,0.13,-0.11,1.15,6.12,4.03,-35.26,1069.00
[04:29:19.397],-1.00,-1.00,0.00,0.00,0.13,-0.11,1.15,6.12,4.03,-35.26,1086.00
[04:29:19.480],-1.00,-1.00,0.00,0.00,0.13,-0.11,1.15,6.12,4.03,-35.26,1086.00
[04:29:19.481],-1.00,-1.00,0.00,0.00,0.04,0.42,0.89,-2.66,-1.32,-42.83,1086.00
[04:29:19.481],-1.00,-1.00,0.00,0.00,0.04,0.42,0.89,-2.66,-1.32,-42.83,1086.00
[04:29:19.481],-1.00,-1.00,0.00,0.00,0.04,0.42,0.89,-2.66,-1.32,-42.83,1086.00
[04:29:19.481],-1.00,-1.00,0.00,0.00,0.23,-0.42,0.96,3.05,3.89,-32.73,1086.00
[04:29:19.570],-1.00,-1.00,0.00,0.00,0.23,-0.42,0.96,3.05,3.89,-32.73,1043.00
[04:29:19.570],-1.00,-1.00,0.00,0.00,0.23,-0.42,0.96,3.05,3.89,-32.73,1043.00
[04:29:19.570],-1.00,-1.00,0.00,0.00,-0.14,0.51,1.07,-1.83,-0.12,-45.71,1043.00
[04:29:19.570],-1.00,-1.00,0.00,0.00,-0.14,0.51,1.07,-1.83,-0.12,-45.71,1043.00
[04:29:19.654],-1.00,-1.00,0.00,0.00,-0.14,0.51,1.07,-1.83,-0.12,-45.71,1043.00
[04:29:19.655],-1.00,-1.00,0.00,0.00,0.13,-0.31,1.17,3.92,5.13,-35.43,1184.00
[04:29:19.655],-1.00,-1.00,0.00,0.00,0.13,-0.31,1.17,3.92,5.13,-35.43,1184.00
[04:29:19.655],-1.00,-1.00,0.00,0.00,0.13,-0.31,1.17,3.92,5.13,-35.43,1184.00
[04:29:19.735],-1.00,-1.00,0.00,0.00,0.09,0.14,1.05,2.43,3.65,-39.06,1184.00
[04:29:19.735],-1.00,-1.00,0.00,0.00,0.09,0.14,1.05,2.43,3.65,-39.06,1184.00
[04:29:19.735],-1.00,-1.00,0.00,0.00,0.09,0.14,1.05,2.43,3.65,-39.06,1184.00
[04:29:19.745],-1.00,-1.00,0.00,0.00,-0.02,-0.08,1.09,-5.29,-1.85,-39.07,1198.00
[04:29:19.830],-1.00,-1.00,0.00,0.00,-0.02,-0.08,1.09,-5.29,-1.85,-39.07,1198.00
[04:29:19.830],-1.00,-1.00,0.00,0.00,-0.02,-0.08,1.09,-5.29,-1.85,-39.07,1198.00
[04:29:19.830],-1.00,-1.00,0.00,0.00,0.09,-0.01,1.21,5.68,1.93,-34.17,1198.00
[04:29:19.831],-1.00,-1.00,0.00,0.00,0.09,-0.01,1.21,5.68,1.93,-34.17,1198.00
[04:29:19.904],-1.00,-1.00,0.00,0.00,0.09,-0.01,1.21,5.68,1.93,-34.17,1455.00
[04:29:19.904],-1.00,-1.00,0.00,0.00,-0.19,0.06,0.97,-2.40,-0.77,-41.39,1455.00
[04:29:19.904],-1.00,-1.00,0.00,0.00,-0.19,0.06,0.97,-2.40,-0.77,-41.39,1455.00
[04:29:19.904],-1.00,-1.00,0.00,0.00,-0.19,0.06,0.97,-2.40,-0.77,-41.39,1455.00
[04:29:19.984],-1.00,-1.00,0.00,0.00,0.16,0.03,1.18,-1.45,-0.87,-40.09,1455.00
[04:29:19.985],-1.00,-1.00,0.00,0.00,0.16,0.03,1.18,-1.45,-0.87,-40.09,1474.00
[04:29:19.985],-1.00,-1.00,0.00,0.00,0.16,0.03,1.18,-1.45,-0.87,-40.09,1474.00
[04:29:19.985],-1.00,-1.00,0.00,0.00,0.14,-0.13,1.20,6.20,2.12,-35.03,1474.00
[04:29:19.985],-1.00,-1.00,0.00,0.00,0.14,-0.13,1.20,6.20,2.12,-35.03,1474.00
[04:29:20.065],-1.00,-1.00,0.00,0.00,0.14,-0.13,1.20,6.20,2.12,-35.03,1474.00
[04:29:20.065],-1.00,-1.00,0.00,0.00,-0.04,0.10,0.95,-2.07,-0.44,-42.43,1474.00
[04:29:20.066],-1.00,-1.00,0.00,0.00,-0.04,0.10,0.95,-2.07,-0.44,-42.43,1546.00
[04:29:20.066],-1.00,-1.00,0.00,0.00,-0.04,0.10,0.95,-2.07,-0.44,-42.43,1546.00
[04:29:20.152],-1.00,-1.00,0.00,0.00,0.20,-0.22,1.13,1.89,2.50,-32.78,1546.00
[04:29:20.152],-1.00,-1.00,0.00,0.00,0.20,-0.22,1.13,1.89,2.50,-32.78,1546.00
[04:29:20.162],-1.00,-1.00,0.00,0.00,0.20,-0.22,1.13,1.89,2.50,-32.78,1546.00
[04:29:20.162],-1.00,-1.00,0.00,0.00,-0.21,0.52,1.00,-1.20,0.62,-45.76,1546.00
[04:29:20.246],-1.00,-1.00,0.00,0.00,-0.21,0.52,1.00,-1.20,0.62,-45.76,1593.00
[04:29:20.247],-1.00,-1.00,0.00,0.00,-0.21,0.52,1.00,-1.20,0.62,-45.76,1593.00
[04:29:20.247],-1.00,-1.00,0.00,0.00,0.09,-0.36,1.06,4.22,4.27,-35.12,1593.00
[04:29:20.247],-1.00,-1.00,0.00,0.00,0.09,-0.36,1.06,4.22,4.27,-35.12,1593.00
[04:29:20.318],-1.00,-1.00,0.00,0.00,0.09,-0.36,1.06,4.22,4.27,-35.12,1593.00
[04:29:20.319],-1.00,-1.00,0.00,0.00,-0.07,0.11,1.19,2.87,0.66,-38.59,1593.00
[04:29:20.319],-1.00,-1.00,0.00,0.00,-0.07,0.11,1.19,2.87,0.66,-38.59,1661.00
[04:29:20.319],-1.00,-1.00,0.00,0.00,-0.07,0.11,1.19,2.87,0.66,-38.59,1661.00
[04:29:20.389],-1.00,-1.00,0.00,0.00,-0.04,0.02,0.93,-4.99,-2.09,-38.98,1661.00
[04:29:20.390],-1.00,-1.00,0.00,0.00,-0.04,0.02,0.93,-4.99,-2.09,-38.98,1661.00
[04:29:20.390],-1.00,-1.00,0.00,0.00,-0.04,0.02,0.93,-4.99,-2.09,-38.98,1661.00
[04:29:20.390],-1.00,-1.00,0.00,0.00,0.16,-0.24,1.07,5.45,2.12,-33.95,1640.00
[04:29:20.461],-1.00,-1.00,0.00,0.00,0.16,-0.24,1.07,5.45,2.12,-33.95,1640.00
[04:29:20.461],-1.00,-1.00,0.00,0.00,0.16,-0.24,1.07,5.45,2.12,-33.95,1640.00
[04:29:20.462],-1.00,-1.00,0.00,0.00,-0.13,0.24,1.02,-3.94,-2.21,-42.67,1640.00
[04:29:20.462],-1.00,-1.00,0.00,0.00,-0.13,0.24,1.02,-3.94,-2.21,-42.67,1640.00
[04:29:20.462],-1.00,-1.00,0.00,0.00,-0.13,0.24,1.02,-3.94,-2.21,-42.67,1640.00
[04:29:20.536],-1.00,-1.00,0.00,0.00,0.10,-0.18,0.95,6.55,3.45,-36.15,1707.00
[04:29:20.559],-1.00,-1.00,0.00,0.00,0.10,-0.18,0.95,6.55,3.45,-36.15,1707.00
[04:29:20.560],-1.00,-1.00,0.00,0.00,0.10,-0.18,0.95,6.55,3.45,-36.15,1707.00
[04:29:20.560],-1.00,-1.00,0.00,0.00,-0.08,0.20,0.99,-2.13,-0.32,-43.90,1707.00
[04:29:20.643],-1.00,-1.00,0.00,0.00,-0.08,0.20,0.99,-2.13,-0.32,-43.90,1707.00
[04:29:20.643],0.00,-1.00,0.00,0.00,-0.08,0.20,0.99,-2.13,-0.32,-43.90,1707.00
[04:29:20.643],0.00,-1.00,0.00,0.00,0.19,-0.30,1.05,5.13,2.98,-32.10,1836.00
[04:29:20.644],0.00,-1.00,0.00,0.00,0.19,-0.30,1.05,5.13,2.98,-32.10,1836.00
[04:29:20.715],0.00,-1.00,0.00,0.00,0.19,-0.30,1.05,5.13,2.98,-32.10,1836.00
[04:29:20.715],0.00,-1.00,0.00,0.00,0.18,-0.25,0.86,0.57,-0.82,-25.60,1836.00
[04:29:20.716],0.00,-1.00,0.00,0.00,0.18,-0.25,0.86,0.57,-0.82,-25.60,1836.00
[04:29:20.716],0.00,-1.00,0.00,0.00,0.18,-0.25,0.86,0.57,-0.82,-25.60,1769.00
[04:29:20.792],0.00,-1.00,0.00,0.00,0.18,-0.16,1.08,1.47,0.10,-20.28,1769.00
[04:29:20.792],0.00,-1.00,0.00,0.00,0.18,-0.16,1.08,1.47,0.10,-20.28,1769.00
[04:29:20.792],0.00,-1.00,0.00,0.00,0.18,-0.16,1.08,1.47,0.10,-20.28,1769.00
[04:29:20.792],0.00,-1.00,0.00,0.00,0.16,-0.17,1.00,-0.02,-1.06,-15.53,1769.00
[04:29:20.879],0.00,-1.00,0.00,0.00,0.16,-0.17,1.00,-0.02,-1.06,-15.53,1769.00
[04:29:20.879],0.00,-1.00,0.00,0.00,0.16,-0.17,1.00,-0.02,-1.06,-15.53,1796.00
[04:29:20.879],0.00,-1.00,0.00,0.00,0.10,-0.17,1.06,0.29,0.22,-12.25,1796.00
[04:29:20.879],0.00,-1.00,0.00,0.00,0.10,-0.17,1.06,0.29,0.22,-12.25,1796.00
[04:29:20.959],0.00,-1.00,0.00,0.00,0.10,-0.17,1.06,0.29,0.22,-12.25,1796.00
[04:29:20.980],0.00,-1.00,0.00,0.00,0.04,-0.12,1.03,0.22,0.45,-9.44,1796.00
[04:29:20.980],0.00,-1.00,0.00,0.00,0.04,-0.12,1.03,0.22,0.45,-9.44,1796.00
[04:29:20.980],0.00,-1.00,0.00,0.00,0.04,-0.12,1.03,0.22,0.45,-9.44,1817.00
[04:29:20.980],0.00,-1.00,0.00,0.00,0.04,-0.08,1.03,-0.04,0.80,-7.43,1817.00
[04:29:21.068],0.00,0.00,0.00,0.00,0.04,-0.08,1.03,-0.04,0.80,-7.43,1817.00
[04:29:21.068],0.00,0.00,0.00,0.00,0.04,-0.08,1.03,-0.04,0.80,-7.43,1817.00
[04:29:21.068],0.00,0.00,0.00,0.00,0.02,-0.09,1.04,0.18,0.51,-5.95,1817.00
[04:29:21.068],0.00,0.00,0.00,0.00,0.02,-0.09,1.04,0.18,0.51,-5.95,1817.00
[04:29:21.142],0.00,0.00,0.00,0.00,0.02,-0.09,1.04,0.18,0.51,-5.95,1831.00
[04:29:21.143],0.00,0.00,0.00,0.00,0.00,-0.06,1.04,0.24,0.91,-4.70,1831.00
[04:29:21.143],0.00,0.00,0.00,0.00,0.00,-0.06,1.04,0.24,0.91,-4.70,1831.00
[04:29:21.143],0.00,0.00,0.00,0.00,0.00,-0.06,1.04,0.24,0.91,-4.70,1831.00
[04:29:21.223],0.00,0.00,0.00,0.00,0.01,-0.05,1.05,0.18,0.90,-3.35,1831.00
[04:29:21.223],0.00,0.00,0.00,0.00,0.01,-0.05,1.05,0.18,0.90,-3.35,1827.00
[04:29:21.224],0.00,0.00,0.00,0.00,0.01,-0.05,1.05,0.18,0.90,-3.35,1827.00
[04:29:21.224],0.00,0.00,0.00,0.00,0.03,-0.03,1.04,0.34,0.69,-2.27,1827.00
[04:29:21.308],0.00,0.00,0.00,0.00,0.03,-0.03,1.04,0.34,0.69,-2.27,1827.00
[04:29:21.309],0.00,0.00,0.00,0.00,0.03,-0.03,1.04,0.34,0.69,-2.27,1827.00
[04:29:21.309],0.00,0.00,0.00,0.00,0.02,-0.03,1.02,0.40,0.63,-1.81,1827.00
[04:29:21.309],0.00,0.00,0.00,0.00,0.02,-0.03,1.02,0.40,0.63,-1.81,1780.00
[04:29:21.420],0.00,0.00,0.00,0.00,0.02,-0.03,1.02,0.40,0.63,-1.81,1780.00
[04:29:21.421],0.00,0.00,0.00,0.00,0.03,-0.03,1.03,0.44,0.93,-0.04,1780.00
[04:29:21.421],0.00,0.00,0.00,0.00,0.03,-0.03,1.03,0.44,0.93,-0.04,1780.00
[04:29:21.421],0.00,0.00,0.00,0.00,0.03,-0.03,1.03,0.44,0.93,-0.04,1780.00
[04:29:21.501],1.00,0.00,0.00,0.00,0.04,-0.02,1.04,0.32,1.05,1.41,1780.00
[04:29:21.502],1.00,0.00,0.00,0.00,0.04,-0.02,1.04,0.32,1.05,1.41,1825.00
[04:29:21.502],1.00,0.00,0.00,0.00,0.04,-0.02,1.04,0.32,1.05,1.41,1825.00
[04:29:21.502],1.00,0.00,0.00,0.00,0.04,-0.60,1.05,4.95,0.90,1.69,1825.00
[04:29:21.502],1.00,0.00,0.00,0.00,0.04,-0.60,1.05,4.95,0.90,1.69,1825.00
[04:29:21.584],1.00,0.00,0.00,0.00,0.04,-0.60,1.05,4.95,0.90,1.69,1825.00
[04:29:21.584],1.00,0.00,0.00,0.00,0.03,-0.72,0.97,2.74,0.71,1.31,1831.00
[04:29:21.585],1.00,0.00,0.00,0.00,0.03,-0.72,0.97,2.74,0.71,1.31,1831.00
[04:29:21.585],1.00,0.00,0.00,0.00,0.03,-0.72,0.97,2.74,0.71,1.31,1831.00
[04:29:21.665],1.00,0.00,0.00,0.00,0.14,-0.57,0.93,3.12,0.57,1.63,1831.00
[04:29:21.665],1.00,0.00,0.00,0.00,0.14,-0.57,0.93,3.12,0.57,1.63,1831.00
[04:29:21.666],1.00,0.00,0.00,0.00,0.14,-0.57,0.93,3.12,0.57,1.63,1831.00
[04:29:21.666],1.00,0.00,0.00,0.00,-0.14,-0.54,1.02,2.16,0.61,1.56,1758.00
[04:29:21.749],1.00,0.00,0.00,0.00,-0.14,-0.54,1.02,2.16,0.61,1.56,1758.00
[04:29:21.749],1.00,0.00,0.00,0.00,-0.14,-0.54,1.02,2.16,0.61,1.56,1758.00
[04:29:21.749],1.00,0.00,0.00,0.00,0.02,-0.54,1.11,1.63,0.58,1.62,1758.00
[04:29:21.769],1.00,0.00,0.00,0.00,0.02,-0.54,1.11,1.63,0.58,1.62,1758.00
[04:29:21.853],1.00,0.00,0.00,0.00,0.02,-0.54,1.11,1.63,0.58,1.62,1758.00
[04:29:21.853],1.00,0.00,0.00,0.00,0.06,-0.58,0.89,1.29,0.72,1.32,1774.00
[04:29:21.853],1.00,0.00,0.00,0.00,0.06,-0.58,0.89,1.29,0.72,1.32,1774.00
[04:29:21.853],1.00,1.00,0.00,0.00,0.06,-0.58,0.89,1.29,0.72,1.32,1774.00
[04:29:21.931],1.00,1.00,0.00,0.00,0.02,0.23,0.70,-10.46,0.88,1.35,1774.00
[04:29:21.932],1.00,1.00,0.00,0.00,0.02,0.23,0.70,-10.46,0.88,1.35,1774.00
[04:29:21.932],1.00,1.00,0.00,0.00,0.02,0.23,0.70,-10.46,0.88,1.35,1663.00
[04:29:21.932],1.00,1.00,0.00,0.00,-0.30,-0.20,1.28,0.39,0.80,1.72,1663.00
[04:29:22.014],1.00,1.00,0.00,0.00,-0.30,-0.20,1.28,0.39,0.80,1.72,1663.00
[04:29:22.014],1.00,1.00,0.00,0.00,-0.30,-0.20,1.28,0.39,0.80,1.72,1663.00
[04:29:22.014],1.00,1.00,0.00,0.00,-0.12,0.17,1.10,3.64,0.69,1.42,1663.00
[04:29:22.015],1.00,1.00,0.00,0.00,-0.12,0.17,1.10,3.64,0.69,1.42,1663.00
[04:29:22.015],1.00,1.00,0.00,0.00,-0.12,0.17,1.10,3.64,0.69,1.42,1697.00
[04:29:22.096],1.00,1.00,0.00,0.00,-0.07,0.20,0.60,-3.60,0.82,1.32,1697.00
[04:29:22.096],1.00,1.00,0.00,0.00,-0.07,0.20,0.60,-3.60,0.82,1.32,1697.00
[04:29:22.097],1.00,1.00,0.00,0.00,-0.07,0.20,0.60,-3.60,0.82,1.32,1697.00
[04:29:22.097],1.00,1.00,0.00,0.00,-0.05,-0.13,0.75,1.74,0.89,1.34,1697.00
[04:29:22.183],1.00,1.00,0.00,0.00,-0.05,-0.13,0.75,1.74,0.89,1.34,1697.00
[04:29:22.183],1.00,1.00,0.00,0.00,-0.05,-0.13,0.75,1.74,0.89,1.34,1638.00
[04:29:22.193],1.00,1.00,0.00,0.00,0.30,0.16,1.21,1.58,0.81,1.49,1638.00
[04:29:22.193],1.00,1.00,0.00,0.00,0.30,0.16,1.21,1.58,0.81,1.49,1638.00
[04:29:22.283],1.00,1.00,0.00,0.00,0.30,0.16,1.21,1.58,0.81,1.49,1638.00
[04:29:22.283],1.00,1.00,0.00,0.00,-0.71,0.43,0.92,-0.88,-1.55,-38.18,1638.00
[04:29:22.283],1.00,1.00,0.00,0.00,-0.71,0.43,0.92,-0.88,-1.55,-38.18,1638.00
[04:29:22.283],1.00,1.00,0.00,0.00,-0.71,0.43,0.92,-0.88,-1.55,-38.18,1586.00
[04:29:22.368],1.00,1.00,0.00,0.00,-0.77,-0.37,0.84,2.39,-7.38,-74.55,1586.00
[04:29:22.368],1.00,1.00,0.00,0.00,-0.77,-0.37,0.84,2.39,-7.38,-74.55,1586.00
[04:29:22.369],1.00,1.00,0.00,0.00,-0.77,-0.37,0.84,2.39,-7.38,-74.55,1586.00
[04:29:22.369],1.00,1.00,0.00,0.00,-0.40,0.20,0.63,2.84,-0.07,-77.67,1586.00
[04:29:22.456],1.00,1.00,0.00,0.00,-0.40,0.20,0.63,2.84,-0.07,-77.67,1586.00
[04:29:22.456],1.00,1.00,0.00,0.00,-0.40,0.20,0.63,2.84,-0.07,-77.67,1586.00
[04:29:22.456],1.00,1.00,0.00,0.00,-0.25,-0.05,0.89,-6.96,8.86,-76.57,1586.00
[04:29:22.457],1.00,1.00,0.00,0.00,-0.25,-0.05,0.89,-6.96,8.86,-76.57,1586.00
[04:29:22.536],1.00,1.00,0.00,0.00,-0.25,-0.05,0.89,-6.96,8.86,-76.57,1586.00
[04:29:22.536],1.00,1.00,0.00,0.00,-0.14,-0.05,0.95,2.64,-1.61,-84.49,1586.00
[04:29:22.537],1.00,1.00,0.00,0.00,-0.14,-0.05,0.95,2.64,-1.61,-84.49,1595.00
[04:29:22.537],1.00,1.00,0.00,0.00,-0.14,-0.05,0.95,2.64,-1.61,-84.49,1595.00
[04:29:22.537],1.00,1.00,0.00,0.00,-0.24,0.49,1.13,4.38,-0.19,-81.99,1595.00
[04:29:22.620],1.00,1.00,0.00,0.00,-0.24,0.49,1.13,4.38,-0.19,-81.99,1595.00
[04:29:22.630],1.00,1.00,0.00,0.00,-0.24,0.49,1.13,4.38,-0.19,-81.99,1595.00
[04:29:22.630],1.00,1.00,0.00,0.00,-0.01,0.03,1.22,-1.33,3.14,-73.68,1595.00
[04:29:22.631],1.00,1.00,0.00,0.00,-0.01,0.03,1.22,-1.33,3.14,-73.68,1406.00
[04:29:22.709],1.00,1.00,0.00,0.00,-0.01,0.03,1.22,-1.33,3.14,-73.68,1406.00
[04:29:22.709],1.00,1.00,0.00,0.00,-0.21,-0.25,1.33,2.82,-6.31,-87.21,1406.00
[04:29:22.709],1.00,1.00,0.00,0.00,-0.21,-0.25,1.33,2.82,-6.31,-87.21,1406.00
[04:29:22.710],1.00,1.00,0.00,0.00,-0.21,-0.25,1.33,2.82,-6.31,-87.21,1406.00
[04:29:22.782],1.00,1.00,0.00,0.00,0.00,0.16,1.09,2.58,1.82,-82.54,1316.00
[04:29:22.782],1.00,1.00,0.00,0.00,0.00,0.16,1.09,2.58,1.82,-82.54,1316.00
[04:29:22.782],1.00,1.00,0.00,0.00,0.00,0.16,1.09,2.58,1.82,-82.54,1316.00
[04:29:22.782],1.00,1.00,0.00,0.00,0.23,0.34,1.20,-0.45,5.77,-74.91,1316.00
[04:29:22.855],1.00,1.00,0.00,0.00,0.23,0.34,1.20,-0.45,5.77,-74.91,1316.00
[04:29:22.855],1.00,1.00,0.00,0.00,0.23,0.34,1.20,-0.45,5.77,-74.91,1316.00
[04:29:22.855],1.00,1.00,0.00,0.00,-0.18,0.07,0.79,-4.11,5.09,-74.24,1401.00
[04:29:22.855],1.00,1.00,0.00,0.00,-0.18,0.07,0.79,-4.11,5.09,-74.24,1401.00
[04:29:22.934],1.00,1.00,0.00,0.00,-0.18,0.07,0.79,-4.11,5.09,-74.24,1401.00
[04:29:22.935],1.00,1.00,0.00,0.00,-0.26,-0.12,1.20,6.86,-7.24,-85.46,1401.00
[04:29:22.935],1.00,1.00,0.00,0.00,-0.26,-0.12,1.20,6.86,-7.24,-85.46,1401.00
[04:29:22.935],1.00,1.00,0.00,0.00,-0.26,-0.12,1.20,6.86,-7.24,-85.46,1401.00
[04:29:23.008],1.00,1.00,0.00,0.00,-0.04,0.32,0.84,-2.84,4.83,-75.37,1458.00
[04:29:23.018],1.00,1.00,0.00,0.00,-0.04,0.32,0.84,-2.84,4.83,-75.37,1458.00
[04:29:23.018],1.00,1.00,0.00,0.00,-0.04,0.32,0.84,-2.84,4.83,-75.37,1458.00
[04:29:23.018],1.00,1.00,0.00,0.00,0.03,-0.12,1.15,-5.03,5.22,-75.21,1458.00
[04:29:23.018],1.00,1.00,0.00,0.00,0.03,-0.12,1.15,-5.03,5.22,-75.21,1458.00
[04:29:23.096],1.00,1.00,0.00,0.00,0.03,-0.12,1.15,-5.03,5.22,-75.21,1458.00
[04:29:23.096],1.00,1.00,0.00,0.00,-0.35,0.09,1.24,7.34,-8.49,-86.62,1480.00
[04:29:23.096],1.00,1.00,0.00,0.00,-0.35,0.09,1.24,7.34,-8.49,-86.62,1480.00
[04:29:23.096],1.00,1.00,0.00,0.00,-0.35,0.09,1.24,7.34,-8.49,-86.62,1480.00
[04:29:23.164],1.00,1.00,0.00,0.00,-0.26,0.21,0.96,-2.71,5.12,-76.70,1480.00
[04:29:23.165],1.00,1.00,0.00,0.00,-0.26,0.21,0.96,-2.71,5.12,-76.70,1480.00
[04:29:23.165],1.00,1.00,0.00,0.00,-0.26,0.21,0.96,-2.71,5.12,-76.70,1607.00
[04:29:23.165],1.00,1.00,0.00,0.00,-0.06,0.19,0.85,-5.18,5.45,-76.15,1607.00
[04:29:23.239],1.00,1.00,0.00,0.00,-0.06,0.19,0.85,-5.18,5.45,-76.15,1607.00
[04:29:23.240],1.00,1.00,0.00,0.00,-0.06,0.19,0.85,-5.18,5.45,-76.15,1607.00
[04:29:23.240],1.00,1.00,0.00,0.00,-0.21,-0.38,1.35,2.92,-6.34,-83.95,1607.00
[04:29:23.240],1.00,1.00,0.00,0.00,-0.21,-0.38,1.35,2.92,-6.34,-83.95,1607.00
[04:29:23.320],1.00,1.00,0.00,0.00,-0.21,-0.38,1.35,2.92,-6.34,-83.95,1910.00
[04:29:23.320],1.00,1.00,0.00,0.00,-0.09,0.20,0.91,4.38,0.04,-80.51,1910.00
[04:29:23.320],1.00,1.00,0.00,0.00,-0.09,0.20,0.91,4.38,0.04,-80.51,1910.00
[04:29:23.321],1.00,1.00,0.00,0.00,-0.09,0.20,0.91,4.38,0.04,-80.51,1910.00
[04:29:23.419],1.00,1.00,0.00,0.00,-0.20,0.13,0.72,-6.72,9.53,-77.92,1910.00
[04:29:23.420],1.00,1.00,0.00,0.00,-0.20,0.13,0.72,-6.72,9.53,-77.92,1910.00
[04:29:23.420],1.00,1.00,0.00,0.00,-0.20,0.13,0.72,-6.72,9.53,-77.92,2326.00
[04:29:23.420],1.00,1.00,0.00,0.00,-0.30,-0.01,1.03,1.62,-4.42,-85.10,2326.00
[04:29:23.509],1.00,1.00,0.00,0.00,-0.30,-0.01,1.03,1.62,-4.42,-85.10,2326.00
[04:29:23.509],1.00,1.00,0.00,0.00,-0.30,-0.01,1.03,1.62,-4.42,-85.10,2326.00
[04:29:23.509],1.00,1.00,0.00,0.00,-0.30,0.01,0.96,4.74,-0.09,-81.77,2326.00
[04:29:23.509],1.00,1.00,0.00,0.00,-0.30,0.01,0.96,4.74,-0.09,-81.77,2809.00
[04:29:23.509],1.00,1.00,0.00,0.00,-0.30,0.01,0.96,4.74,-0.09,-81.77,2809.00
[04:29:23.595],1.00,1.00,0.00,0.00,0.11,0.41,1.08,-1.05,3.60,-72.82,2809.00
[04:29:23.595],1.00,1.00,0.00,0.00,0.11,0.41,1.08,-1.05,3.60,-72.82,2809.00
[04:29:23.595],1.00,1.00,0.00,0.00,0.11,0.41,1.08,-1.05,3.60,-72.82,2809.00
[04:29:23.595],1.00,1.00,0.00,0.00,-0.26,-0.24,0.97,2.83,-6.42,-86.93,2809.00
[04:29:23.682],1.00,1.00,0.00,0.00,-0.26,-0.24,0.97,2.83,-6.42,-86.93,3000.00
[04:29:23.683],1.00,1.00,0.00,0.00,-0.26,-0.24,0.97,2.83,-6.42,-86.93,3000.00
[04:29:23.683],1.00,1.00,0.00,0.00,0.31,-0.05,1.29,2.60,1.41,-82.19,3000.00
[04:29:23.683],1.00,1.00,0.00,0.00,0.31,-0.05,1.29,2.60,1.41,-82.19,3000.00
[04:29:23.772],1.00,1.00,0.00,0.00,0.31,-0.05,1.29,2.60,1.41,-82.19,3000.00
[04:29:23.772],1.00,1.00,0.00,0.00,-0.25,0.16,1.04,-0.62,5.69,-74.69,3000.00
[04:29:23.772],1.00,1.00,0.00,0.00,-0.25,0.16,1.04,-0.62,5.69,-74.69,3000.00
[04:29:23.780],1.00,1.00,0.00,0.00,-0.25,0.16,1.04,-0.62,5.69,-74.69,3000.00
[04:29:23.878],1.00,1.00,0.00,0.00,-0.28,-0.27,1.04,3.21,-7.19,-88.00,3000.00
[04:29:23.878],1.00,1.00,0.00,0.00,-0.28,-0.27,1.04,3.21,-7.19,-88.00,3000.00
[04:29:23.878],1.00,1.00,0.00,0.00,-0.28,-0.27,1.04,3.21,-7.19,-88.00,3000.00
[04:29:23.879],1.00,1.00,0.00,0.00,0.11,0.34,1.26,2.62,1.34,-82.96,3000.00
[04:29:23.964],1.00,1.00,0.00,0.00,0.11,0.34,1.26,2.62,1.34,-82.96,3000.00
[04:29:23.964],1.00,1.00,0.00,0.00,0.11,0.34,1.26,2.62,1.34,-82.96,3000.00
[04:29:23.965],1.00,1.00,0.00,0.00,0.16,0.29,0.84,-0.75,5.44,-75.63,3000.00
[04:29:23.965],1.00,1.00,0.00,0.00,0.16,0.29,0.84,-0.75,5.44,-75.63,3000.00
[04:29:24.052],1.00,1.00,0.00,0.00,0.16,0.29,0.84,-0.75,5.44,-75.63,3000.00
[04:29:24.053],1.00,1.00,0.00,0.00,-0.57,-0.03,1.01,-4.39,4.83,-74.77,3000.00
[04:29:24.053],1.00,1.00,0.00,0.00,-0.57,-0.03,1.01,-4.39,4.83,-74.77,3000.00
[04:29:24.053],1.00,1.00,0.00,0.00,-0.57,-0.03,1.01,-4.39,4.83,-74.77,3000.00
[04:29:24.053],1.00,1.00,0.00,0.00,-0.07,-0.02,1.17,7.21,-7.41,-85.89,3000.00
[04:29:24.131],1.00,1.00,0.00,0.00,-0.07,-0.02,1.17,7.21,-7.41,-85.89,3000.00
[04:29:24.131],1.00,1.00,0.00,0.00,-0.07,-0.02,1.17,7.21,-7.41,-85.89,3000.00
[04:29:24.131],1.00,1.00,0.00,0.00,-0.07,0.11,0.70,-3.19,4.88,-76.18,3000.00
[04:29:24.132],1.00,1.00,0.00,0.00,-0.07,0.11,0.70,-3.19,4.88,-76.18,3000.00
[04:29:24.210],1.00,1.00,0.00,0.00,-0.07,0.11,0.70,-3.19,4.88,-76.18,3000.00
[04:29:24.211],1.00,1.00,0.00,0.00,0.14,0.30,0.86,-4.76,5.42,-75.84,3000.00
[04:29:24.234],1.00,1.00,0.00,0.00,0.14,0.30,0.86,-4.76,5.42,-75.84,3000.00
[04:29:24.234],1.00,1.00,0.00,0.00,0.14,0.30,0.86,-4.76,5.42,-75.84,3000.00
[04:29:24.328],1.00,1.00,0.00,0.00,-0.18,-0.32,1.23,3.11,-6.37,-83.56,3000.00
[04:29:24.328],1.00,1.00,0.00,0.00,-0.18,-0.32,1.23,3.11,-6.37,-83.56,3000.00
[04:29:24.328],1.00,0.00,0.00,0.00,-0.18,-0.32,1.23,3.11,-6.37,-83.56,3000.00
[04:29:24.328],1.00,0.00,0.00,0.00,-0.03,0.35,0.97,4.35,-0.06,-79.93,3000.00
[04:29:24.418],1.00,0.00,0.00,0.00,-0.03,0.35,0.97,4.35,-0.06,-79.93,3000.00
[04:29:24.418],1.00,0.00,0.00,0.00,-0.03,0.35,0.97,4.35,-0.06,-79.93,3000.00
[04:29:24.418],1.00,0.00,0.00,0.00,-0.17,0.14,1.13,-6.57,9.53,-77.52,3000.00
[04:29:24.419],1.00,0.00,0.00,0.00,-0.17,0.14,1.13,-6.57,9.53,-77.52,3000.00
[04:29:24.506],1.00,0.00,0.00,0.00,-0.17,0.14,1.13,-6.57,9.53,-77.52,3000.00
[04:29:24.506],1.00,0.00,0.00,0.00,-0.17,-0.25,1.10,1.74,-4.38,-84.60,3000.00
[04:29:24.506],1.00,0.00,0.00,0.00,-0.17,-0.25,1.10,1.74,-4.38,-84.60,3000.00
[04:29:24.507],1.00,0.00,0.00,0.00,-0.17,-0.25,1.10,1.74,-4.38,-84.60,3000.00
[04:29:24.593],1.00,0.00,0.00,0.00,0.05,0.36,0.98,4.65,-0.48,-81.37,3000.00
[04:29:24.593],1.00,0.00,0.00,0.00,0.05,0.36,0.98,4.65,-0.48,-81.37,3000.00
[04:29:24.594],1.00,0.00,0.00,0.00,0.05,0.36,0.98,4.65,-0.48,-81.37,3000.00
[04:29:24.594],1.00,0.00,0.00,0.00,-0.28,-0.12,1.03,-6.86,9.45,-78.21,3000.00
[04:29:24.594],1.00,0.00,0.00,0.00,-0.28,-0.12,1.03,-6.86,9.45,-78.21,3000.00
[04:29:24.681],1.00,0.00,0.00,0.00,-0.28,-0.12,1.03,-6.86,9.45,-78.21,2838.00
[04:29:24.688],1.00,0.00,0.00,0.00,-0.72,-0.25,1.13,1.67,-4.31,-85.69,2838.00
[04:29:24.688],1.00,0.00,0.00,0.00,-0.72,-0.25,1.13,1.67,-4.31,-85.69,2838.00
[04:29:24.688],1.00,0.00,0.00,0.00,-0.72,-0.25,1.13,1.67,-4.31,-85.69,2838.00
[04:29:24.784],1.00,0.00,0.00,0.00,0.70,-0.09,1.05,2.41,7.01,-26.41,2838.00
[04:29:24.785],1.00,0.00,0.00,0.00,0.70,-0.09,1.05,2.41,7.01,-26.41,2545.00
[04:29:24.785],1.00,0.00,0.00,0.00,0.70,-0.09,1.05,2.41,7.01,-26.41,2545.00
[04:29:24.785],1.00,0.00,0.00,0.00,0.33,0.23,0.97,0.81,-1.14,-7.49,2545.00
[04:29:24.876],1.00,0.00,0.00,0.00,0.33,0.23,0.97,0.81,-1.14,-7.49,2545.00
[04:29:24.876],1.00,0.00,0.00,0.00,0.33,0.23,0.97,0.81,-1.14,-7.49,2545.00
[04:29:24.876],1.00,0.00,0.00,0.00,0.24,-0.06,1.18,-4.06,-0.13,-2.30,2545.00
[04:29:24.876],1.00,0.00,0.00,0.00,0.24,-0.06,1.18,-4.06,-0.13,-2.30,2431.00
[04:29:24.963],1.00,0.00,0.00,0.00,0.24,-0.06,1.18,-4.06,-0.13,-2.30,2431.00
[04:29:24.963],1.00,0.00,0.00,0.00,0.09,-0.37,1.09,8.16,1.68,0.30,2431.00
[04:29:24.963],1.00,0.00,0.00,0.00,0.09,-0.37,1.09,8.16,1.68,0.30,2431.00
[04:29:24.963],1.00,0.00,0.00,0.00,0.09,-0.37,1.09,8.16,1.68,0.30,2431.00
[04:29:25.048],1.00,0.00,0.00,0.00,0.07,0.57,0.79,-2.82,-0.47,1.05,2431.00
[04:29:25.048],1.00,0.00,0.00,0.00,0.07,0.57,0.79,-2.82,-0.47,1.05,2354.00
[04:29:25.049],1.00,0.00,0.00,0.00,0.07,0.57,0.79,-2.82,-0.47,1.05,2354.00
[04:29:25.049],1.00,0.00,0.00,0.00,-0.06,-0.05,1.18,-3.84,0.99,1.02,2354.00
[04:29:25.134],1.00,0.00,0.00,0.00,-0.06,-0.05,1.18,-3.84,0.99,1.02,2354.00
[04:29:25.142],1.00,0.00,0.00,0.00,-0.06,-0.05,1.18,-3.84,0.99,1.02,2354.00
[04:29:25.142],1.00,0.00,0.00,0.00,0.05,-0.38,1.15,4.48,-2.06,1.98,2354.00
[04:29:25.142],1.00,0.00,0.00,0.00,0.05,-0.38,1.15,4.48,-2.06,1.98,2293.00
[04:29:25.142],1.00,0.00,0.00,0.00,0.05,-0.38,1.15,4.48,-2.06,1.98,2293.00
[04:29:25.233],1.00,0.00,0.00,0.00,-0.05,0.26,1.21,5.00,1.33,1.95,2293.00
[04:29:25.233],1.00,0.00,0.00,0.00,-0.05,0.26,1.21,5.00,1.33,1.95,2293.00
[04:29:25.233],1.00,0.00,0.00,0.00,-0.05,0.26,1.21,5.00,1.33,1.95,2293.00
[04:29:25.233],1.00,0.00,0.00,0.00,-0.19,0.35,1.08,-1.75,0.43,1.67,2239.00
[04:29:25.309],1.00,0.00,0.00,0.00,-0.19,0.35,1.08,-1.75,0.43,1.67,2239.00
[04:29:25.309],1.00,0.00,0.00,0.00,-0.19,0.35,1.08,-1.75,0.43,1.67,2239.00
[04:29:25.309],1.00,0.00,0.00,0.00,-0.43,-0.33,1.47,2.71,0.53,1.56,2239.00
[04:29:25.309],1.00,0.00,0.00,0.00,-0.43,-0.33,1.47,2.71,0.53,1.56,2239.00
[04:29:25.392],1.00,0.00,0.00,0.00,-0.43,-0.33,1.47,2.71,0.53,1.56,2239.00
[04:29:25.393],1.00,0.00,0.00,0.00,0.15,-0.16,1.24,1.90,1.06,1.82,2179.00
[04:29:25.393],1.00,0.00,0.00,0.00,0.15,-0.16,1.24,1.90,1.06,1.82,2179.00
[04:29:25.393],1.00,0.00,0.00,0.00,0.15,-0.16,1.24,1.90,1.06,1.82,2179.00
[04:29:25.473],1.00,0.00,0.00,0.00,-0.02,0.17,1.12,-0.43,0.70,1.39,2179.00
[04:29:25.473],1.00,0.00,0.00,0.00,-0.02,0.17,1.12,-0.43,0.70,1.39,2179.00
[04:29:25.473],1.00,0.00,0.00,0.00,-0.02,0.17,1.12,-0.43,0.70,1.39,2179.00
[04:29:25.473],1.00,0.00,0.00,0.00,0.12,0.07,0.98,-4.52,0.71,1.56,2084.00
[04:29:25.582],1.00,0.00,0.00,0.00,0.12,0.07,0.98,-4.52,0.71,1.56,2084.00
[04:29:25.583],1.00,0.00,0.00,0.00,0.12,0.07,0.98,-4.52,0.71,1.56,2084.00
[04:29:25.583],1.00,0.00,0.00,0.00,0.00,-0.22,1.16,10.57,0.76,1.45,2084.00
[04:29:25.583],1.00,0.00,0.00,0.00,0.00,-0.22,1.16,10.57,0.76,1.45,2084.00
[04:29:25.664],1.00,-1.00,0.00,0.00,0.00,-0.22,1.16,10.57,0.76,1.45,2067.00
[04:29:25.664],1.00,-1.00,0.00,0.00,-0.07,0.23,0.76,-4.11,0.63,1.61,2067.00
[04:29:25.665],1.00,-1.00,0.00,0.00,-0.07,0.23,0.76,-4.11,0.63,1.61,2067.00
[04:29:25.665],1.00,-1.00,0.00,0.00,-0.07,0.23,0.76,-4.11,0.63,1.61,2067.00
[04:29:25.665],1.00,-1.00,0.00,0.00,0.22,-0.32,1.08,-3.46,0.82,1.43,2067.00
[04:29:25.754],1.00,-1.00,0.00,0.00,0.22,-0.32,1.08,-3.46,0.82,1.43,2067.00
[04:29:25.754],1.00,-1.00,0.00,0.00,0.22,-0.32,1.08,-3.46,0.82,1.43,1950.00
[04:29:25.754],1.00,-1.00,0.00,0.00,-0.31,-0.48,0.93,3.51,0.78,1.67,1950.00
[04:29:25.754],1.00,-1.00,0.00,0.00,-0.31,-0.48,0.93,3.51,0.78,1.67,1950.00
[04:29:25.831],1.00,-1.00,0.00,0.00,-0.31,-0.48,0.93,3.51,0.78,1.67,1950.00
[04:29:25.832],1.00,-1.00,0.00,0.00,-0.01,-0.25,1.26,6.29,0.85,1.49,1950.00
[04:29:25.832],1.00,-1.00,0.00,0.00,-0.01,-0.25,1.26,6.29,0.85,1.49,1950.00
[04:29:25.832],1.00,-1.00,0.00,0.00,-0.01,-0.25,1.26,6.29,0.85,1.49,1859.00
[04:29:25.907],1.00,-1.00,0.00,0.00,-0.17,0.30,0.96,-1.51,0.93,1.60,1859.00
[04:29:25.907],1.00,-1.00,0.00,0.00,-0.17,0.30,0.96,-1.51,0.93,1.60,1859.00
[04:29:25.907],1.00,-1.00,0.00,0.00,-0.17,0.30,0.96,-1.51,0.93,1.60,1859.00
[04:29:25.918],1.00,-1.00,0.00,0.00,-0.15,-0.29,1.13,2.43,0.84,1.63,1859.00
[04:29:26.000],1.00,-1.00,0.00,0.00,-0.15,-0.29,1.13,2.43,0.84,1.63,1847.00
[04:29:26.001],1.00,-1.00,0.00,0.00,-0.15,-0.29,1.13,2.43,0.84,1.63,1847.00
[04:29:26.001],1.00,-1.00,0.00,0.00,0.52,0.14,1.19,3.79,8.09,50.87,1847.00
[04:29:26.001],1.00,-1.00,0.00,0.00,0.52,0.14,1.19,3.79,8.09,50.87,1847.00
[04:29:26.079],1.00,-1.00,0.00,0.00,0.52,0.14,1.19,3.79,8.09,50.87,1847.00
[04:29:26.080],1.00,-1.00,0.00,0.00,0.20,-0.05,0.76,-7.16,-5.51,65.61,1847.00
[04:29:26.080],1.00,-1.00,0.00,0.00,0.20,-0.05,0.76,-7.16,-5.51,65.61,1987.00
[04:29:26.080],1.00,-1.00,0.00,0.00,0.20,-0.05,0.76,-7.16,-5.51,65.61,1987.00
[04:29:26.159],1.00,-1.00,0.00,0.00,0.41,-0.12,0.77,3.06,4.09,78.57,1987.00
[04:29:26.159],1.00,-1.00,0.00,0.00,0.41,-0.12,0.77,3.06,4.09,78.57,1987.00
[04:29:26.159],1.00,-1.00,0.00,0.00,0.41,-0.12,0.77,3.06,4.09,78.57,1987.00
[04:29:26.159],1.00,-1.00,0.00,0.00,0.22,0.27,0.84,4.23,2.07,77.86,1987.00
[04:29:26.160],1.00,-1.00,0.00,0.00,0.22,0.27,0.84,4.23,2.07,77.86,3000.00
[04:29:26.241],1.00,-1.00,0.00,0.00,0.22,0.27,0.84,4.23,2.07,77.86,3000.00
[04:29:26.241],1.00,-1.00,0.00,0.00,0.46,-0.15,0.93,-6.92,-7.90,75.64,3000.00
[04:29:26.241],1.00,-1.00,0.00,0.00,0.46,-0.15,0.93,-6.92,-7.90,75.64,3000.00
[04:29:26.241],1.00,-1.00,0.00,0.00,0.46,-0.15,0.93,-6.92,-7.90,75.64,3000.00
[04:29:26.320],1.00,-1.00,0.00,0.00,0.30,-0.27,1.06,1.67,5.29,82.79,3000.00
[04:29:26.320],1.00,-1.00,0.00,0.00,0.30,-0.27,1.06,1.67,5.29,82.79,3000.00
[04:29:26.328],1.00,-1.00,0.00,0.00,0.30,-0.27,1.06,1.67,5.29,82.79,3000.00
[04:29:26.328],1.00,-1.00,0.00,0.00,0.04,0.26,0.77,4.76,1.20,79.97,3000.00
[04:29:26.422],1.00,-1.00,0.00,0.00,0.04,0.26,0.77,4.76,1.20,79.97,3000.00
[04:29:26.422],1.00,-1.00,0.00,0.00,0.04,0.26,0.77,4.76,1.20,79.97,3000.00
[04:29:26.423],1.00,-1.00,0.00,0.00,0.06,0.33,1.22,-0.99,-2.38,71.58,3000.00
[04:29:26.423],1.00,-1.00,0.00,0.00,0.06,0.33,1.22,-0.99,-2.38,71.58,3000.00
[04:29:26.510],1.00,-1.00,0.00,0.00,0.06,0.33,1.22,-0.99,-2.38,71.58,3000.00
[04:29:26.510],1.00,-1.00,0.00,0.00,0.06,-0.32,0.72,2.77,7.91,84.86,3000.00
[04:29:26.510],1.00,-1.00,0.00,0.00,0.06,-0.32,0.72,2.77,7.91,84.86,3000.00
[04:29:26.510],1.00,-1.00,0.00,0.00,0.06,-0.32,0.72,2.77,7.91,84.86,3000.00
[04:29:26.600],1.00,-1.00,0.00,0.00,0.13,0.22,0.89,2.82,0.04,80.60,3000.00
[04:29:26.601],1.00,-1.00,0.00,0.00,0.13,0.22,0.89,2.82,0.04,80.60,3000.00
[04:29:26.601],1.00,-1.00,0.00,0.00,0.13,0.22,0.89,2.82,0.04,80.60,3000.00
[04:29:26.601],1.00,-1.00,0.00,0.00,0.22,0.11,1.03,-0.47,-4.16,73.16,3000.00
[04:29:26.685],1.00,-1.00,0.00,0.00,0.22,0.11,1.03,-0.47,-4.16,73.16,3000.00
[04:29:26.685],1.00,-1.00,0.00,0.00,0.22,0.11,1.03,-0.47,-4.16,73.16,3000.00
[04:29:26.686],1.00,-1.00,0.00,0.00,0.11,0.08,1.25,-4.26,-3.62,72.48,3000.00
[04:29:26.686],1.00,-1.00,0.00,0.00,0.11,0.08,1.25,-4.26,-3.62,72.48,3000.00
[04:29:26.686],1.00,-1.00,0.00,0.00,0.11,0.08,1.25,-4.26,-3.62,72.48,3000.00
[04:29:26.762],1.00,-1.00,0.00,0.00,0.33,-0.03,1.28,7.25,8.92,82.98,3000.00
[04:29:26.786],1.00,-1.00,0.00,0.00,0.33,-0.03,1.28,7.25,8.92,82.98,3000.00
[04:29:26.786],1.00,-1.00,0.00,0.00,0.33,-0.03,1.28,7.25,8.92,82.98,3000.00
[04:29:26.786],1.00,-1.00,0.00,0.00,-0.04,0.22,1.20,-2.56,-3.42,73.74,3000.00
[04:29:26.882],1.00,-1.00,0.00,0.00,-0.04,0.22,1.20,-2.56,-3.42,73.74,3000.00
[04:29:26.882],1.00,0.00,0.00,0.00,-0.04,0.22,1.20,-2.56,-3.42,73.74,3000.00
[04:29:26.883],1.00,0.00,0.00,0.00,-0.09,0.30,0.90,-4.59,-3.87,73.47,3000.00
[04:29:26.883],1.00,0.00,0.00,0.00,-0.09,0.30,0.90,-4.59,-3.87,73.47,3000.00
[04:29:26.967],1.00,0.00,0.00,0.00,-0.09,0.30,0.90,-4.59,-3.87,73.47,3000.00
[04:29:26.967],1.00,0.00,0.00,0.00,0.27,-0.63,1.23,3.27,7.95,81.52,3000.00
[04:29:26.968],1.00,0.00,0.00,0.00,0.27,-0.63,1.23,3.27,7.95,81.52,3000.00
[04:29:26.968],1.00,0.00,0.00,0.00,0.27,-0.63,1.23,3.27,7.95,81.52,3000.00
[04:29:27.061],1.00,0.00,0.00,0.00,-0.05,-0.04,1.20,4.49,1.35,78.07,3000.00
[04:29:27.061],1.00,0.00,0.00,0.00,-0.05,-0.04,1.20,4.49,1.35,78.07,3000.00
[04:29:27.062],1.00,0.00,0.00,0.00,-0.05,-0.04,1.20,4.49,1.35,78.07,3000.00
[04:29:27.062],1.00,0.00,0.00,0.00,-0.04,0.16,1.07,-6.88,-8.22,75.46,3000.00
[04:29:27.154],1.00,0.00,0.00,0.00,-0.04,0.16,1.07,-6.88,-8.22,75.46,3000.00
[04:29:27.154],1.00,0.00,0.00,0.00,-0.04,0.16,1.07,-6.88,-8.22,75.46,3000.00
[04:29:27.155],1.00,0.00,0.00,0.00,-0.01,-0.21,1.13,1.51,6.15,82.39,3000.00
[04:29:27.155],1.00,0.00,0.00,0.00,-0.01,-0.21,1.13,1.51,6.15,82.39,3000.00
[04:29:27.236],1.00,0.00,0.00,0.00,-0.01,-0.21,1.13,1.51,6.15,82.39,3000.00
[04:29:27.243],1.00,0.00,0.00,0.00,0.34,0.21,1.12,4.65,1.83,79.31,3000.00
[04:29:27.243],1.00,0.00,0.00,0.00,0.34,0.21,1.12,4.65,1.83,79.31,3000.00
[04:29:27.243],1.00,0.00,0.00,0.00,0.34,0.21,1.12,4.65,1.83,79.31,3000.00
[04:29:27.243],1.00,0.00,0.00,0.00,-0.67,-0.15,0.74,-4.33,-6.01,28.55,3000.00
[04:29:27.339],1.00,0.00,0.00,0.00,-0.67,-0.15,0.74,-4.33,-6.01,28.55,3000.00
[04:29:27.339],1.00,0.00,0.00,0.00,-0.67,-0.15,0.74,-4.33,-6.01,28.55,3000.00
[04:29:27.340],1.00,0.00,0.00,0.00,-0.32,-0.37,1.10,1.66,-4.99,10.30,3000.00
[04:29:27.340],1.00,0.00,0.00,0.00,-0.32,-0.37,1.10,1.66,-4.99,10.30,3000.00
[04:29:27.431],1.00,0.00,0.00,0.00,-0.32,-0.37,1.10,1.66,-4.99,10.30,3000.00
[04:29:27.431],1.00,0.00,0.00,0.00,-0.07,0.06,1.08,3.82,-0.56,4.81,3000.00
[04:29:27.431],1.00,0.00,0.00,0.00,-0.07,0.06,1.08,3.82,-0.56,4.81,3000.00
[04:29:27.431],1.00,0.00,0.00,0.00,-0.07,0.06,1.08,3.82,-0.56,4.81,3000.00
[04:29:27.516],1.00,0.00,0.00,0.00,0.24,0.00,0.89,-0.58,2.83,3.90,3000.00
[04:29:27.516],1.00,0.00,0.00,0.00,0.24,0.00,0.89,-0.58,2.83,3.90,3000.00
[04:29:27.517],1.00,0.00,0.00,0.00,0.24,0.00,0.89,-0.58,2.83,3.90,3000.00
[04:29:27.517],1.00,0.00,0.00,0.00,-0.05,0.06,1.00,-5.83,1.76,2.43,3000.00
[04:29:27.601],1.00,0.00,0.00,0.00,-0.05,0.06,1.00,-5.83,1.76,2.43,3000.00
[04:29:27.602],1.00,0.00,0.00,0.00,-0.05,0.06,1.00,-5.83,1.76,2.43,3000.00
[04:29:27.602],1.00,0.00,0.00,0.00,-0.21,-0.53,1.06,7.87,3.93,2.31,3000.00
[04:29:27.602],1.00,0.00,0.00,0.00,-0.21,-0.53,1.06,7.87,3.93,2.31,3000.00
[04:29:27.699],1.00,0.00,0.00,0.00,-0.21,-0.53,1.06,7.87,3.93,2.31,3000.00
[04:29:27.699],1.00,0.00,0.00,0.00,0.11,0.07,0.87,-1.87,0.01,1.86,3000.00
[04:29:27.699],1.00,0.00,0.00,0.00,0.11,0.07,0.87,-1.87,0.01,1.86,3000.00
[04:29:27.700],1.00,0.00,0.00,0.00,0.11,0.07,0.87,-1.87,0.01,1.86,3000.00
[04:29:27.785],1.00,0.00,0.00,0.00,-0.14,-0.21,1.07,-4.89,0.56,1.40,3000.00
[04:29:27.785],1.00,0.00,0.00,0.00,-0.14,-0.21,1.07,-4.89,0.56,1.40,3000.00
[04:29:27.785],1.00,0.00,0.00,0.00,-0.14,-0.21,1.07,-4.89,0.56,1.40,3000.00
[04:29:27.785],1.00,0.00,0.00,0.00,-0.02,-0.02,0.93,6.92,0.46,1.73,3000.00
[04:29:27.785],1.00,0.00,0.00,0.00,-0.02,-0.02,0.93,6.92,0.46,1.73,3000.00
[04:29:27.869],1.00,0.00,0.00,0.00,-0.02,-0.02,0.93,6.92,0.46,1.73,3000.00
[04:29:27.870],1.00,0.00,0.00,0.00,0.20,0.12,0.93,4.86,0.85,1.46,3000.00
[04:29:27.870],1.00,0.00,0.00,0.00,0.20,0.12,0.93,4.86,0.85,1.46,3000.00
[04:29:27.870],1.00,0.00,0.00,0.00,0.20,0.12,0.93,4.86,0.85,1.46,3000.00
[04:29:27.948],1.00,0.00,0.00,0.00,0.11,0.15,0.92,-8.74,0.75,1.51,3000.00
[04:29:27.948],1.00,0.00,0.00,0.00,0.11,0.15,0.92,-8.74,0.75,1.51,3000.00
[04:29:27.948],1.00,0.00,0.00,0.00,0.11,0.15,0.92,-8.74,0.75,1.51,3000.00
[04:29:27.948],1.00,0.00,0.00,0.00,-0.09,-0.29,0.84,2.26,0.78,1.35,3000.00
[04:29:28.031],1.00,0.00,0.00,0.00,-0.09,-0.29,0.84,2.26,0.78,1.35,3000.00
[04:29:28.031],1.00,0.00,0.00,0.00,-0.09,-0.29,0.84,2.26,0.78,1.35,3000.00
[04:29:28.032],1.00,0.00,0.00,0.00,-0.14,0.41,1.30,4.54,0.86,1.49,3000.00
[04:29:28.039],1.00,0.00,0.00,0.00,-0.14,0.41,1.30,4.54,0.86,1.49,3000.00
[04:29:28.129],1.00,0.00,0.00,0.00,-0.14,0.41,1.30,4.54,0.86,1.49,3000.00
[04:29:28.130],1.00,0.00,0.00,0.00,0.04,0.08,0.69,-0.05,0.73,1.51,3000.00
[04:29:28.130],1.00,0.00,0.00,0.00,0.04,0.08,0.69,-0.05,0.73,1.51,3000.00
[04:29:28.130],1.00,0.00,0.00,0.00,0.04,0.08,0.69,-0.05,0.73,1.51,3000.00
[04:29:28.215],1.00,0.00,0.00,0.00,-0.02,-0.68,1.01,5.82,0.75,1.56,3000.00
[04:29:28.216],1.00,0.00,0.00,0.00,-0.02,-0.68,1.01,5.82,0.75,1.56,3000.00
[04:29:28.216],1.00,0.00,0.00,0.00,-0.02,-0.68,1.01,5.82,0.75,1.56,3000.00
[04:29:28.216],1.00,0.00,0.00,0.00,0.01,0.50,0.84,-2.37,0.68,1.55,3000.00
[04:29:28.297],1.00,0.00,0.00,0.00,0.01,0.50,0.84,-2.37,0.68,1.55,3000.00
[04:29:28.297],1.00,0.00,0.00,0.00,0.01,0.50,0.84,-2.37,0.68,1.55,3000.00
[04:29:28.297],1.00,0.00,0.00,0.00,-0.08,-0.64,0.84,4.12,0.76,1.65,3000.00
[04:29:28.297],1.00,0.00,0.00,0.00,-0.08,-0.64,0.84,4.12,0.76,1.65,3000.00
[04:29:28.298],1.00,0.00,0.00,0.00,-0.08,-0.64,0.84,4.12,0.76,1.65,3000.00
[04:29:28.379],1.00,0.00,0.00,0.00,0.11,0.29,1.18,5.35,0.70,1.60,3000.00
[04:29:28.379],1.00,0.00,0.00,0.00,0.11,0.29,1.18,5.35,0.70,1.60,3000.00
[04:29:28.379],1.00,0.00,0.00,0.00,0.11,0.29,1.18,5.35,0.70,1.60,3000.00
[04:29:28.379],1.00,0.00,0.00,0.00,-0.05,0.13,0.81,-1.95,0.42,1.36,3000.00
[04:29:28.460],1.00,0.00,0.00,0.00,-0.05,0.13,0.81,-1.95,0.42,1.36,3000.00
[04:29:28.460],1.00,0.00,0.00,0.00,-0.05,0.13,0.81,-1.95,0.42,1.36,3000.00
[04:29:28.480],1.00,0.00,0.00,0.00,-0.19,-0.33,1.21,2.67,0.81,1.49,3000.00
[04:29:28.480],1.00,0.00,0.00,0.00,-0.19,-0.33,1.21,2.67,0.81,1.49,3000.00
[04:29:28.568],1.00,0.00,0.00,0.00,-0.19,-0.33,1.21,2.67,0.81,1.49,3000.00
[04:29:28.568],1.00,0.00,0.00,0.00,-0.04,0.45,0.89,2.23,0.79,1.38,3000.00
[04:29:28.568],1.00,1.00,0.00,0.00,-0.04,0.45,0.89,2.23,0.79,1.38,3000.00
[04:29:28.569],1.00,1.00,0.00,0.00,-0.04,0.45,0.89,2.23,0.79,1.38,3000.00
[04:29:28.651],1.00,1.00,0.00,0.00,-0.11,0.39,1.11,-0.47,0.65,1.34,3000.00
[04:29:28.651],1.00,1.00,0.00,0.00,-0.11,0.39,1.11,-0.47,0.65,1.34,3000.00
[04:29:28.651],1.00,1.00,0.00,0.00,-0.11,0.39,1.11,-0.47,0.65,1.34,3000.00
[04:29:28.651],1.00,1.00,0.00,0.00,0.00,-0.01,1.42,-4.64,0.66,1.50,3000.00
[04:29:28.737],1.00,1.00,0.00,0.00,0.00,-0.01,1.42,-4.64,0.66,1.50,3000.00
[04:29:28.737],1.00,1.00,0.00,0.00,0.00,-0.01,1.42,-4.64,0.66,1.50,3000.00
[04:29:28.737],1.00,1.00,0.00,0.00,0.32,-0.40,1.22,10.66,0.67,1.58,3000.00
[04:29:28.737],1.00,1.00,0.00,0.00,0.32,-0.40,1.22,10.66,0.67,1.58,3000.00
[04:29:28.819],1.00,1.00,0.00,0.00,0.32,-0.40,1.22,10.66,0.67,1.58,3000.00
[04:29:28.820],1.00,1.00,0.00,0.00,-0.03,-0.12,0.91,-4.03,0.64,1.44,3000.00
[04:29:28.820],1.00,1.00,0.00,0.00,-0.03,-0.12,0.91,-4.03,0.64,1.44,3000.00
[04:29:28.820],1.00,1.00,0.00,0.00,-0.03,-0.12,0.91,-4.03,0.64,1.44,3000.00
[04:29:28.820],1.00,1.00,0.00,0.00,0.04,0.43,1.22,-3.41,0.81,1.63,3000.00
[04:29:28.894],1.00,1.00,0.00,0.00,0.04,0.43,1.22,-3.41,0.81,1.63,3000.00
[04:29:28.913],1.00,1.00,0.00,0.00,0.04,0.43,1.22,-3.41,0.81,1.63,3000.00
[04:29:28.914],1.00,1.00,0.00,0.00,-0.36,-0.14,0.97,4.92,-9.11,-16.17,3000.00
[04:29:28.914],1.00,1.00,0.00,0.00,-0.36,-0.14,0.97,4.92,-9.11,-16.17,3000.00
[04:29:29.008],1.00,1.00,0.00,0.00,-0.36,-0.14,0.97,4.92,-9.11,-16.17,3000.00
[04:29:29.008],1.00,0.00,0.00,0.00,-0.57,0.21,0.80,5.45,-3.78,-55.76,3000.00
[04:29:29.008],1.00,0.00,0.00,0.00,-0.57,0.21,0.80,5.45,-3.78,-55.76,3000.00
[04:29:29.093],1.00,0.00,0.00,0.00,-0.57,0.21,0.80,5.45,-3.78,-55.76,3000.00
[04:29:29.094],1.00,0.00,0.00,0.00,-0.24,0.04,0.87,-6.96,7.57,-67.49,3000.00
[04:29:29.094],1.00,0.00,0.00,0.00,-0.24,0.04,0.87,-6.96,7.57,-67.49,3000.00
[04:29:29.094],1.00,0.00,0.00,0.00,-0.24,0.04,0.87,-6.96,7.57,-67.49,3000.00
[04:29:29.176],1.00,0.00,0.00,0.00,-0.67,-0.20,1.23,6.27,-4.80,-84.10,3000.00
[04:29:29.177],1.00,0.00,0.00,0.00,-0.67,-0.20,1.23,6.27,-4.80,-84.10,3000.00
[04:29:29.177],1.00,0.00,0.00,0.00,-0.67,-0.20,1.23,6.27,-4.80,-84.10,3000.00
[04:29:29.177],1.00,0.00,0.00,0.00,0.14,0.22,0.78,-3.27,4.77,-75.23,3000.00
[04:29:29.264],1.00,0.00,0.00,0.00,0.14,0.22,0.78,-3.27,4.77,-75.23,3000.00
[04:29:29.265],1.00,0.00,0.00,0.00,0.14,0.22,0.78,-3.27,4.77,-75.23,3000.00
[04:29:29.265],1.00,0.00,0.00,0.00,-0.24,0.11,0.92,-5.06,5.15,-75.35,3000.00
[04:29:29.265],1.00,0.00,0.00,0.00,-0.24,0.11,0.92,-5.06,5.15,-75.35,3000.00
[04:29:29.265],1.00,0.00,0.00,0.00,-0.24,0.11,0.92,-5.06,5.15,-75.35,3000.00
[04:29:29.352],1.00,0.00,0.00,0.00,-0.42,-0.23,1.01,3.87,-2.95,-83.20,3000.00
[04:29:29.360],1.00,0.00,0.00,0.00,-0.42,-0.23,1.01,3.87,-2.95,-83.20,3000.00
[04:29:29.360],1.00,0.00,0.00,0.00,-0.42,-0.23,1.01,3.87,-2.95,-83.20,3000.00
[04:29:29.361],1.00,0.00,0.00,0.00,0.73,0.17,0.87,2.86,7.43,-32.52,3000.00
[04:29:29.452],1.00,0.00,0.00,0.00,0.73,0.17,0.87,2.86,7.43,-32.52,3000.00
[04:29:29.452],1.00,0.00,0.00,0.00,0.73,0.17,0.87,2.86,7.43,-32.52,3000.00
[04:29:29.452],1.00,0.00,0.00,0.00,0.41,0.24,1.27,-4.27,3.62,-11.06,3000.00
[04:29:29.453],1.00,0.00,0.00,0.00,0.41,0.24,1.27,-4.27,3.62,-11.06,3000.00
[04:29:29.538],1.00,0.00,0.00,0.00,0.41,0.24,1.27,-4.27,3.62,-11.06,3000.00
[04:29:29.539],1.00,0.00,0.00,0.00,0.19,-0.18,1.38,1.73,3.32,-3.39,3000.00
[04:29:29.539],1.00,0.00,0.00,0.00,0.19,-0.18,1.38,1.73,3.32,-3.39,3000.00
[04:29:29.539],1.00,0.00,0.00,0.00,0.19,-0.18,1.38,1.73,3.32,-3.39,3000.00
[04:29:29.624],1.00,0.00,0.00,0.00,0.17,0.02,0.82,4.04,1.45,-0.82,3000.00
[04:29:29.624],1.00,0.00,0.00,0.00,0.17,0.02,0.82,4.04,1.45,-0.82,3000.00
[04:29:29.624],1.00,0.00,0.00,0.00,0.17,0.02,0.82,4.04,1.45,-0.82,3000.00
[04:29:29.624],1.00,0.00,0.00,0.00,-0.05,0.03,0.98,-0.14,0.02,0.43,3000.00
[04:29:29.706],1.00,0.00,0.00,0.00,-0.05,0.03,0.98,-0.14,0.02,0.43,3000.00
[04:29:29.706],1.00,0.00,0.00,0.00,-0.05,0.03,0.98,-0.14,0.02,0.43,3000.00
[04:29:29.706],1.00,0.00,0.00,0.00,-0.09,-0.32,1.11,4.13,-2.17,1.65,3000.00
[04:29:29.706],1.00,0.00,0.00,0.00,-0.09,-0.32,1.11,4.13,-2.17,1.65,3000.00
[04:29:29.787],1.00,0.00,0.00,0.00,-0.09,-0.32,1.11,4.13,-2.17,1.65,3000.00
[04:29:29.794],1.00,0.00,0.00,0.00,0.36,0.14,1.24,1.28,1.13,1.60,3000.00
[04:29:29.794],1.00,0.00,0.00,0.00,0.36,0.14,1.24,1.28,1.13,1.60,3000.00
[04:29:29.794],1.00,0.00,0.00,0.00,0.36,0.14,1.24,1.28,1.13,1.60,3000.00
[04:29:29.794],1.00,0.00,0.00,0.00,-0.26,0.28,0.99,-0.02,1.23,1.74,3000.00
[04:29:29.885],1.00,0.00,0.00,0.00,-0.26,0.28,0.99,-0.02,1.23,1.74,3000.00
[04:29:29.886],1.00,0.00,0.00,0.00,-0.26,0.28,0.99,-0.02,1.23,1.74,3000.00
[04:29:29.886],1.00,0.00,0.00,0.00,-0.05,-0.25,0.65,-4.51,0.99,1.52,3000.00
[04:29:29.886],1.00,0.00,0.00,0.00,-0.05,-0.25,0.65,-4.51,0.99,1.52,3000.00
[04:29:29.966],1.00,0.00,0.00,0.00,-0.05,-0.25,0.65,-4.51,0.99,1.52,3000.00
[04:29:29.967],1.00,0.00,0.00,0.00,0.31,-0.38,1.17,10.39,0.67,1.49,3000.00
[04:29:29.967],1.00,0.00,0.00,0.00,0.31,-0.38,1.17,10.39,0.67,1.49,3000.00
[04:29:29.967],1.00,0.00,0.00,0.00,0.31,-0.38,1.17,10.39,0.67,1.49,3000.00
[04:29:30.047],1.00,0.00,0.00,0.00,-0.25,0.49,0.60,-8.90,0.76,1.74,3000.00
[04:29:30.048],1.00,0.00,0.00,0.00,-0.25,0.49,0.60,-8.90,0.76,1.74,3000.00
[04:29:30.048],1.00,0.00,0.00,0.00,-0.25,0.49,0.60,-8.90,0.76,1.74,3000.00
[04:29:30.048],1.00,0.00,0.00,0.00,0.07,-0.47,1.31,5.24,0.80,1.84,3000.00
[04:29:30.135],1.00,0.00,0.00,0.00,0.07,-0.47,1.31,5.24,0.80,1.84,3000.00
[04:29:30.135],1.00,0.00,0.00,0.00,0.07,-0.47,1.31,5.24,0.80,1.84,3000.00
[04:29:30.136],1.00,0.00,0.00,0.00,0.26,0.17,1.05,0.67,0.78,1.35,3000.00
[04:29:30.136],1.00,0.00,0.00,0.00,0.26,0.17,1.05,0.67,0.78,1.35,3000.00
[04:29:30.232],1.00,0.00,0.00,0.00,0.26,0.17,1.05,0.67,0.78,1.35,3000.00
[04:29:30.232],1.00,0.00,0.00,0.00,-0.07,-0.24,0.69,-5.93,0.59,1.13,3000.00
[04:29:30.233],1.00,0.00,0.00,0.00,-0.07,-0.24,0.69,-5.93,0.59,1.13,3000.00
[04:29:30.233],1.00,0.00,0.00,0.00,-0.07,-0.24,0.69,-5.93,0.59,1.13,3000.00
[04:29:30.310],1.00,0.00,0.00,0.00,-0.05,-0.42,1.26,8.99,0.76,1.47,3000.00
[04:29:30.310],1.00,0.00,0.00,0.00,-0.05,-0.42,1.26,8.99,0.76,1.47,3000.00
[04:29:30.310],1.00,0.00,0.00,0.00,-0.05,-0.42,1.26,8.99,0.76,1.47,3000.00
[04:29:30.310],1.00,0.00,0.00,0.00,0.01,0.23,0.95,-2.20,0.57,1.60,3000.00
[04:29:30.310],1.00,0.00,0.00,0.00,0.01,0.23,0.95,-2.20,0.57,1.60,3000.00
[04:29:30.395],1.00,0.00,0.00,0.00,0.01,0.23,0.95,-2.20,0.57,1.60,3000.00
[04:29:30.395],1.00,0.00,0.00,0.00,0.02,0.16,0.83,-5.04,0.84,1.76,3000.00
[04:29:30.395],1.00,0.00,0.00,0.00,0.02,0.16,0.83,-5.04,0.84,1.76,3000.00
[04:29:30.395],1.00,0.00,0.00,0.00,0.02,0.16,0.83,-5.04,0.84,1.76,3000.00
[04:29:30.478],1.00,0.00,0.00,0.00,-0.02,-0.40,1.05,3.95,1.06,1.57,3000.00
[04:29:30.478],1.00,0.00,0.00,0.00,-0.02,-0.40,1.05,3.95,1.06,1.57,3000.00
[04:29:30.478],1.00,0.00,0.00,0.00,-0.02,-0.40,1.05,3.95,1.06,1.57,3000.00
[04:29:30.478],1.00,0.00,0.00,0.00,-0.20,0.08,0.97,6.48,0.68,1.67,3000.00
[04:29:30.559],1.00,0.00,0.00,0.00,-0.20,0.08,0.97,6.48,0.68,1.67,3000.00
[04:29:30.559],1.00,0.00,0.00,0.00,-0.20,0.08,0.97,6.48,0.68,1.67,3000.00
[04:29:30.560],1.00,0.00,0.00,0.00,0.02,-0.04,0.78,-10.14,0.54,1.51,3000.00
[04:29:30.566],1.00,0.00,0.00,0.00,0.02,-0.04,0.78,-10.14,0.54,1.51,3000.00
[04:29:30.653],1.00,0.00,0.00,0.00,0.02,-0.04,0.78,-10.14,0.54,1.51,3000.00
[04:29:30.653],1.00,0.00,0.00,0.00,0.09,0.03,1.19,1.67,0.82,1.71,3000.00
[04:29:30.653],1.00,0.00,0.00,0.00,0.09,0.03,1.19,1.67,0.82,1.71,3000.00
[04:29:30.653],1.00,0.00,0.00,0.00,0.09,0.03,1.19,1.67,0.82,1.71,3000.00
[04:29:30.729],1.00,0.00,0.00,0.00,-0.04,-0.06,1.25,3.84,0.87,1.39,3000.00
[04:29:30.729],1.00,0.00,0.00,0.00,-0.04,-0.06,1.25,3.84,0.87,1.39,3000.00
[04:29:30.729],1.00,0.00,0.00,0.00,-0.04,-0.06,1.25,3.84,0.87,1.39,3000.00
[04:29:30.729],1.00,0.00,0.00,0.00,-0.05,0.15,1.17,-0.23,0.62,1.58,3000.00
[04:29:30.813],1.00,0.00,0.00,0.00,-0.05,0.15,1.17,-0.23,0.62,1.58,3000.00
[04:29:30.813],1.00,0.00,0.00,0.00,-0.05,0.15,1.17,-0.23,0.62,1.58,3000.00
[04:29:30.814],1.00,0.00,0.00,0.00,-0.19,-0.24,0.92,-5.52,0.54,1.20,3000.00
[04:29:30.814],1.00,0.00,0.00,0.00,-0.19,-0.24,0.92,-5.52,0.54,1.20,3000.00
[04:29:30.814],1.00,0.00,0.00,0.00,-0.19,-0.24,0.92,-5.52,0.54,1.20,3000.00
[04:29:30.896],1.00,0.00,0.00,0.00,0.01,-0.33,1.31,8.98,0.71,1.28,3000.00
[04:29:30.896],1.00,0.00,0.00,0.00,0.01,-0.33,1.31,8.98,0.71,1.28,3000.00
[04:29:30.896],1.00,0.00,0.00,0.00,0.01,-0.33,1.31,8.98,0.71,1.28,3000.00
[04:29:30.896],1.00,0.00,0.00,0.00,-0.18,0.11,0.93,-2.21,1.16,1.57,3000.00
[04:29:30.983],1.00,0.00,0.00,0.00,-0.18,0.11,0.93,-2.21,1.16,1.57,3000.00
[04:29:30.983],1.00,0.00,0.00,0.00,-0.18,0.11,0.93,-2.21,1.16,1.57,3000.00
[04:29:31.003],1.00,0.00,0.00,0.00,-0.13,-0.03,1.08,-4.62,0.62,1.11,3000.00
[04:29:31.003],1.00,0.00,0.00,0.00,-0.13,-0.03,1.08,-4.62,0.62,1.11,3000.00
[04:29:31.091],1.00,0.00,0.00,0.00,-0.13,-0.03,1.08,-4.62,0.62,1.11,3000.00
[04:29:31.091],1.00,0.00,0.00,0.00,0.08,-0.36,0.99,3.96,0.80,1.28,3000.00
[04:29:31.091],1.00,-1.00,0.00,0.00,0.08,-0.36,0.99,3.96,0.80,1.28,3000.00
[04:29:31.092],1.00,-1.00,0.00,0.00,0.08,-0.36,0.99,3.96,0.80,1.28,3000.00
[04:29:31.177],1.00,-1.00,0.00,0.00,-0.19,0.24,0.87,6.59,0.59,1.74,3000.00
[04:29:31.177],1.00,-1.00,0.00,0.00,-0.19,0.24,0.87,6.59,0.59,1.74,3000.00
[04:29:31.178],1.00,-1.00,0.00,0.00,-0.19,0.24,0.87,6.59,0.59,1.74,3000.00
[04:29:31.178],1.00,-1.00,0.00,0.00,-0.16,0.14,0.91,-10.25,0.65,1.40,3000.00
[04:29:31.266],1.00,-1.00,0.00,0.00,-0.16,0.14,0.91,-10.25,0.65,1.40,3000.00
[04:29:31.267],1.00,-1.00,0.00,0.00,-0.16,0.14,0.91,-10.25,0.65,1.40,3000.00
[04:29:31.267],1.00,-1.00,0.00,0.00,0.16,-0.27,0.80,1.42,0.79,1.49,3000.00
[04:29:31.267],1.00,-1.00,0.00,0.00,0.16,-0.27,0.80,1.42,0.79,1.49,3000.00
[04:29:31.347],1.00,-1.00,0.00,0.00,0.16,-0.27,0.80,1.42,0.79,1.49,3000.00
[04:29:31.347],1.00,-1.00,0.00,0.00,-0.04,0.01,1.42,3.76,0.87,1.40,3000.00
[04:29:31.348],1.00,-1.00,0.00,0.00,-0.04,0.01,1.42,3.76,0.87,1.40,3000.00
[04:29:31.348],1.00,-1.00,0.00,0.00,-0.04,0.01,1.42,3.76,0.87,1.40,3000.00
[04:29:31.348],1.00,-1.00,0.00,0.00,0.03,0.47,0.90,-0.07,0.94,1.32,3000.00
[04:29:31.430],1.00,-1.00,0.00,0.00,0.03,0.47,0.90,-0.07,0.94,1.32,3000.00
[04:29:31.450],1.00,-1.00,0.00,0.00,0.03,0.47,0.90,-0.07,0.94,1.32,3000.00
[04:29:31.450],1.00,-1.00,0.00,0.00,0.21,0.07,0.72,-4.41,3.85,10.00,3000.00
[04:29:31.451],1.00,-1.00,0.00,0.00,0.21,0.07,0.72,-4.41,3.85,10.00,3000.00
[04:29:31.540],1.00,-1.00,0.00,0.00,0.21,0.07,0.72,-4.41,3.85,10.00,3000.00
[04:29:31.540],1.00,0.00,0.00,0.00,0.58,-0.24,1.42,6.28,7.56,62.16,3000.00
[04:29:31.541],1.00,0.00,0.00,0.00,0.58,-0.24,1.42,6.28,7.56,62.16,3000.00
[04:29:31.541],1.00,0.00,0.00,0.00,0.58,-0.24,1.42,6.28,7.56,62.16,3000.00
[04:29:31.622],1.00,0.00,0.00,0.00,0.11,0.13,0.94,-3.15,-1.26,65.62,3000.00
[04:29:31.622],1.00,0.00,0.00,0.00,0.11,0.13,0.94,-3.15,-1.26,65.62,3000.00
[04:29:31.622],1.00,0.00,0.00,0.00,0.11,0.13,0.94,-3.15,-1.26,65.62,3000.00
[04:29:31.623],1.00,0.00,0.00,0.00,0.44,-0.31,1.16,2.64,8.53,82.35,3000.00
[04:29:31.710],1.00,0.00,0.00,0.00,0.44,-0.31,1.16,2.64,8.53,82.35,3000.00
[04:29:31.710],1.00,0.00,0.00,0.00,0.44,-0.31,1.16,2.64,8.53,82.35,3000.00
[04:29:31.710],1.00,0.00,0.00,0.00,0.04,0.09,0.79,3.02,0.01,79.26,3000.00
[04:29:31.710],1.00,0.00,0.00,0.00,0.04,0.09,0.79,3.02,0.01,79.26,3000.00
[04:29:31.789],1.00,0.00,0.00,0.00,0.04,0.09,0.79,3.02,0.01,79.26,3000.00
[04:29:31.789],1.00,0.00,0.00,0.00,-0.01,0.23,1.01,-0.37,-4.36,72.75,3000.00
[04:29:31.790],1.00,0.00,0.00,0.00,-0.01,0.23,1.01,-0.37,-4.36,72.75,3000.00
[04:29:31.790],1.00,0.00,0.00,0.00,-0.01,0.23,1.01,-0.37,-4.36,72.75,3000.00
[04:29:31.869],1.00,0.00,0.00,0.00,0.34,-0.68,0.95,3.03,8.55,85.96,3000.00
[04:29:31.888],1.00,0.00,0.00,0.00,0.34,-0.68,0.95,3.03,8.55,85.96,3000.00
[04:29:31.888],1.00,0.00,0.00,0.00,0.34,-0.68,0.95,3.03,8.55,85.96,3000.00
[04:29:31.888],1.00,0.00,0.00,0.00,-0.37,0.44,1.11,-2.33,-9.57,32.44,3000.00
[04:29:31.889],1.00,0.00,0.00,0.00,-0.37,0.44,1.11,-2.33,-9.57,32.44,3000.00
[04:29:31.976],1.00,1.00,0.00,0.00,-0.37,0.44,1.11,-2.33,-9.57,32.44,3000.00
[04:29:31.977],1.00,1.00,0.00,0.00,-0.40,-0.44,1.34,3.82,-6.42,10.92,3000.00
[04:29:31.977],1.00,1.00,0.00,0.00,-0.40,-0.44,1.34,3.82,-6.42,10.92,3000.00
[04:29:31.977],1.00,1.00,0.00,0.00,-0.40,-0.44,1.34,3.82,-6.42,10.92,3000.00
[04:29:32.060],1.00,1.00,0.00,0.00,0.00,-0.35,1.41,4.89,-2.47,4.38,3000.00
[04:29:32.060],1.00,1.00,0.00,0.00,0.00,-0.35,1.41,4.89,-2.47,4.38,3000.00
[04:29:32.060],1.00,1.00,0.00,0.00,0.00,-0.35,1.41,4.89,-2.47,4.38,3000.00
[04:29:32.060],1.00,1.00,0.00,0.00,-0.10,-0.06,1.08,-7.26,5.57,2.98,3000.00
[04:29:32.144],1.00,1.00,0.00,0.00,-0.10,-0.06,1.08,-7.26,5.57,2.98,3000.00
[04:29:32.144],1.00,1.00,0.00,0.00,-0.10,-0.06,1.08,-7.26,5.57,2.98,3000.00
[04:29:32.145],1.00,1.00,0.00,0.00,-0.10,0.16,1.29,3.63,5.62,2.01,3000.00
[04:29:32.145],1.00,1.00,0.00,0.00,-0.10,0.16,1.29,3.63,5.62,2.01,3000.00
[04:29:32.228],1.00,1.00,0.00,0.00,-0.10,0.16,1.29,3.63,5.62,2.01,3000.00
[04:29:32.228],1.00,1.00,0.00,0.00,-0.07,0.22,0.84,-4.89,0.36,1.15,3000.00
[04:29:32.229],1.00,1.00,0.00,0.00,-0.07,0.22,0.84,-4.89,0.36,1.15,3000.00
[04:29:32.229],1.00,1.00,0.00,0.00,-0.07,0.22,0.84,-4.89,0.36,1.15,3000.00
[04:29:32.324],1.00,1.00,0.00,0.00,0.21,-0.34,1.02,4.63,-0.17,1.33,3000.00
[04:29:32.324],1.00,1.00,0.00,0.00,0.21,-0.34,1.02,4.63,-0.17,1.33,3000.00
[04:29:32.325],1.00,1.00,0.00,0.00,0.21,-0.34,1.02,4.63,-0.17,1.33,3000.00
[04:29:32.325],1.00,1.00,0.00,0.00,-0.64,0.11,1.20,4.52,-6.58,-46.04,3000.00
[04:29:32.402],1.00,1.00,0.00,0.00,-0.64,0.11,1.20,4.52,-6.58,-46.04,3000.00
[04:29:32.402],1.00,1.00,0.00,0.00,-0.64,0.11,1.20,4.52,-6.58,-46.04,3000.00
[04:29:32.402],1.00,1.00,0.00,0.00,-0.59,0.26,0.88,-6.79,6.14,-63.47,3000.00
[04:29:32.402],1.00,1.00,0.00,0.00,-0.59,0.26,0.88,-6.79,6.14,-63.47,3000.00
[04:29:32.402],1.00,1.00,0.00,0.00,-0.59,0.26,0.88,-6.79,6.14,-63.47,3000.00
[04:29:32.484],1.00,1.00,0.00,0.00,-0.44,-0.17,1.06,6.61,-5.24,-81.59,3000.00
[04:29:32.485],1.00,1.00,0.00,0.00,-0.44,-0.17,1.06,6.61,-5.24,-81.59,3000.00
[04:29:32.485],1.00,1.00,0.00,0.00,-0.44,-0.17,1.06,6.61,-5.24,-81.59,3000.00
[04:29:32.485],1.00,1.00,0.00,0.00,-0.22,0.19,0.89,-3.10,4.45,-73.70,3000.00
[04:29:32.565],1.00,1.00,0.00,0.00,-0.22,0.19,0.89,-3.10,4.45,-73.70,3000.00
[04:29:32.565],1.00,1.00,0.00,0.00,-0.22,0.19,0.89,-3.10,4.45,-73.70,3000.00
[04:29:32.565],1.00,1.00,0.00,0.00,-0.12,0.19,1.01,-4.79,5.53,-73.89,3000.00
[04:29:32.565],1.00,1.00,0.00,0.00,-0.12,0.19,1.01,-4.79,5.53,-73.89,3000.00
[04:29:32.648],1.00,1.00,0.00,0.00,-0.12,0.19,1.01,-4.79,5.53,-73.89,3000.00
[04:29:32.648],1.00,1.00,0.00,0.00,-0.32,-0.20,0.85,7.42,-8.25,-85.74,3000.00
[04:29:32.649],1.00,1.00,0.00,0.00,-0.32,-0.20,0.85,7.42,-8.25,-85.74,3000.00
[04:29:32.658],1.00,1.00,0.00,0.00,-0.32,-0.20,0.85,7.42,-8.25,-85.74,3000.00
[04:29:32.747],1.00,1.00,0.00,0.00,0.02,0.14,1.08,-2.97,5.34,-75.36,3000.00
[04:29:32.747],1.00,1.00,0.00,0.00,0.02,0.14,1.08,-2.97,5.34,-75.36,3000.00
[04:29:32.748],1.00,1.00,0.00,0.00,0.02,0.14,1.08,-2.97,5.34,-75.36,3000.00
[04:29:32.748],1.00,1.00,0.00,0.00,0.22,0.05,1.51,-4.96,5.61,-75.24,3000.00
[04:29:32.830],1.00,1.00,0.00,0.00,0.22,0.05,1.51,-4.96,5.61,-75.24,3000.00
[04:29:32.831],1.00,1.00,0.00,0.00,0.22,0.05,1.51,-4.96,5.61,-75.24,3000.00
[04:29:32.831],1.00,1.00,0.00,0.00,-0.17,-0.32,0.82,7.49,-8.34,-86.89,3000.00
[04:29:32.831],1.00,1.00,0.00,0.00,-0.17,-0.32,0.82,7.49,-8.34,-86.89,3000.00
[04:29:32.921],1.00,1.00,0.00,0.00,-0.17,-0.32,0.82,7.49,-8.34,-86.89,3000.00
[04:29:32.921],1.00,1.00,0.00,0.00,-0.23,0.32,0.95,-3.11,5.15,-76.73,3000.00
[04:29:32.921],1.00,1.00,0.00,0.00,-0.23,0.32,0.95,-3.11,5.15,-76.73,3000.00
[04:29:32.921],1.00,1.00,0.00,0.00,-0.23,0.32,0.95,-3.11,5.15,-76.73,3000.00
[04:29:32.921],1.00,1.00,0.00,0.00,-0.28,0.23,1.16,-4.92,5.47,-76.17,3000.00
[04:29:33.003],1.00,1.00,0.00,0.00,-0.28,0.23,1.16,-4.92,5.47,-76.17,3000.00
[04:29:33.003],1.00,1.00,0.00,0.00,-0.28,0.23,1.16,-4.92,5.47,-76.17,3000.00
[04:29:33.003],1.00,1.00,0.00,0.00,-0.40,-0.17,1.08,3.10,-6.37,-84.17,3000.00
[04:29:33.003],1.00,1.00,0.00,0.00,-0.40,-0.17,1.08,3.10,-6.37,-84.17,3000.00
[04:29:33.086],1.00,1.00,0.00,0.00,-0.40,-0.17,1.08,3.10,-6.37,-84.17,3000.00
[04:29:33.087],1.00,1.00,0.00,0.00,0.27,0.22,1.19,4.66,0.13,-80.69,3000.00
[04:29:33.097],1.00,1.00,0.00,0.00,0.27,0.22,1.19,4.66,0.13,-80.69,3000.00
[04:29:33.097],1.00,1.00,0.00,0.00,0.27,0.22,1.19,4.66,0.13,-80.69,3000.00
[04:29:33.180],1.00,1.00,0.00,0.00,0.10,-0.07,0.87,-6.69,9.79,-77.77,3000.00
[04:29:33.181],1.00,1.00,0.00,0.00,0.10,-0.07,0.87,-6.69,9.79,-77.77,3000.00
[04:29:33.181],1.00,1.00,0.00,0.00,0.10,-0.07,0.87,-6.69,9.79,-77.77,3000.00
[04:29:33.181],1.00,1.00,0.00,0.00,-0.15,-0.07,1.38,1.79,-4.43,-84.91,3000.00
[04:29:33.268],1.00,1.00,0.00,0.00,-0.15,-0.07,1.38,1.79,-4.43,-84.91,3000.00
[04:29:33.269],1.00,1.00,0.00,0.00,-0.15,-0.07,1.38,1.79,-4.43,-84.91,3000.00
[04:29:33.269],1.00,1.00,0.00,0.00,-0.34,0.17,1.20,4.65,-0.55,-81.91,3000.00
[04:29:33.269],1.00,1.00,0.00,0.00,-0.34,0.17,1.20,4.65,-0.55,-81.91,3000.00
[04:29:33.346],1.00,1.00,0.00,0.00,-0.34,0.17,1.20,4.65,-0.55,-81.91,2960.00
[04:29:33.346],1.00,1.00,0.00,0.00,-0.48,0.13,0.93,-0.94,3.50,-73.33,2960.00
[04:29:33.346],1.00,1.00,0.00,0.00,-0.48,0.13,0.93,-0.94,3.50,-73.33,2960.00
[04:29:33.346],1.00,1.00,0.00,0.00,-0.48,0.13,0.93,-0.94,3.50,-73.33,2960.00
[04:29:33.421],1.00,1.00,0.00,0.00,0.23,-0.15,1.19,2.88,-6.16,-87.00,2960.00
[04:29:33.421],1.00,1.00,0.00,0.00,0.23,-0.15,1.19,2.88,-6.16,-87.00,2960.00
[04:29:33.421],1.00,1.00,0.00,0.00,0.23,-0.15,1.19,2.88,-6.16,-87.00,2351.00
[04:29:33.421],1.00,1.00,0.00,0.00,-0.18,0.15,1.16,2.70,1.59,-82.36,2351.00
[04:29:33.422],1.00,1.00,0.00,0.00,-0.18,0.15,1.16,2.70,1.59,-82.36,2351.00
[04:29:33.498],1.00,1.00,0.00,0.00,-0.18,0.15,1.16,2.70,1.59,-82.36,2351.00
[04:29:33.508],1.00,1.00,0.00,0.00,0.27,0.10,1.07,-0.63,5.34,-74.75,2351.00
[04:29:33.508],1.00,1.00,0.00,0.00,0.27,0.10,1.07,-0.63,5.34,-74.75,1891.00
[04:29:33.509],1.00,1.00,0.00,0.00,0.27,0.10,1.07,-0.63,5.34,-74.75,1891.00
[04:29:33.587],1.00,1.00,0.00,0.00,-0.26,-0.24,1.01,3.05,-7.35,-88.21,1891.00
[04:29:33.588],1.00,1.00,0.00,0.00,-0.26,-0.24,1.01,3.05,-7.35,-88.21,1891.00
[04:29:33.588],1.00,1.00,0.00,0.00,-0.26,-0.24,1.01,3.05,-7.35,-88.21,1891.00
[04:29:33.588],1.00,1.00,0.00,0.00,-0.10,0.22,0.97,2.64,1.22,-83.59,1891.00
[04:29:33.661],1.00,1.00,0.00,0.00,-0.10,0.22,0.97,2.64,1.22,-83.59,1657.00
[04:29:33.661],1.00,1.00,0.00,0.00,-0.10,0.22,0.97,2.64,1.22,-83.59,1657.00
[04:29:33.661],1.00,1.00,0.00,0.00,-0.01,0.16,1.08,-0.70,5.48,-75.58,1657.00
[04:29:33.661],1.00,1.00,0.00,0.00,-0.01,0.16,1.08,-0.70,5.48,-75.58,1657.00
[04:29:33.731],1.00,1.00,0.00,0.00,-0.01,0.16,1.08,-0.70,5.48,-75.58,1657.00
[04:29:33.731],1.00,1.00,0.00,0.00,-0.43,-0.12,1.13,-4.39,4.83,-74.78,1657.00
[04:29:33.731],1.00,1.00,0.00,0.00,-0.43,-0.12,1.13,-4.39,4.83,-74.78,1475.00
[04:29:33.732],1.00,1.00,0.00,0.00,-0.43,-0.12,1.13,-4.39,4.83,-74.78,1475.00
[04:29:33.801],1.00,1.00,0.00,0.00,-0.27,-0.39,1.20,6.89,-7.47,-85.97,1475.00
[04:29:33.801],1.00,1.00,0.00,0.00,-0.27,-0.39,1.20,6.89,-7.47,-85.97,1475.00
[04:29:33.801],1.00,1.00,0.00,0.00,-0.27,-0.39,1.20,6.89,-7.47,-85.97,1475.00
[04:29:33.801],1.00,1.00,0.00,0.00,0.02,0.26,1.01,-3.01,4.81,-75.93,1475.00
[04:29:33.866],1.00,1.00,0.00,0.00,0.02,0.26,1.01,-3.01,4.81,-75.93,1420.00
[04:29:33.889],1.00,1.00,0.00,0.00,0.02,0.26,1.01,-3.01,4.81,-75.93,1420.00
[04:29:33.889],1.00,1.00,0.00,0.00,-0.20,0.20,1.04,-4.78,5.50,-75.95,1420.00
[04:29:33.890],1.00,1.00,0.00,0.00,-0.20,0.20,1.04,-4.78,5.50,-75.95,1420.00
[04:29:33.890],1.00,1.00,0.00,0.00,-0.20,0.20,1.04,-4.78,5.50,-75.95,1420.00
[04:29:33.968],1.00,0.00,0.00,0.00,-0.33,-0.29,0.89,3.34,-5.96,-84.04,1538.00
[04:29:33.968],1.00,0.00,0.00,0.00,-0.33,-0.29,0.89,3.34,-5.96,-84.04,1538.00
[04:29:33.969],1.00,0.00,0.00,0.00,-0.33,-0.29,0.89,3.34,-5.96,-84.04,1538.00
[04:29:33.969],1.00,0.00,0.00,0.00,-0.22,0.18,0.98,4.38,-0.30,-80.35,1538.00
[04:29:34.045],1.00,0.00,0.00,0.00,-0.22,0.18,0.98,4.38,-0.30,-80.35,1538.00
[04:29:34.046],1.00,0.00,0.00,0.00,-0.22,0.18,0.98,4.38,-0.30,-80.35,1538.00
[04:29:34.046],1.00,0.00,0.00,0.00,-0.18,-0.15,0.91,-6.80,9.72,-77.69,1585.00
[04:29:34.046],1.00,0.00,0.00,0.00,-0.18,-0.15,0.91,-6.80,9.72,-77.69,1585.00
[04:29:34.120],1.00,0.00,0.00,0.00,-0.18,-0.15,0.91,-6.80,9.72,-77.69,1585.00
[04:29:34.120],1.00,0.00,0.00,0.00,-0.62,-0.10,1.11,1.73,-4.58,-84.62,1585.00
[04:29:34.120],1.00,0.00,0.00,0.00,-0.62,-0.10,1.11,1.73,-4.58,-84.62,1585.00
[04:29:34.121],1.00,0.00,0.00,0.00,-0.62,-0.10,1.11,1.73,-4.58,-84.62,1585.00
[04:29:34.186],1.00,0.00,0.00,0.00,-0.07,-0.01,0.91,4.69,-0.26,-81.28,1427.00
[04:29:34.186],1.00,0.00,0.00,0.00,-0.07,-0.01,0.91,4.69,-0.26,-81.28,1427.00
[04:29:34.186],1.00,0.00,0.00,0.00,-0.07,-0.01,0.91,4.69,-0.26,-81.28,1427.00
[04:29:34.186],1.00,0.00,0.00,0.00,0.12,-0.04,0.94,-6.84,9.59,-78.38,1427.00
[04:29:34.285],1.00,0.00,0.00,0.00,0.12,-0.04,0.94,-6.84,9.59,-78.38,1427.00
[04:29:34.286],1.00,0.00,0.00,0.00,0.12,-0.04,0.94,-6.84,9.59,-78.38,1427.00
[04:29:34.286],1.00,0.00,0.00,0.00,0.12,-0.28,1.20,-0.08,7.90,-36.71,1713.00
[04:29:34.286],1.00,0.00,0.00,0.00,0.12,-0.28,1.20,-0.08,7.90,-36.71,1713.00
[04:29:34.358],1.00,1.00,0.00,0.00,0.12,-0.28,1.20,-0.08,7.90,-36.71,1713.00
[04:29:34.359],1.00,1.00,0.00,0.00,0.41,-0.01,0.99,5.91,5.53,-7.36,1713.00
[04:29:34.359],1.00,1.00,0.00,0.00,0.41,-0.01,0.99,5.91,5.53,-7.36,1713.00
[04:29:34.359],1.00,1.00,0.00,0.00,0.41,-0.01,0.99,5.91,5.53,-7.36,1828.00
[04:29:34.360],1.00,1.00,0.00,0.00,-0.05,0.27,0.67,-0.32,-2.81,-2.88,1828.00
[04:29:34.427],1.00,1.00,0.00,0.00,-0.05,0.27,0.67,-0.32,-2.81,-2.88,1828.00
[04:29:34.427],1.00,1.00,0.00,0.00,-0.05,0.27,0.67,-0.32,-2.81,-2.88,1828.00
[04:29:34.427],1.00,1.00,0.00,0.00,0.02,-0.37,1.06,4.41,-3.46,0.11,1828.00
[04:29:34.428],1.00,1.00,0.00,0.00,0.02,-0.37,1.06,4.41,-3.46,0.11,1828.00
[04:29:34.509],1.00,1.00,0.00,0.00,0.02,-0.37,1.06,4.41,-3.46,0.11,1696.00
[04:29:34.510],1.00,1.00,0.00,0.00,-0.18,0.14,0.99,3.10,-0.67,0.56,1696.00
[04:29:34.510],1.00,1.00,0.00,0.00,-0.18,0.14,0.99,3.10,-0.67,0.56,1696.00
[04:29:34.510],1.00,1.00,0.00,0.00,-0.18,0.14,0.99,3.10,-0.67,0.56,1696.00
[04:29:34.585],1.00,1.00,0.00,0.00,-0.14,0.11,1.07,-1.03,0.18,0.97,1696.00
[04:29:34.585],1.00,1.00,0.00,0.00,-0.14,0.11,1.07,-1.03,0.18,0.97,1696.00
[04:29:34.586],1.00,1.00,0.00,0.00,-0.14,0.11,1.07,-1.03,0.18,0.97,1709.00
[04:29:34.605],1.00,1.00,0.00,0.00,0.17,-0.11,0.86,-3.85,2.43,1.89,1709.00
[04:29:34.687],1.00,1.00,0.00,0.00,0.17,-0.11,0.86,-3.85,2.43,1.89,1709.00
[04:29:34.688],1.00,1.00,0.00,0.00,0.17,-0.11,0.86,-3.85,2.43,1.89,1709.00
[04:29:34.688],1.00,1.00,0.00,0.00,-0.56,-0.20,1.19,7.78,-9.87,-55.91,1709.00
[04:29:34.688],1.00,1.00,0.00,0.00,-0.56,-0.20,1.19,7.78,-9.87,-55.91,1709.00
[04:29:34.762],1.00,1.00,0.00,0.00,-0.56,-0.20,1.19,7.78,-9.87,-55.91,1781.00
[04:29:34.762],1.00,1.00,0.00,0.00,-0.38,0.47,1.00,-3.19,2.44,-63.65,1781.00
[04:29:34.762],1.00,1.00,0.00,0.00,-0.38,0.47,1.00,-3.19,2.44,-63.65,1781.00
[04:29:34.763],1.00,1.00,0.00,0.00,-0.38,0.47,1.00,-3.19,2.44,-63.65,1781.00
[04:29:34.837],1.00,1.00,0.00,0.00,-0.27,-0.25,1.34,2.12,-6.59,-83.03,1781.00
[04:29:34.837],1.00,1.00,0.00,0.00,-0.27,-0.25,1.34,2.12,-6.59,-83.03,1781.00
[04:29:34.837],1.00,1.00,0.00,0.00,-0.27,-0.25,1.34,2.12,-6.59,-83.03,2432.00
[04:29:34.838],1.00,1.00,0.00,0.00,-0.14,-0.16,0.93,2.26,1.29,-80.98,2432.00
[04:29:34.838],1.00,1.00,0.00,0.00,-0.14,-0.16,0.93,2.26,1.29,-80.98,2432.00
[04:29:34.911],1.00,1.00,0.00,0.00,-0.14,-0.16,0.93,2.26,1.29,-80.98,2432.00
[04:29:34.911],1.00,1.00,0.00,0.00,0.08,0.21,1.04,-1.32,3.23,-73.56,2432.00
[04:29:34.911],1.00,1.00,0.00,0.00,0.08,0.21,1.04,-1.32,3.23,-73.56,2432.00
[04:29:34.911],1.00,1.00,0.00,0.00,0.08,0.21,1.04,-1.32,3.23,-73.56,3000.00
[04:29:34.996],1.00,1.00,0.00,0.00,-0.46,-0.17,1.27,3.31,-7.29,-87.74,3000.00
[04:29:34.996],1.00,1.00,0.00,0.00,-0.46,-0.17,1.27,3.31,-7.29,-87.74,3000.00
[04:29:35.014],1.00,1.00,0.00,0.00,-0.46,-0.17,1.27,3.31,-7.29,-87.74,3000.00
[04:29:35.015],1.00,1.00,0.00,0.00,0.18,0.20,1.30,2.37,1.24,-82.67,3000.00
[04:29:35.100],1.00,1.00,0.00,0.00,0.18,0.20,1.30,2.37,1.24,-82.67,3000.00
[04:29:35.101],1.00,1.00,0.00,0.00,0.18,0.20,1.30,2.37,1.24,-82.67,3000.00
[04:29:35.101],1.00,0.00,0.00,0.00,0.03,0.48,0.68,-0.68,5.52,-75.14,3000.00
[04:29:35.101],1.00,0.00,0.00,0.00,0.03,0.48,0.68,-0.68,5.52,-75.14,3000.00
[04:29:35.182],1.00,0.00,0.00,0.00,0.03,0.48,0.68,-0.68,5.52,-75.14,3000.00
[04:29:35.183],1.00,0.00,0.00,0.00,-0.17,0.30,1.09,-4.15,5.08,-74.47,3000.00
[04:29:35.183],1.00,0.00,0.00,0.00,-0.17,0.30,1.09,-4.15,5.08,-74.47,3000.00
[04:29:35.183],1.00,0.00,0.00,0.00,-0.17,0.30,1.09,-4.15,5.08,-74.47,3000.00
[04:29:35.264],1.00,0.00,0.00,0.00,-0.36,-0.26,1.31,7.14,-7.39,-85.39,3000.00
[04:29:35.264],1.00,0.00,0.00,0.00,-0.36,-0.26,1.31,7.14,-7.39,-85.39,3000.00
[04:29:35.265],1.00,0.00,0.00,0.00,-0.36,-0.26,1.31,7.14,-7.39,-85.39,3000.00
[04:29:35.265],1.00,0.00,0.00,0.00,-0.02,0.16,0.67,-2.66,5.02,-75.67,3000.00
[04:29:35.347],1.00,0.00,0.00,0.00,-0.02,0.16,0.67,-2.66,5.02,-75.67,3000.00
[04:29:35.347],1.00,0.00,0.00,0.00,-0.02,0.16,0.67,-2.66,5.02,-75.67,3000.00
[04:29:35.347],1.00,0.00,0.00,0.00,-0.15,0.01,0.97,-4.84,5.46,-75.12,3000.00
[04:29:35.347],1.00,0.00,0.00,0.00,-0.15,0.01,0.97,-4.84,5.46,-75.12,3000.00
[04:29:35.347],1.00,0.00,0.00,0.00,-0.15,0.01,0.97,-4.84,5.46,-75.12,3000.00
[04:29:35.431],1.00,0.00,0.00,0.00,-0.20,-0.19,1.25,7.13,-8.50,-86.90,3000.00
[04:29:35.438],1.00,0.00,0.00,0.00,-0.20,-0.19,1.25,7.13,-8.50,-86.90,3000.00
[04:29:35.438],1.00,0.00,0.00,0.00,-0.20,-0.19,1.25,7.13,-8.50,-86.90,3000.00
[04:29:35.439],1.00,0.00,0.00,0.00,0.62,0.57,1.26,-8.37,11.71,-46.41,3000.00
[04:29:35.530],1.00,0.00,0.00,0.00,0.62,0.57,1.26,-8.37,11.71,-46.41,3000.00
[04:29:35.530],1.00,0.00,0.00,0.00,0.62,0.57,1.26,-8.37,11.71,-46.41,3000.00
[04:29:35.530],1.00,0.00,0.00,0.00,0.69,-0.20,1.43,7.61,8.57,-9.68,3000.00
[04:29:35.530],1.00,0.00,0.00,0.00,0.69,-0.20,1.43,7.61,8.57,-9.68,3000.00
[04:29:35.613],1.00,0.00,0.00,0.00,0.69,-0.20,1.43,7.61,8.57,-9.68,3000.00
[04:29:35.613],1.00,0.00,0.00,0.00,-0.01,0.40,0.85,-0.63,-1.48,-3.88,3000.00
[04:29:35.614],1.00,0.00,0.00,0.00,-0.01,0.40,0.85,-0.63,-1.48,-3.88,3000.00
[04:29:35.614],1.00,0.00,0.00,0.00,-0.01,0.40,0.85,-0.63,-1.48,-3.88,3000.00
[04:29:35.696],1.00,0.00,0.00,0.00,0.08,-0.10,1.09,-4.83,-2.23,-1.20,3000.00
[04:29:35.696],1.00,0.00,0.00,0.00,0.08,-0.10,1.09,-4.83,-2.23,-1.20,3000.00
[04:29:35.697],1.00,0.00,0.00,0.00,0.08,-0.10,1.09,-4.83,-2.23,-1.20,3000.00
[04:29:35.697],1.00,0.00,0.00,0.00,-0.06,-0.33,1.02,7.22,-2.06,0.05,3000.00
[04:29:35.780],1.00,0.00,0.00,0.00,-0.06,-0.33,1.02,7.22,-2.06,0.05,3000.00
[04:29:35.780],1.00,0.00,0.00,0.00,-0.06,-0.33,1.02,7.22,-2.06,0.05,3000.00
[04:29:35.780],1.00,0.00,0.00,0.00,0.02,0.06,0.98,-2.29,1.75,0.72,3000.00
[04:29:35.781],1.00,0.00,0.00,0.00,0.02,0.06,0.98,-2.29,1.75,0.72,3000.00
[04:29:35.859],1.00,0.00,0.00,0.00,0.02,0.06,0.98,-2.29,1.75,0.72,3000.00
[04:29:35.866],1.00,0.00,0.00,0.00,0.19,-0.23,1.19,-4.96,1.97,1.76,3000.00
[04:29:35.866],1.00,0.00,0.00,0.00,0.19,-0.23,1.19,-4.96,1.97,1.76,3000.00
[04:29:35.867],1.00,0.00,0.00,0.00,0.19,-0.23,1.19,-4.96,1.97,1.76,3000.00
[04:29:35.867],1.00,0.00,0.00,0.00,0.19,-0.26,1.35,3.59,0.31,1.46,3000.00
[04:29:35.954],1.00,0.00,0.00,0.00,0.19,-0.26,1.35,3.59,0.31,1.46,3000.00
[04:29:35.954],1.00,0.00,0.00,0.00,0.19,-0.26,1.35,3.59,0.31,1.46,3000.00
[04:29:35.954],1.00,0.00,0.00,0.00,0.07,0.09,1.09,6.13,0.88,1.46,3000.00
[04:29:35.954],1.00,0.00,0.00,0.00,0.07,0.09,1.09,6.13,0.88,1.46,3000.00
[04:29:36.035],1.00,0.00,0.00,0.00,0.07,0.09,1.09,6.13,0.88,1.46,3000.00
[04:29:36.036],1.00,0.00,0.00,0.00,0.03,-0.21,0.85,-9.53,1.30,1.68,3000.00
[04:29:36.036],1.00,0.00,0.00,0.00,0.03,-0.21,0.85,-9.53,1.30,1.68,3000.00
[04:29:36.036],1.00,0.00,0.00,0.00,0.03,-0.21,0.85,-9.53,1.30,1.68,3000.00
[04:29:36.109],1.00,0.00,0.00,0.00,0.24,-0.19,1.29,1.62,0.87,1.63,3000.00
[04:29:36.109],1.00,0.00,0.00,0.00,0.24,-0.19,1.29,1.62,0.87,1.63,3000.00
[04:29:36.109],1.00,0.00,0.00,0.00,0.24,-0.19,1.29,1.62,0.87,1.63,3000.00
[04:29:36.109],1.00,0.00,0.00,0.00,0.05,0.20,0.92,4.10,0.61,1.42,3000.00
[04:29:36.182],1.00,0.00,0.00,0.00,0.05,0.20,0.92,4.10,0.61,1.42,3000.00
[04:29:36.183],1.00,0.00,0.00,0.00,0.05,0.20,0.92,4.10,0.61,1.42,3000.00
[04:29:36.183],1.00,0.00,0.00,0.00,0.06,0.36,1.07,0.12,0.92,1.25,3000.00
[04:29:36.183],1.00,0.00,0.00,0.00,0.06,0.36,1.07,0.12,0.92,1.25,3000.00
[04:29:36.286],1.00,0.00,0.00,0.00,0.06,0.36,1.07,0.12,0.92,1.25,3000.00
[04:29:36.287],1.00,0.00,0.00,0.00,-0.20,-0.43,0.97,5.73,0.57,1.47,3000.00
[04:29:36.287],1.00,0.00,0.00,0.00,-0.20,-0.43,0.97,5.73,0.57,1.47,3000.00
[04:29:36.287],1.00,0.00,0.00,0.00,-0.20,-0.43,0.97,5.73,0.57,1.47,3000.00
[04:29:36.354],1.00,-1.00,0.00,0.00,-0.02,0.55,0.99,-2.61,0.71,1.22,3000.00
[04:29:36.354],1.00,-1.00,0.00,0.00,-0.02,0.55,0.99,-2.61,0.71,1.22,3000.00
[04:29:36.354],1.00,-1.00,0.00,0.00,-0.02,0.55,0.99,-2.61,0.71,1.22,3000.00
[04:29:36.354],1.00,-1.00,0.00,0.00,-0.10,-0.24,1.02,4.68,0.63,1.36,3000.00
[04:29:36.354],1.00,-1.00,0.00,0.00,-0.10,-0.24,1.02,4.68,0.63,1.36,3000.00
[04:29:36.430],1.00,-1.00,0.00,0.00,-0.10,-0.24,1.02,4.68,0.63,1.36,3000.00
[04:29:36.430],1.00,-1.00,0.00,0.00,0.02,0.30,0.85,5.32,0.55,1.51,3000.00
[04:29:36.430],1.00,-1.00,0.00,0.00,0.02,0.30,0.85,5.32,0.55,1.51,3000.00
[04:29:36.430],1.00,-1.00,0.00,0.00,0.02,0.30,0.85,5.32,0.55,1.51,3000.00
[04:29:36.506],1.00,-1.00,0.00,0.00,0.04,0.39,0.81,-2.06,0.88,1.08,3000.00
[04:29:36.507],1.00,-1.00,0.00,0.00,0.04,0.39,0.81,-2.06,0.88,1.08,3000.00
[04:29:36.507],1.00,-1.00,0.00,0.00,0.04,0.39,0.81,-2.06,0.88,1.08,3000.00
[04:29:36.507],1.00,-1.00,0.00,0.00,0.11,-0.61,0.71,2.47,0.74,1.42,3000.00
[04:29:36.574],1.00,-1.00,0.00,0.00,0.11,-0.61,0.71,2.47,0.74,1.42,3000.00
[04:29:36.574],1.00,-1.00,0.00,0.00,0.11,-0.61,0.71,2.47,0.74,1.42,3000.00
[04:29:36.574],1.00,-1.00,0.00,0.00,-0.05,-0.10,1.09,2.01,0.81,0.98,3000.00
[04:29:36.596],1.00,-1.00,0.00,0.00,-0.05,-0.10,1.09,2.01,0.81,0.98,3000.00
[04:29:36.675],1.00,-1.00,0.00,0.00,-0.05,-0.10,1.09,2.01,0.81,0.98,3000.00
[04:29:36.675],1.00,-1.00,0.00,0.00,0.63,0.40,0.97,-0.32,6.28,27.18,3000.00
[04:29:36.675],1.00,-1.00,0.00,0.00,0.63,0.40,0.97,-0.32,6.28,27.18,3000.00
[04:29:36.675],0.00,-1.00,0.00,0.00,0.63,0.40,0.97,-0.32,6.28,27.18,3000.00
[04:29:36.740],0.00,-1.00,0.00,0.00,0.74,-0.37,1.02,3.30,5.56,67.95,3000.00
[04:29:36.740],0.00,-1.00,0.00,0.00,0.74,-0.37,1.02,3.30,5.56,67.95,3000.00
[04:29:36.740],0.00,-1.00,0.00,0.00,0.74,-0.37,1.02,3.30,5.56,67.95,3000.00
[04:29:36.741],0.00,-1.00,0.00,0.00,0.08,0.59,1.07,-6.64,-4.64,55.41,3000.00
[04:29:36.814],0.00,-1.00,0.00,0.00,0.08,0.59,1.07,-6.64,-4.64,55.41,3000.00
[04:29:36.815],0.00,-1.00,0.00,0.00,0.08,0.59,1.07,-6.64,-4.64,55.41,3000.00
[04:29:36.815],0.00,-1.00,0.00,0.00,0.02,0.48,0.94,0.60,-3.41,45.39,3000.00
[04:29:36.815],0.00,-1.00,0.00,0.00,0.02,0.48,0.94,0.60,-3.41,45.39,3000.00
[04:29:36.815],0.00,-1.00,0.00,0.00,0.02,0.48,0.94,0.60,-3.41,45.39,3000.00
[04:29:36.903],0.00,-1.00,0.00,0.00,-0.09,0.46,1.03,-0.03,0.05,37.77,3000.00
[04:29:36.903],0.00,-1.00,0.00,0.00,-0.09,0.46,1.03,-0.03,0.05,37.77,3000.00
[04:29:36.903],0.00,-1.00,0.00,0.00,-0.09,0.46,1.03,-0.03,0.05,37.77,3000.00
[04:29:36.903],0.00,-1.00,0.00,0.00,0.04,0.40,1.03,1.49,0.24,31.37,3000.00
[04:29:36.976],0.00,-1.00,0.00,0.00,0.04,0.40,1.03,1.49,0.24,31.37,3000.00
[04:29:36.976],0.00,-1.00,0.00,0.00,0.04,0.40,1.03,1.49,0.24,31.37,3000.00
[04:29:36.983],0.00,-1.00,0.00,0.00,-0.13,0.23,0.98,1.56,0.39,25.71,3000.00
[04:29:36.983],0.00,-1.00,0.00,0.00,-0.13,0.23,0.98,1.56,0.39,25.71,3000.00
[04:29:37.068],0.00,-1.00,0.00,0.00,-0.13,0.23,0.98,1.56,0.39,25.71,3000.00
[04:29:37.068],0.00,-1.00,0.00,0.00,-0.11,0.22,1.06,1.66,0.62,21.41,3000.00
[04:29:37.068],0.00,-1.00,0.00,0.00,-0.11,0.22,1.06,1.66,0.62,21.41,3000.00
[04:29:37.069],0.00,-1.00,0.00,0.00,-0.11,0.22,1.06,1.66,0.62,21.41,3000.00
[04:29:37.137],0.00,-1.00,0.00,0.00,-0.03,0.20,1.03,1.11,2.75,18.09,3000.00
[04:29:37.137],0.00,-1.00,0.00,0.00,-0.03,0.20,1.03,1.11,2.75,18.09,3000.00
[04:29:37.138],0.00,-1.00,0.00,0.00,-0.03,0.20,1.03,1.11,2.75,18.09,3000.00
[04:29:37.138],0.00,-1.00,0.00,0.00,-0.07,0.18,1.04,1.35,2.53,14.63,3000.00
[04:29:37.205],0.00,-1.00,0.00,0.00,-0.07,0.18,1.04,1.35,2.53,14.63,3000.00
[04:29:37.205],0.00,-1.00,0.00,0.00,-0.07,0.18,1.04,1.35,2.53,14.63,3000.00
[04:29:37.205],0.00,-1.00,0.00,0.00,-0.03,0.16,1.06,2.01,-0.20,12.30,3000.00
[04:29:37.205],0.00,-1.00,0.00,0.00,-0.03,0.16,1.06,2.01,-0.20,12.30,3000.00
[04:29:37.280],0.00,-1.00,0.00,0.00,-0.03,0.16,1.06,2.01,-0.20,12.30,3000.00
[04:29:37.281],0.00,-1.00,0.00,0.00,-0.03,0.08,1.02,1.34,2.19,10.18,3000.00
[04:29:37.281],0.00,-1.00,0.00,0.00,-0.03,0.08,1.02,1.34,2.19,10.18,3000.00
[04:29:37.281],0.00,-1.00,0.00,0.00,-0.03,0.08,1.02,1.34,2.19,10.18,3000.00
[04:29:37.281],0.00,-1.00,0.00,0.00,-0.02,0.07,1.06,1.96,-0.18,8.41,3000.00
[04:29:37.359],0.00,-1.00,0.00,0.00,-0.02,0.07,1.06,1.96,-0.18,8.41,3000.00
[04:29:37.384],0.00,-1.00,0.00,0.00,-0.02,0.07,1.06,1.96,-0.18,8.41,3000.00
[04:29:37.385],0.00,-1.00,0.00,0.00,-0.03,0.08,1.05,0.45,0.24,7.02,3000.00
[04:29:37.385],0.00,-1.00,0.00,0.00,-0.03,0.08,1.05,0.45,0.24,7.02,3000.00
[04:29:37.455],0.00,-1.00,0.00,0.00,-0.03,0.08,1.05,0.45,0.24,7.02,3000.00
[04:29:37.455],1.00,-1.00,0.00,0.00,-0.03,0.04,1.07,2.95,3.42,6.27,3000.00
[04:29:37.455],1.00,-1.00,0.00,0.00,-0.03,0.04,1.07,2.95,3.42,6.27,3000.00
[04:29:37.455],1.00,-1.00,0.00,0.00,-0.03,0.04,1.07,2.95,3.42,6.27,3000.00
[04:29:37.518],1.00,-1.00,0.00,0.00,0.06,-0.15,1.07,7.95,3.31,9.97,3000.00
[04:29:37.519],1.00,-1.00,0.00,0.00,0.06,-0.15,1.07,7.95,3.31,9.97,3000.00
[04:29:37.519],1.00,-1.00,0.00,0.00,0.06,-0.15,1.07,7.95,3.31,9.97,3000.00
[04:29:37.519],1.00,-1.00,0.00,0.00,0.12,-0.56,0.84,0.38,1.49,22.93,3000.00
[04:29:37.591],1.00,-1.00,0.00,0.00,0.12,-0.56,0.84,0.38,1.49,22.93,3000.00
[04:29:37.592],1.00,-1.00,0.00,0.00,0.12,-0.56,0.84,0.38,1.49,22.93,3000.00
[04:29:37.592],1.00,-1.00,0.00,0.00,0.24,-0.44,1.06,3.44,1.67,35.26,3000.00
[04:29:37.592],1.00,-1.00,0.00,0.00,0.24,-0.44,1.06,3.44,1.67,35.26,3000.00
[04:29:37.669],1.00,-1.00,0.00,0.00,0.24,-0.44,1.06,3.44,1.67,35.26,3000.00
[04:29:37.669],1.00,-1.00,0.00,0.00,0.17,-0.45,1.02,2.13,0.84,48.11,3000.00
[04:29:37.669],1.00,-1.00,0.00,0.00,0.17,-0.45,1.02,2.13,0.84,48.11,3000.00
[04:29:37.669],1.00,-1.00,0.00,0.00,0.17,-0.45,1.02,2.13,0.84,48.11,3000.00
[04:29:37.736],1.00,-1.00,0.00,0.00,0.19,-0.49,1.01,1.90,1.45,60.88,3000.00
[04:29:37.743],1.00,-1.00,0.00,0.00,0.19,-0.49,1.01,1.90,1.45,60.88,3000.00
[04:29:37.744],1.00,-1.00,0.00,0.00,0.19,-0.49,1.01,1.90,1.45,60.88,3000.00
[04:29:37.744],1.00,-1.00,0.00,0.00,0.42,-0.55,1.11,1.38,2.18,73.18,3000.00
[04:29:37.744],1.00,-1.00,0.00,0.00,0.42,-0.55,1.11,1.38,2.18,73.18,3000.00
[04:29:37.822],1.00,-1.00,0.00,0.00,0.42,-0.55,1.11,1.38,2.18,73.18,3000.00
[04:29:37.822],1.00,-1.00,0.00,0.00,0.29,-0.06,1.20,-3.36,1.16,82.97,3000.00
[04:29:37.822],1.00,-1.00,0.00,0.00,0.29,-0.06,1.20,-3.36,1.16,82.97,3000.00
[04:29:37.822],1.00,-1.00,0.00,0.00,0.29,-0.06,1.20,-3.36,1.16,82.97,3000.00
[04:29:37.894],1.00,-1.00,0.00,0.00,-0.29,0.11,1.00,-0.16,4.12,78.23,3000.00
[04:29:37.895],1.00,-1.00,0.00,0.00,-0.29,0.11,1.00,-0.16,4.12,78.23,3000.00
[04:29:37.895],1.00,-1.00,0.00,0.00,-0.29,0.11,1.00,-0.16,4.12,78.23,3000.00
[04:29:37.895],1.00,-1.00,0.00,0.00,0.13,0.08,1.01,-9.18,-5.23,76.95,3000.00
[04:29:37.966],1.00,-1.00,0.00,0.00,0.13,0.08,1.01,-9.18,-5.23,76.95,3000.00
[04:29:37.967],1.00,-1.00,0.00,0.00,0.13,0.08,1.01,-9.18,-5.23,76.95,3000.00
[04:29:37.967],1.00,-1.00,0.00,0.00,0.12,-0.23,1.01,-0.13,4.45,82.68,3000.00
[04:29:37.967],1.00,-1.00,0.00,0.00,0.12,-0.23,1.01,-0.13,4.45,82.68,3000.00
[04:29:38.040],1.00,-1.00,0.00,0.00,0.12,-0.23,1.01,-0.13,4.45,82.68,3000.00
[04:29:38.041],1.00,-1.00,0.00,0.00,-0.08,0.47,0.88,3.54,1.21,79.97,2023.00
[04:29:38.041],1.00,-1.00,0.00,0.00,-0.08,0.47,0.88,3.54,1.21,79.97,2023.00
[04:29:38.041],1.00,-1.00,0.00,0.00,-0.08,0.47,0.88,3.54,1.21,79.97,2023.00
[04:29:38.143],1.00,-1.00,0.00,0.00,-0.11,0.35,0.77,-1.15,-1.55,72.30,2023.00
[04:29:38.144],1.00,-1.00,0.00,0.00,-0.11,0.35,0.77,-1.15,-1.55,72.30,2023.00
[04:29:38.144],1.00,-1.00,0.00,0.00,-0.11,0.35,0.77,-1.15,-1.55,72.30,2023.00
[04:29:38.144],1.00,-1.00,0.00,0.00,0.33,-0.34,0.75,2.83,7.93,85.29,1565.00
[04:29:38.225],0.00,0.00,0.00,0.00,0.33,-0.34,0.75,2.83,7.93,85.29,1565.00
[04:29:38.225],0.00,0.00,0.00,0.00,0.33,-0.34,0.75,2.83,7.93,85.29,1565.00
[04:29:38.225],0.00,0.00,0.00,0.00,-0.21,0.95,0.88,-6.33,-6.03,62.24,1565.00
[04:29:38.225],0.00,0.00,0.00,0.00,-0.21,0.95,0.88,-6.33,-6.03,62.24,1565.00
[04:29:38.225],0.00,0.00,0.00,0.00,-0.21,0.95,0.88,-6.33,-6.03,62.24,1565.00
[04:29:38.304],0.00,0.00,0.00,0.00,-0.26,0.79,1.07,-0.28,-1.28,48.66,1171.00
[04:29:38.304],0.00,0.00,0.00,0.00,-0.26,0.79,1.07,-0.28,-1.28,48.66,1171.00
[04:29:38.304],0.00,0.00,0.00,0.00,-0.26,0.79,1.07,-0.28,-1.28,48.66,1171.00
[04:29:38.304],0.00,0.00,0.00,0.00,-0.06,0.55,0.89,0.19,-0.32,39.41,1171.00
[04:29:38.373],0.00,0.00,0.00,0.00,-0.06,0.55,0.89,0.19,-0.32,39.41,1171.00
[04:29:38.374],0.00,0.00,0.00,0.00,-0.06,0.55,0.89,0.19,-0.32,39.41,1171.00
[04:29:38.374],0.00,0.00,0.00,0.00,-0.12,0.48,1.19,0.93,0.59,32.48,981.00
[04:29:38.374],0.00,0.00,0.00,0.00,-0.12,0.48,1.19,0.93,0.59,32.48,981.00
[04:29:38.453],0.00,0.00,0.00,0.00,-0.12,0.48,1.19,0.93,0.59,32.48,981.00
[04:29:38.453],0.00,0.00,0.00,0.00,0.00,0.38,0.94,1.45,0.63,26.75,981.00
[04:29:38.453],0.00,0.00,0.00,0.00,0.00,0.38,0.94,1.45,0.63,26.75,981.00
[04:29:38.460],0.00,0.00,0.00,0.00,0.00,0.38,0.94,1.45,0.63,26.75,981.00
[04:29:38.542],0.00,0.00,0.00,0.00,-0.15,0.23,1.05,0.51,0.07,12.89,1039.00
[04:29:38.542],0.00,0.00,0.00,0.00,-0.15,0.23,1.05,0.51,0.07,12.89,1039.00
[04:29:38.542],0.00,0.00,0.00,0.00,-0.15,0.23,1.05,0.51,0.07,12.89,1039.00
[04:29:38.543],0.00,0.00,0.00,0.00,-0.13,0.10,0.98,1.73,2.07,3.12,1039.00
[04:29:38.617],0.00,0.00,0.00,0.00,-0.13,0.10,0.98,1.73,2.07,3.12,1039.00
[04:29:38.618],0.00,0.00,0.00,0.00,-0.13,0.10,0.98,1.73,2.07,3.12,1078.00
[04:29:38.618],0.00,0.00,0.00,0.00,-0.02,0.14,1.01,1.20,2.63,1.99,1078.00
[04:29:38.618],0.00,0.00,0.00,0.00,-0.02,0.14,1.01,1.20,2.63,1.99,1078.00
[04:29:38.694],0.00,0.00,0.00,0.00,-0.02,0.14,1.01,1.20,2.63,1.99,1078.00
[04:29:38.695],0.00,0.00,0.00,0.00,-0.01,0.15,1.03,1.95,-0.39,1.45,1078.00
[04:29:38.695],0.00,0.00,0.00,0.00,-0.01,0.15,1.03,1.95,-0.39,1.45,1078.00
[04:29:38.695],0.00,0.00,0.00,0.00,-0.01,0.15,1.03,1.95,-0.39,1.45,1067.00
[04:29:38.695],0.00,0.00,0.00,0.00,-0.01,0.10,1.06,1.68,0.69,1.63,1067.00
[04:29:38.773],0.00,0.00,0.00,0.00,-0.01,0.10,1.06,1.68,0.69,1.63,1067.00
[04:29:38.774],0.00,0.00,0.00,0.00,-0.01,0.10,1.06,1.68,0.69,1.63,1067.00
[04:29:38.774],0.00,0.00,0.00,0.00,0.00,0.04,1.03,1.74,0.29,1.32,1067.00
[04:29:38.774],0.00,0.00,0.00,0.00,0.00,0.04,1.03,1.74,0.29,1.32,1067.00
[04:29:38.846],0.00,0.00,0.00,0.00,0.00,0.04,1.03,1.74,0.29,1.32,1011.00
[04:29:38.846],0.00,0.00,0.00,0.00,-0.02,0.05,1.04,0.71,0.52,1.26,1011.00
[04:29:38.859],0.00,0.00,0.00,0.00,-0.02,0.05,1.04,0.71,0.52,1.26,1011.00
[04:29:38.859],0.00,0.00,0.00,0.00,-0.02,0.05,1.04,0.71,0.52,1.26,1011.00
[04:29:38.938],0.00,0.00,0.00,0.00,0.01,0.05,1.06,3.67,0.54,1.35,1011.00
[04:29:38.940],0.00,0.00,0.00,0.00,0.01,0.05,1.06,3.67,0.54,1.35,1011.00
[04:29:38.940],0.00,0.00,0.00,0.00,0.01,0.05,1.06,3.67,0.54,1.35,1004.00
[04:29:38.940],0.00,0.00,0.00,0.00,-0.01,0.03,1.03,-0.08,1.02,1.53,1004.00
[04:29:39.014],0.00,0.00,0.00,0.00,-0.01,0.03,1.03,-0.08,1.02,1.53,1004.00
[04:29:39.015],0.00,0.00,0.00,0.00,-0.01,0.03,1.03,-0.08,1.02,1.53,1004.00
[04:29:39.015],0.00,0.00,0.00,0.00,0.00,0.03,1.05,1.38,0.71,1.50,1004.00
[04:29:39.015],0.00,0.00,0.00,0.00,0.00,0.03,1.05,1.38,0.71,1.50,1072.00
[04:29:39.094],0.00,0.00,0.00,0.00,0.00,0.03,1.05,1.38,0.71,1.50,1072.00
[04:29:39.095],0.00,0.00,0.00,0.00,0.00,0.03,1.08,0.08,0.27,1.22,1072.00
[04:29:39.095],0.00,0.00,0.00,0.00,0.00,0.03,1.08,0.08,0.27,1.22,1072.00
[04:29:39.095],0.00,0.00,0.00,0.00,0.00,0.03,1.08,0.08,0.27,1.22,1072.00
[04:29:39.176],0.00,0.00,0.00,0.00,0.01,0.03,1.05,1.58,0.87,1.55,1072.00
[04:29:39.176],0.00,0.00,0.00,0.00,0.01,0.03,1.05,1.58,0.87,1.55,1074.00
[04:29:39.176],0.00,0.00,0.00,0.00,0.01,0.03,1.05,1.58,0.87,1.55,1074.00
[04:29:39.177],0.00,0.00,0.00,0.00,0.00,0.02,1.02,-0.10,0.78,1.43,1074.00
[04:29:39.177],0.00,0.00,0.00,0.00,0.00,0.02,1.02,-0.10,0.78,1.43,1074.00
[04:29:39.259],0.00,0.00,0.00,0.00,0.00,0.02,1.02,-0.10,0.78,1.43,1074.00
[04:29:39.267],0.00,0.00,0.00,0.00,0.00,0.01,1.03,0.19,0.88,1.34,1022.00
[04:29:39.267],0.00,0.00,0.00,0.00,0.00,0.01,1.03,0.19,0.88,1.34,1022.00
[04:29:39.268],0.00,0.00,0.00,0.00,0.00,0.01,1.03,0.19,0.88,1.34,1022.00
[04:29:39.356],0.00,0.00,0.00,0.00,-0.01,0.00,1.03,1.48,0.69,1.32,1022.00
[04:29:39.356],0.00,0.00,0.00,0.00,-0.01,0.00,1.03,1.48,0.69,1.32,1022.00
[04:29:39.357],0.00,0.00,0.00,0.00,-0.01,0.00,1.03,1.48,0.69,1.32,1022.00
[04:29:39.357],0.00,0.00,0.00,0.00,0.01,0.02,1.04,1.63,0.79,1.56,1034.00
[04:29:39.439],0.00,0.00,0.00,0.00,0.01,0.02,1.04,1.63,0.79,1.56,1034.00
[04:29:39.439],0.00,0.00,0.00,0.00,0.01,0.02,1.04,1.63,0.79,1.56,1034.00
[04:29:39.439],0.00,0.00,0.00,0.00,0.00,0.01,1.04,1.55,0.78,1.57,1034.00
[04:29:39.439],0.00,0.00,0.00,0.00,0.00,0.01,1.04,1.55,0.78,1.57,1034.00
[04:29:39.511],0.00,0.00,0.00,0.00,0.00,0.01,1.04,1.55,0.78,1.57,1034.00
[04:29:39.511],0.00,0.00,0.00,0.00,0.00,0.01,1.05,1.77,0.85,1.35,981.00
[04:29:39.511],0.00,0.00,0.00,0.00,0.00,0.01,1.05,1.77,0.85,1.35,981.00
[04:29:39.512],0.00,0.00,0.00,0.00,0.00,0.01,1.05,1.77,0.85,1.35,981.00
[04:29:39.588],0.00,0.00,0.00,0.00,0.00,0.01,1.04,1.70,0.77,1.26,981.00
[04:29:39.588],0.00,0.00,0.00,0.00,0.00,0.01,1.04,1.70,0.77,1.26,981.00
[04:29:39.588],0.00,0.00,0.00,0.00,0.00,0.01,1.04,1.70,0.77,1.26,981.00
[04:29:39.588],0.00,0.00,0.00,0.00,0.00,0.02,1.04,1.60,1.00,1.58,1025.00
[04:29:39.668],0.00,0.00,0.00,0.00,0.00,0.02,1.04,1.60,1.00,1.58,1025.00
[04:29:39.676],0.00,0.00,0.00,0.00,0.00,0.02,1.04,1.60,1.00,1.58,1025.00
[04:29:39.676],0.00,0.00,0.00,0.00,0.01,0.02,1.04,1.73,0.52,1.59,1025.00
[04:29:39.676],0.00,0.00,0.00,0.00,0.01,0.02,1.04,1.73,0.52,1.59,1025.00
[04:29:39.676],0.00,0.00,0.00,0.00,0.01,0.02,1.04,1.73,0.52,1.59,1079.00
[04:29:39.762],0.00,0.00,0.00,0.00,0.00,0.00,1.04,1.65,0.78,1.42,1079.00
[04:29:39.762],0.00,0.00,0.00,0.00,0.00,0.00,1.04,1.65,0.78,1.42,1079.00
[04:29:39.762],0.00,0.00,0.00,0.00,0.00,0.00,1.04,1.65,0.78,1.42,1079.00
[04:29:39.762],0.00,0.00,0.00,0.00,0.00,0.00,1.05,1.84,0.61,1.58,1079.00
[04:29:39.840],0.00,0.00,0.00,0.00,0.00,0.00,1.05,1.84,0.61,1.58,1079.00
[04:29:39.840],0.00,0.00,0.00,0.00,0.00,0.00,1.05,1.84,0.61,1.58,1038.00
[04:29:39.840],0.00,0.00,0.00,0.00,0.00,0.00,1.04,1.52,0.64,1.54,1038.00
[04:29:39.841],0.00,0.00,0.00,0.00,0.00,0.00,1.04,1.52,0.64,1.54,1038.00
[04:29:39.913],0.00,0.00,0.00,0.00,0.00,0.00,1.04,1.52,0.64,1.54,1038.00
[04:29:39.913],0.00,0.00,0.00,0.00,-0.01,0.01,1.03,1.68,0.69,1.19,1038.00
[04:29:39.913],0.00,0.00,0.00,0.00,-0.01,0.01,1.03,1.68,0.69,1.19,1038.00
[04:29:39.913],0.00,0.00,0.00,0.00,-0.01,0.01,1.03,1.68,0.69,1.19,1086.00
[04:29:39.988],0.00,0.00,0.00,0.00,0.01,0.01,1.04,1.78,0.84,1.35,1086.00
[04:29:39.989],0.00,0.00,0.00,0.00,0.01,0.01,1.04,1.78,0.84,1.35,1086.00
[04:29:39.989],0.00,0.00,0.00,0.00,0.01,0.01,1.04,1.78,0.84,1.35,1086.00
[04:29:39.989],0.00,0.00,0.00,0.00,-0.01,-0.01,1.04,1.74,0.64,1.71,1086.00
[04:29:40.081],0.00,0.00,0.00,0.00,-0.01,-0.01,1.04,1.74,0.64,1.71,1086.00
[04:29:40.081],0.00,0.00,0.00,0.00,-0.01,-0.01,1.04,1.74,0.64,1.71,1055.00
[04:29:40.081],0.00,0.00,0.00,0.00,-0.01,0.00,1.04,1.96,0.66,1.67,1055.00
[04:29:40.081],0.00,0.00,0.00,0.00,-0.01,0.00,1.04,1.96,0.66,1.67,1055.00
[04:29:40.160],0.00,0.00,0.00,0.00,-0.01,0.00,1.04,1.96,0.66,1.67,1055.00
[04:29:40.160],0.00,0.00,0.00,0.00,0.01,0.01,1.03,1.73,0.58,1.28,1055.00
[04:29:40.160],0.00,0.00,0.00,0.00,0.01,0.01,1.03,1.73,0.58,1.28,1023.00
[04:29:40.160],0.00,0.00,0.00,0.00,0.01,0.01,1.03,1.73,0.58,1.28,1023.00
[04:29:40.160],0.00,0.00,0.00,0.00,0.00,0.01,1.03,1.50,0.72,1.35,1023.00
[04:29:40.240],0.00,0.00,0.00,0.00,0.00,0.01,1.03,1.50,0.72,1.35,1023.00
[04:29:40.241],0.00,0.00,0.00,0.00,0.00,0.01,1.03,1.50,0.72,1.35,1023.00
[04:29:40.241],0.00,0.00,0.00,0.00,0.00,0.00,1.03,1.72,0.68,1.54,1023.00
[04:29:40.241],0.00,0.00,0.00,0.00,0.00,0.00,1.03,1.72,0.68,1.54,1039.00
[04:29:40.312],0.00,0.00,0.00,0.00,0.00,0.00,1.03,1.72,0.68,1.54,1039.00
[04:29:40.312],0.00,0.00,0.00,0.00,-0.01,-0.01,1.04,1.79,0.77,1.27,1039.00
[04:29:40.312],0.00,0.00,0.00,0.00,-0.01,-0.01,1.04,1.79,0.77,1.27,1039.00
[04:29:40.312],0.00,0.00,0.00,0.00,-0.01,-0.01,1.04,1.79,0.77,1.27,1039.00
[04:29:40.387],0.00,0.00,0.00,0.00,0.00,-0.01,1.03,1.63,0.86,1.26,1039.00
[04:29:40.387],0.00,0.00,0.00,0.00,0.00,-0.01,1.03,1.63,0.86,1.26,1010.00
[04:29:40.387],0.00,0.00,0.00,0.00,0.00,-0.01,1.03,1.63,0.86,1.26,1010.00
[04:29:40.408],0.00,0.00,0.00,0.00,-0.01,0.00,1.04,1.57,0.86,1.54,1010.00
[04:29:40.493],0.00,0.00,0.00,0.00,-0.01,0.00,1.04,1.57,0.86,1.54,1010.00
[04:29:40.493],0.00,0.00,0.00,0.00,-0.01,0.00,1.04,1.57,0.86,1.54,1010.00
[04:29:40.494],0.00,0.00,0.00,0.00,0.01,0.00,1.04,1.37,0.57,1.46,1010.00
[04:29:40.494],0.00,0.00,0.00,0.00,0.01,0.00,1.04,1.37,0.57,1.46,1017.00
[04:29:40.571],0.00,0.00,0.00,0.00,0.01,0.00,1.04,1.37,0.57,1.46,1017.00
[04:29:40.572],0.00,0.00,0.00,0.00,0.00,0.00,1.03,1.63,0.86,1.17,1017.00
[04:29:40.572],0.00,0.00,0.00,0.00,0.00,0.00,1.03,1.63,0.86,1.17,1017.00
[04:29:40.572],0.00,0.00,0.00,0.00,0.00,0.00,1.03,1.63,0.86,1.17,1017.00
[04:29:40.653],0.00,0.00,0.00,0.00,0.01,0.00,1.04,1.70,0.71,1.50,1017.00
[04:29:40.653],0.00,0.00,0.00,0.00,0.01,0.00,1.04,1.70,0.71,1.50,1032.00
[04:29:40.654],0.00,0.00,0.00,0.00,0.01,0.00,1.04,1.70,0.71,1.50,1032.00
[04:29:40.654],0.00,0.00,0.00,0.00,0.00,0.00,1.04,1.72,0.69,1.33,1032.00
[04:29:40.654],0.00,0.00,0.00,0.00,0.00,0.00,1.04,1.72,0.69,1.33,1032.00
[04:29:40.734],0.00,0.00,0.00,0.00,0.00,0.00,1.04,1.72,0.69,1.33,1032.00
[04:29:40.735],0.00,0.00,0.00,0.00,0.00,0.01,1.04,1.64,0.85,1.31,1032.00
[04:29:40.735],0.00,0.00,0.00,0.00,0.00,0.01,1.04,1.64,0.85,1.31,1058.00
[04:29:40.735],0.00,0.00,0.00,0.00,0.00,0.01,1.04,1.64,0.85,1.31,1058.00
[04:29:40.812],0.00,0.00,0.00,0.00,0.00,0.00,1.04,1.49,0.84,1.69,1058.00
[04:29:40.812],0.00,0.00,0.00,0.00,0.00,0.00,1.04,1.49,0.84,1.69,1058.00
[04:29:40.845],0.00,0.00,0.00,0.00,0.00,0.00,1.04,1.49,0.84,1.69,1058.00
[04:29:40.846],0.00,0.00,0.00,0.00,0.01,-0.01,1.05,1.79,0.99,1.29,1058.00
[04:29:40.918],0.00,0.00,0.00,0.00,0.01,-0.01,1.05,1.79,0.99,1.29,1053.00
[04:29:40.918],0.00,0.00,0.00,0.00,0.01,-0.01,1.05,1.79,0.99,1.29,1053.00
[04:29:40.918],0.00,0.00,0.00,0.00,0.01,0.00,1.04,1.35,0.85,1.56,1053.00
[04:29:40.919],0.00,0.00,0.00,0.00,0.01,0.00,1.04,1.35,0.85,1.56,1053.00
[04:29:40.996],0.00,0.00,0.00,0.00,0.01,0.00,1.04,1.35,0.85,1.56,1053.00
[04:29:40.996],0.00,0.00,0.00,0.00,0.00,-0.01,1.04,1.54,0.83,1.57,1069.00
[04:29:40.996],0.00,0.00,0.00,0.00,0.00,-0.01,1.04,1.54,0.83,1.57,1069.00
[04:29:40.997],0.00,0.00,0.00,0.00,0.00,-0.01,1.04,1.54,0.83,1.57,1069.00
[04:29:41.072],0.00,0.00,0.00,0.00,0.01,0.01,1.05,1.74,0.53,1.41,1069.00
[04:29:41.072],0.00,0.00,0.00,0.00,0.01,0.01,1.05,1.74,0.53,1.41,1069.00
[04:29:41.072],0.00,0.00,0.00,0.00,0.01,0.01,1.05,1.74,0.53,1.41,1069.00
[04:29:41.072],0.00,0.00,0.00,0.00,0.00,0.01,1.04,1.57,0.53,1.34,986.00
[04:29:41.146],0.00,0.00,0.00,0.00,0.00,0.01,1.04,1.57,0.53,1.34,986.00
[04:29:41.146],0.00,0.00,0.00,0.00,0.00,0.01,1.04,1.57,0.53,1.34,986.00
[04:29:41.146],0.00,0.00,0.00,0.00,-0.01,0.00,1.04,1.41,0.65,1.26,986.00
[04:29:41.146],0.00,0.00,0.00,0.00,-0.01,0.00,1.04,1.41,0.65,1.26,986.00
[04:29:41.146],0.00,0.00,0.00,0.00,-0.01,0.00,1.04,1.41,0.65,1.26,986.00
[04:29:41.223],0.00,0.00,0.00,0.00,0.00,0.01,1.04,1.44,0.61,1.48,1036.00
